symbol,time_bin,polarity,polarity_3d,polarity_5d
AAPL,2023-01-02,0.0,0.0,0.0
AAPL,2023-01-03,1.0,0.5,0.3333333333333333
AAPL,2023-01-04,0.5,0.5,0.3888888888888889
AAPL,2023-01-05,0.0,0.25,0.2592592592592593
AAPL,2023-01-06,1.0,0.625,0.5061728395061729
AAPL,2023-01-07,0.3333333333333333,0.47916666666666663,0.44855967078189307
AAPL,2023-01-08,-1.0,-0.2604166666666667,-0.034293552812071235
AAPL,2023-01-09,0.75,0.24479166666666666,0.22713763145861918
AAPL,2023-01-10,0.5,0.3723958333333333,0.3180917543057461
AAPL,2023-01-11,0.6363636363636364,0.5043797348484849,0.4241823816583762
AAPL,2023-01-12,0.6,0.5521898674242425,0.4827882544389175
AAPL,2023-01-13,1.0,0.7760949337121212,0.655192169625945
AAPL,2023-01-14,1.0,0.8880474668560606,0.7701281130839633
AAPL,2023-01-16,1.0,0.9440237334280304,0.846752075389309
AAPL,2023-01-17,0.5555555555555556,0.749789644491793,0.7496865687780578
AAPL,2023-01-18,0.4666666666666667,0.6082281555792298,0.6553466014075942
AAPL,2023-01-19,0.3333333333333333,0.4707807444562816,0.5480088453828406
AAPL,2023-01-20,-0.3333333333333333,0.06872370556147414,0.25422811914411597
AAPL,2023-01-21,0.0,0.03436185278073707,0.169485412762744
AAPL,2023-01-22,0.0,0.017180926390368535,0.11299027517516269
AAPL,2023-01-23,0.3333333333333333,0.17525712986185094,0.18643796122788625
AAPL,2023-01-24,0.2,0.18762856493092547,0.19095864081859085
AAPL,2023-01-25,0.42857142857142855,0.308099996751177,0.2701629034028701
AAPL,2023-01-26,0.0,0.1540499983755885,0.18010860226858008
AAPL,2023-01-27,0.0,0.07702499918779425,0.12007240151238674
AAPL,2023-01-28,1.0,0.5385124995938971,0.4133816010082578
AAPL,2023-01-29,1.0,0.7692562497969486,0.6089210673388386
AAPL,2023-01-30,0.0,0.3846281248984743,0.4059473782258924
AAPL,2023-01-31,0.5,0.44231406244923716,0.4372982521505949
AAPL,2023-02-01,0.2,0.3211570312246186,0.3581988347670633
AAPL,2023-02-02,-0.2,0.060578515612309286,0.17213255651137557
AAPL,2023-02-03,0.09090909090909091,0.0757438032607001,0.14505806797728069
AAPL,2023-02-04,0.0,0.03787190163035005,0.09670537865152047
AAPL,2023-02-05,1.0,0.5189359508151751,0.3978035857676803
AAPL,2023-02-06,1.0,0.7594679754075875,0.5985357238451202
AAPL,2023-02-07,0.7142857142857143,0.736876844846651,0.637119053991985
AAPL,2023-02-08,1.0,0.8684384224233255,0.75807936932799
AAPL,2023-02-09,1.0,0.9342192112116627,0.8387195795519934
AAPL,2023-02-10,0.0,0.46710960560583137,0.5591463863679956
AAPL,2023-02-12,1.0,0.7335548028029157,0.7060975909119971
AAPL,2023-02-13,0.0,0.36677740140145787,0.4707317272746648
AAPL,2023-02-14,0.3333333333333333,0.3500553673673956,0.42493226262755435
AAPL,2023-02-15,0.0,0.1750276836836978,0.2832881750850363
AAPL,2023-02-16,0.0,0.0875138418418489,0.1888587833900242
AAPL,2023-02-17,1.0,0.5437569209209244,0.4592391889266828
AAPL,2023-02-18,-0.3333333333333333,0.10521179379379555,0.19504834817334413
AAPL,2023-02-19,1.0,0.5526058968968978,0.46336556544889607
AAPL,2023-02-20,1.0,0.7763029484484489,0.6422437102992641
AAPL,2023-02-21,-1.0,-0.11184852577577553,0.09482914019950946
AAPL,2023-02-22,0.0,-0.055924262887887766,0.06321942679967298
AAPL,2023-02-23,0.0,-0.027962131443943883,0.04214628453311532
AAPL,2023-02-24,0.0,-0.013981065721971941,0.028097523022076885
AAPL,2023-02-25,1.0,0.49300946713901406,0.35206501534805124
AAPL,2023-02-26,1.0,0.746504733569507,0.5680433435653675
AAPL,2023-02-27,0.0,0.3732523667847535,0.37869556237691165
AAPL,2023-02-28,1.0,0.6866261833923768,0.5857970415846078
AAPL,2023-03-01,1.0,0.8433130916961884,0.7238646943897385
AAPL,2023-03-02,0.5,0.6716565458480942,0.6492431295931591
AAPL,2023-03-03,0.42857142857142855,0.5501139872097613,0.575685895919249
AAPL,2023-03-04,0.0,0.2750569936048807,0.3837905972794994
AAPL,2023-03-05,1.0,0.6375284968024404,0.5891937315196663
AAPL,2023-03-06,-0.06666666666666667,0.28543091506788687,0.37057359879088864
AAPL,2023-03-07,0.75,0.5177154575339434,0.49704906586059244
AAPL,2023-03-08,0.42857142857142855,0.47314344305268596,0.4742231867642045
AAPL,2023-03-09,0.14285714285714285,0.3080002929549144,0.363767838795184
AAPL,2023-03-10,0.5,0.4040001464774572,0.40917855919678936
AAPL,2023-03-11,1.0,0.7020000732387286,0.6061190394645263
AAPL,2023-03-12,1.0,0.8510000366193643,0.7374126929763509
AAPL,2023-03-13,0.2,0.5255000183096822,0.5582751286509007
AAPL,2023-03-14,1.0,0.7627500091548411,0.7055167524339339
AAPL,2023-03-15,0.5,0.6313750045774206,0.6370111682892893
AAPL,2023-03-16,0.5,0.5656875022887102,0.5913407788595262
AAPL,2023-03-17,1.0,0.7828437511443551,0.7275605192396841
AAPL,2023-03-19,1.0,0.8914218755721776,0.8183736794931228
AAPL,2023-03-20,0.3333333333333333,0.6123776044527555,0.6566935641065264
AAPL,2023-03-21,0.42857142857142855,0.520474516512092,0.5806528522614938
AAPL,2023-03-22,0.0,0.260237258256046,0.38710190150766255
AAPL,2023-03-23,0.16666666666666666,0.21345196246135634,0.3136234898939973
AAPL,2023-03-24,0.25,0.23172598123067817,0.29241565992933155
AAPL,2023-03-25,0.0,0.11586299061533908,0.19494377328622106
AAPL,2023-03-26,0.0,0.05793149530766954,0.1299625155241474
AAPL,2023-03-27,1.0,0.5289657476538348,0.4199750103494316
AAPL,2023-03-28,0.6666666666666666,0.5978162071602506,0.5022055624551767
AAPL,2023-03-29,1.0,0.7989081035801253,0.6681370416367844
AAPL,2023-03-30,0.42857142857142855,0.613739766075777,0.5882818372816658
AAPL,2023-03-31,0.5555555555555556,0.5846476608156663,0.5773730767062958
AAPL,2023-04-01,1.0,0.7923238304078332,0.7182487178041972
AAPL,2023-04-02,1.0,0.8961619152039166,0.8121658118694648
AAPL,2023-04-03,-0.2,0.34808095760195834,0.47477720791297656
AAPL,2023-04-04,1.0,0.6740404788009792,0.6498514719419843
AAPL,2023-04-05,0.1111111111111111,0.3925757949560451,0.47027135166502665
AAPL,2023-04-06,1.0,0.6962878974780226,0.6468475677766844
AAPL,2023-04-07,1.0,0.8481439487390112,0.7645650451844563
AAPL,2023-04-08,1.0,0.9240719743695056,0.8430433634563043
AAPL,2023-04-09,1.0,0.9620359871847528,0.8953622423042029
AAPL,2023-04-10,1.0,0.9810179935923764,0.9302414948694686
AAPL,2023-04-11,0.75,0.8655089967961882,0.8701609965796459
AAPL,2023-04-12,0.3333333333333333,0.5994211650647607,0.6912184421642084
AAPL,2023-04-13,0.0,0.29971058253238037,0.46081229477613894
AAPL,2023-04-14,1.0,0.6498552912661901,0.6405415298507593
AAPL,2023-04-15,1.0,0.8249276456330951,0.7603610199005062
AAPL,2023-04-16,0.3333333333333333,0.5791304894832142,0.6180184577114486
AAPL,2023-04-17,0.38461538461538464,0.48187293704929945,0.540217433346094
AAPL,2023-04-18,0.45454545454545453,0.46820919579737696,0.5116601070792142
AAPL,2023-04-19,1.0,0.7341045978986884,0.6744400713861428
AAPL,2023-04-20,1.0,0.8670522989493442,0.7829600475907619
AAPL,2023-04-21,0.6,0.7335261494746721,0.7219733650605079
AAPL,2023-04-23,1.0,0.866763074737336,0.8146489100403387
AAPL,2023-04-24,0.5,0.683381537368668,0.7097659400268925
AAPL,2023-04-25,1.0,0.841690768684334,0.8065106266845951
AAPL,2023-04-26,0.2,0.520845384342167,0.6043404177897301
AAPL,2023-04-27,1.0,0.7604226921710835,0.7362269451931535
AAPL,2023-04-28,0.6,0.6802113460855417,0.6908179634621023
AAPL,2023-04-29,1.0,0.8401056730427708,0.7938786423080683
AAPL,2023-04-30,0.0,0.4200528365213854,0.5292524282053789
AAPL,2023-05-01,0.7142857142857143,0.5671692754035499,0.5909301902321574
AAPL,2023-05-02,0.6666666666666666,0.6169179710351083,0.6161756823769938
AAPL,2023-05-03,0.3333333333333333,0.47512565218422076,0.5218948993624404
AAPL,2023-05-04,0.0,0.23756282609211038,0.3479299329082936
AAPL,2023-05-05,0.0,0.11878141304605519,0.2319532886055291
AAPL,2023-05-06,-0.3333333333333333,-0.10727596014363906,0.043524414625908316
AAPL,2023-05-07,0.0,-0.05363798007181953,0.029016276417272214
AAPL,2023-05-08,0.5,0.22318100996409024,0.18601085094484812
AAPL,2023-05-09,0.42857142857142855,0.3258762192677594,0.26686437682037495
AAPL,2023-05-10,1.0,0.6629381096338797,0.51124291788025
AAPL,2023-05-11,0.5,0.5814690548169399,0.5074952785868334
AAPL,2023-05-12,0.3333333333333333,0.4574011940751366,0.44944129683566675
AAPL,2023-05-14,1.0,0.7287005970375683,0.6329608645571112
AAPL,2023-05-15,-1.0,-0.13564970148121586,0.08864057637140753
AAPL,2023-05-16,0.3333333333333333,0.09884181592605873,0.17020482869204948
AAPL,2023-05-17,0.6,0.3494209079630294,0.31346988579469964
AAPL,2023-05-18,0.5,0.4247104539815147,0.37564659052979976
AAPL,2023-05-19,-0.5,-0.037644773009242655,0.08376439368653321
AAPL,2023-05-20,1.0,0.4811776134953787,0.38917626245768877
AAPL,2023-05-22,1.0,0.7405888067476893,0.5927841749717925
AAPL,2023-05-23,0.5,0.6202944033738447,0.5618561166478617
AAPL,2023-05-24,-0.2,0.21014720168692233,0.3079040777652412
AAPL,2023-05-25,0.3333333333333333,0.2717402675101278,0.3163804962879386
AAPL,2023-05-26,-0.3333333333333333,-0.030796532911602753,0.09980921974751464
AAPL,2023-05-27,0.0,-0.015398266455801377,0.06653947983167643
AAPL,2023-05-28,1.0,0.49230086677209933,0.37769298655445094
AAPL,2023-05-29,0.0,0.24615043338604967,0.251795324369634
AAPL,2023-05-30,1.0,0.6230752166930248,0.5011968829130893
AAPL,2023-05-31,1.0,0.8115376083465125,0.6674645886087263
AAPL,2023-06-02,0.0,0.4057688041732562,0.44497639240581754
AAPL,2023-06-03,1.0,0.7028844020866281,0.6299842616038783
AAPL,2023-06-04,1.0,0.851442201043314,0.7533228410692523
AAPL,2023-06-05,0.4117647058823529,0.6316034534628334,0.6394701293402859
AAPL,2023-06-06,0.8181818181818182,0.7248926358223258,0.6990406922874633
AAPL,2023-06-07,0.5714285714285714,0.6481606036254486,0.6565033186678327
AAPL,2023-06-08,0.3333333333333333,0.4907469684793909,0.5487799902229996
AAPL,2023-06-09,1.0,0.7453734842396955,0.6991866601486665
AAPL,2023-06-10,0.0,0.37268674211984776,0.466124440099111
AAPL,2023-06-11,-0.3333333333333333,0.01967670439325722,0.19963851562162963
AAPL,2023-06-12,1.0,0.5098383521966287,0.4664256770810864
AAPL,2023-06-13,1.0,0.7549191760983143,0.6442837847207242
AAPL,2023-06-14,0.14285714285714285,0.44888815947772853,0.4771415707661972
AAPL,2023-06-15,0.5,0.47444407973886427,0.4847610471774648
AAPL,2023-06-16,1.0,0.7372220398694321,0.6565073647849765
AAPL,2023-06-17,1.0,0.8686110199347161,0.771004909856651
AAPL,2023-06-18,1.0,0.9343055099673581,0.8473366065711008
AAPL,2023-06-19,0.0,0.46715275498367903,0.5648910710474006
AAPL,2023-06-20,0.0,0.23357637749183952,0.37659404736493374
AAPL,2023-06-21,0.3333333333333333,0.2834548554125864,0.3621738093544003
AAPL,2023-06-22,1.0,0.6417274277062932,0.5747825395696002
AAPL,2023-06-23,0.75,0.6958637138531466,0.6331883597130669
AAPL,2023-06-24,0.3333333333333333,0.51459852359324,0.5332366842531557
AAPL,2023-06-25,0.0,0.25729926179662,0.3554911228354372
AAPL,2023-06-26,0.3333333333333333,0.2953162975649767,0.3481051930014026
AAPL,2023-06-27,0.5,0.39765814878248834,0.3987367953342684
AAPL,2023-06-28,0.42857142857142855,0.41311478867695844,0.4086816730799885
AAPL,2023-06-29,-0.2,0.10655739433847922,0.20578778205332568
AAPL,2023-06-30,-0.09090909090909091,0.007824151714694152,0.10688882439918683
AAPL,2023-07-01,1.0,0.5039120758573471,0.4045925495994579
AAPL,2023-07-02,0.3333333333333333,0.41862270459534023,0.38083947751074976
AAPL,2023-07-03,-0.2,0.10931135229767011,0.18722631834049988
AAPL,2023-07-04,0.3333333333333333,0.22132234281550173,0.23592865667144436
AAPL,2023-07-05,0.6666666666666666,0.44399450474108415,0.37950799333651847
AAPL,2023-07-06,1.0,0.721997252370542,0.5863386622243456
AAPL,2023-07-07,0.2,0.460998626185271,0.4575591081495638
AAPL,2023-07-08,1.0,0.7304993130926355,0.6383727387663759
AAPL,2023-07-09,1.0,0.8652496565463177,0.758915159177584
AAPL,2023-07-10,0.42857142857142855,0.6469105425588731,0.6488005823088656
AAPL,2023-07-11,-0.5,0.07345527127943657,0.2658670548725771
AAPL,2023-07-12,0.0,0.03672763563971829,0.17724470324838476
AAPL,2023-07-13,0.7142857142857143,0.3755066749627163,0.3562583735941613
AAPL,2023-07-14,1.0,0.6877533374813581,0.5708389157294409
AAPL,2023-07-15,0.0,0.34387666874067907,0.3805592771529606
AAPL,2023-07-16,0.0,0.17193833437033954,0.25370618476864043
AAPL,2023-07-17,-0.6666666666666666,-0.24736416614816353,-0.053084765709795236
AAPL,2023-07-18,-0.3333333333333333,-0.2903487497407484,-0.14650095491764126
AAPL,2023-07-19,0.3333333333333333,0.021492291796292445,0.013443807832683589
AAPL,2023-07-20,0.6,0.3107461458981462,0.20896253855512237
AAPL,2023-07-21,-1.0,-0.3446269270509269,-0.19402497429658505
AAPL,2023-07-22,-1.0,-0.6723134635254635,-0.46268331619772335
AAPL,2023-07-23,1.0,0.16384326823726825,0.024877789201517713
AAPL,2023-07-24,-0.2,-0.018078365881365882,-0.050081473865654855
AAPL,2023-07-25,-0.6,-0.30903918294068294,-0.2333876492437699
AAPL,2023-07-26,0.0,-0.15451959147034147,-0.15559176616251327
AAPL,2023-07-27,1.0,0.4227402042648293,0.22960548922499113
AAPL,2023-07-28,0.0,0.21137010213241464,0.1530703261499941
AAPL,2023-07-29,1.0,0.6056850510662073,0.4353802174333294
AAPL,2023-07-30,0.3333333333333333,0.4695091921997703,0.4013645893999974
AAPL,2023-07-31,0.6666666666666666,0.5680879294332184,0.48979861515555384
AAPL,2023-08-01,-0.25,0.1590439647166092,0.24319907677036925
AAPL,2023-08-02,0.2,0.1795219823583046,0.2287993845135795
AAPL,2023-08-03,0.1111111111111111,0.14531654673470784,0.18956996004609006
AAPL,2023-08-04,0.42857142857142855,0.28694398765306817,0.2692371162212029
AAPL,2023-08-05,0.0,0.14347199382653408,0.17949141081413528
AAPL,2023-08-06,1.0,0.571735996913267,0.4529942738760902
AAPL,2023-08-07,0.2,0.38586799845663355,0.36866284925072684
AAPL,2023-08-08,0.7777777777777778,0.5818228881172056,0.5050344920930772
AAPL,2023-08-09,0.0,0.2909114440586028,0.3366896613953848
AAPL,2023-08-10,-0.3333333333333333,-0.021210944637365253,0.1133486631524788
AAPL,2023-08-11,0.6,0.28939452768131735,0.27556577543498584
AAPL,2023-08-12,0.0,0.14469726384065867,0.18371051695665724
AAPL,2023-08-13,0.3333333333333333,0.239015298586996,0.23358478908221594
AAPL,2023-08-14,0.5,0.369507649293498,0.32238985938814396
AAPL,2023-08-15,1.0,0.684753824646749,0.5482599062587626
AAPL,2023-08-16,0.42857142857142855,0.5566626266090888,0.5083637470296514
AAPL,2023-08-17,0.5,0.5283313133045444,0.5055758313531009
AAPL,2023-08-18,0.2,0.3641656566522722,0.4037172209020673
AAPL,2023-08-19,-1.0,-0.3179171716738639,-0.06418851939862176
AAPL,2023-08-20,1.0,0.34104141416306805,0.29054098706758547
AAPL,2023-08-21,0.6,0.47052070708153404,0.39369399137839034
AAPL,2023-08-22,1.0,0.735260353540767,0.5957959942522603
AAPL,2023-08-23,0.3333333333333333,0.5342968434370502,0.508308440612618
AAPL,2023-08-24,1.0,0.7671484217185252,0.6722056270750787
AAPL,2023-08-25,1.0,0.8835742108592626,0.7814704180500525
AAPL,2023-08-26,-1.0,-0.05821289457036871,0.1876469453667017
AAPL,2023-08-27,1.0,0.47089355271481564,0.4584312969111345
AAPL,2023-08-28,0.3333333333333333,0.4021134430240745,0.41673197571853415
AAPL,2023-08-29,0.3333333333333333,0.36772338817870387,0.3889324282568006
AAPL,2023-08-30,0.4,0.38386169408935195,0.39262161883786706
AAPL,2023-08-31,0.2,0.291930847044676,0.32841441255857806
AAPL,2023-09-01,1.0,0.645965423522338,0.5522762750390521
AAPL,2023-09-02,1.0,0.822982711761169,0.7015175166927015
AAPL,2023-09-03,0.0,0.4114913558805845,0.467678344461801
AAPL,2023-09-04,0.3333333333333333,0.37241234460695893,0.42289667408564513
AAPL,2023-09-05,0.14285714285714285,0.25763474373205086,0.3295501636761444
AAPL,2023-09-06,1.0,0.6288173718660255,0.5530334424507629
AAPL,2023-09-07,1.0,0.8144086859330127,0.7020222949671753
AAPL,2023-09-08,0.3333333333333333,0.5738710096331731,0.5791259744225613
AAPL,2023-09-09,0.0,0.28693550481658653,0.38608398294837426
AAPL,2023-09-10,0.3333333333333333,0.3101344190749599,0.368500433076694
AAPL,2023-09-11,0.5,0.40506720953748,0.41233362205112933
AAPL,2023-09-12,0.6551724137931034,0.5301198116652917,0.49327988596512073
AAPL,2023-09-13,0.5789473684210527,0.5545335900431722,0.5218357134504313
AAPL,2023-09-14,0.2727272727272727,0.41363043138522243,0.43879956654271185
AAPL,2023-09-15,0.6363636363636364,0.5249970338744294,0.50465425648302
AAPL,2023-09-16,0.0,0.2624985169372147,0.33643617098868
AAPL,2023-09-17,1.0,0.6312492584686074,0.5576241139924534
AAPL,2023-09-18,0.09090909090909091,0.36107917468884915,0.4020524396313326
AAPL,2023-09-19,-0.3333333333333333,0.013872920677757916,0.15692384864311065
AAPL,2023-09-20,0.5,0.25693646033887896,0.27128256576207377
AAPL,2023-09-21,0.0,0.12846823016943948,0.18085504384138254
AAPL,2023-09-22,0.2,0.16423411508471975,0.18723669589425504
AAPL,2023-09-23,1.0,0.5821170575423599,0.4581577972628367
AAPL,2023-09-24,0.3333333333333333,0.4577251954378466,0.4165496426196689
AAPL,2023-09-25,0.3333333333333333,0.39552926438559,0.3888108728575571
AAPL,2023-09-26,0.42857142857142855,0.41205034647850924,0.40206439142884765
AAPL,2023-09-27,1.0,0.7060251732392546,0.6013762609525651
AAPL,2023-09-28,0.0,0.3530125866196273,0.4009175073017101
AAPL,2023-09-29,0.5,0.42650629330981366,0.43394500486780674
AAPL,2023-09-30,0.0,0.21325314665490683,0.2892966699118712
AAPL,2023-10-01,0.0,0.10662657332745341,0.19286444660791416
AAPL,2023-10-02,0.6666666666666666,0.38664661999706,0.35079851996083167
AAPL,2023-10-03,0.3333333333333333,0.35998997666519666,0.3449767910849989
AAPL,2023-10-04,0.6,0.47999498833259835,0.42998452738999926
AAPL,2023-10-05,0.6,0.5399974941662992,0.48665635159333287
AAPL,2023-10-06,1.0,0.7699987470831495,0.6577709010622219
AAPL,2023-10-07,1.0,0.8849993735415748,0.7718472673748147
AAPL,2023-10-08,1.0,0.9424996867707873,0.8478981782498765
AAPL,2023-10-09,0.0,0.47124984338539366,0.5652654521665844
AAPL,2023-10-10,0.3333333333333333,0.4022915883593635,0.4879547458888341
AAPL,2023-10-11,0.0,0.20114579417968176,0.3253031639258894
AAPL,2023-10-12,0.3333333333333333,0.26723956375650754,0.32797988706170406
AAPL,2023-10-13,0.0,0.13361978187825377,0.21865325804113606
AAPL,2023-10-14,1.0,0.5668098909391269,0.47910217202742406
AAPL,2023-10-15,1.0,0.7834049454695635,0.652734781351616
AAPL,2023-10-16,-0.2,0.2917024727347818,0.3684898542344107
AAPL,2023-10-17,1.0,0.645851236367391,0.5789932361562738
AAPL,2023-10-18,1.0,0.8229256181836955,0.7193288241041826
AAPL,2023-10-19,1.0,0.9114628090918477,0.8128858827361218
AAPL,2023-10-20,1.0,0.9557314045459239,0.8752572551574146
AAPL,2023-10-21,0.0,0.47786570227296193,0.5835048367716098
AAPL,2023-10-22,1.0,0.738932851136481,0.7223365578477399
AAPL,2023-10-23,0.2,0.4694664255682405,0.5482243718984933
AAPL,2023-10-24,1.0,0.7347332127841202,0.6988162479323289
AAPL,2023-10-25,0.2,0.46736660639206007,0.5325441652882194
AAPL,2023-10-26,-0.3333333333333333,0.06701663652936338,0.2439183324143685
AAPL,2023-10-27,0.0,0.03350831826468169,0.16261222160957903
AAPL,2023-10-28,1.0,0.5167541591323408,0.44174148107305267
AAPL,2023-10-29,-1.0,-0.2416229204338296,-0.03883901261796484
AAPL,2023-10-30,0.6666666666666666,0.2125218731164185,0.19632954714357898
AAPL,2023-10-31,0.2,0.20626093655820926,0.19755303142905267
AAPL,2023-11-01,0.42857142857142855,0.3174161825648189,0.27455916380984463
AAPL,2023-11-02,0.2,0.25870809128240946,0.2497061092065631
AAPL,2023-11-03,-0.14285714285714285,0.057925474212633304,0.11885169185199447
AAPL,2023-11-04,1.0,0.5289627371063167,0.4125677945679963
AAPL,2023-11-05,1.0,0.7644813685531584,0.6083785297119976
AAPL,2023-11-06,0.5555555555555556,0.660018462054357,0.5907708716598503
AAPL,2023-11-07,1.0,0.8300092310271785,0.7271805811065669
AAPL,2023-11-08,1.0,0.9150046155135892,0.818120387404378
AAPL,2023-11-09,0.0,0.4575023077567946,0.5454135916029187
AAPL,2023-11-10,1.0,0.7287511538783973,0.6969423944019458
AAPL,2023-11-11,0.3333333333333333,0.5310422436058653,0.5757393740457417
AAPL,2023-11-12,1.0,0.7655211218029326,0.7171595826971612
AAPL,2023-11-13,0.3333333333333333,0.549427227568133,0.5892174995758853
AAPL,2023-11-14,0.75,0.6497136137840664,0.6428116663839236
AAPL,2023-11-15,1.0,0.8248568068920332,0.7618744442559491
AAPL,2023-11-16,1.0,0.9124284034460166,0.8412496295039661
AAPL,2023-11-17,1.0,0.9562142017230083,0.8941664196693108
AAPL,2023-11-18,0.3333333333333333,0.6447737675281708,0.7072220575573184
AAPL,2023-11-19,1.0,0.8223868837640854,0.8048147050382123
AAPL,2023-11-20,0.0,0.4111934418820427,0.5365431366921416
AAPL,2023-11-21,1.0,0.7055967209410213,0.6910287577947611
AAPL,2023-11-22,0.0,0.35279836047051066,0.4606858385298408
AAPL,2023-11-23,-1.0,-0.32360081976474464,-0.026209440980106084
AAPL,2023-11-24,-0.75,-0.5368004098823723,-0.26747296065340403
AAPL,2023-11-26,1.0,0.23159979505881384,0.15501802623106395
AAPL,2023-11-27,-1.0,-0.3842001024705931,-0.229987982512624
AAPL,2023-11-28,0.2,-0.09210005123529655,-0.08665865500841602
AAPL,2023-11-29,0.7142857142857143,0.3110928315252089,0.18032280142296073
AAPL,2023-11-30,0.5,0.4055464157626044,0.28688186761530715
AAPL,2023-12-01,-0.3333333333333333,0.03610654121463555,0.08014346729909369
AAPL,2023-12-02,1.0,0.5180532706073178,0.3867623115327291
AAPL,2023-12-03,0.5,0.5090266353036589,0.42450820768848607
AAPL,2023-12-04,0.6666666666666666,0.5878466509851628,0.5052276940145463
AAPL,2023-12-05,0.0,0.2939233254925814,0.3368184626763642
AAPL,2023-12-06,-0.2,0.04696166274629068,0.15787897511757618
AAPL,2023-12-07,0.5,0.27348083137314533,0.27191931674505077
AAPL,2023-12-08,0.0,0.13674041568657266,0.18127954449670053
AAPL,2023-12-09,0.0,0.06837020784328633,0.12085302966446704
AAPL,2023-12-10,1.0,0.5341851039216432,0.41390201977631136
AAPL,2023-12-11,-0.3333333333333333,0.10042588529415494,0.16482356873976317
AAPL,2023-12-12,0.0,0.05021294264707747,0.10988237915984213
AAPL,2023-12-13,0.0,0.025106471323538736,0.07325491943989476
AAPL,2023-12-14,0.4,0.21255323566176937,0.1821699462932632
AAPL,2023-12-15,0.3333333333333333,0.27294328449755134,0.23255774197328657
AAPL,2023-12-16,0.0,0.13647164224877567,0.15503849464885774
AAPL,2023-12-17,1.0,0.5682358211243879,0.43669232976590516
AAPL,2023-12-18,0.14285714285714285,0.35554648199076533,0.33874726746298445
AAPL,2023-12-19,1.0,0.6777732409953827,0.5591648449753229
AAPL,2023-12-20,0.42857142857142855,0.5531723347834057,0.5156337061740248
AAPL,2023-12-21,-0.25,0.15158616739170283,0.26042247078268327
AAPL,2023-12-22,-0.2,-0.02420691630414859,0.1069483138551222
AAPL,2023-12-24,0.3333333333333333,0.15456320851459238,0.1824099870145259
AAPL,2023-12-25,1.0,0.5772816042572961,0.45493999134301727
AAPL,2023-12-26,1.0,0.7886408021286481,0.6366266608953448
AAPL,2023-12-27,1.0,0.894320401064324,0.7577511072635632
AAPL,2023-12-28,0.6,0.747160200532162,0.7051674048423755
AAPL,2023-12-29,-0.2,0.27358010026608104,0.4034449365615837
AAPL,2023-12-30,1.0,0.6367900501330406,0.6022966243743891
AAPL,2023-12-31,0.0,0.3183950250665203,0.40153108291625944
AAPL,2024-01-02,0.3333333333333333,0.32586417919992683,0.3787984997219508
AAPL,2024-01-03,0.8,0.5629320895999634,0.5191989998146339
AAPL,2024-01-04,0.6666666666666666,0.614799378133315,0.5683548887653115
AAPL,2024-01-05,0.2,0.40739968906665747,0.44556992584354105
AAPL,2024-01-06,0.0,0.20369984453332873,0.2970466172290274
AAPL,2024-01-07,1.0,0.6018499222666643,0.5313644114860183
AAPL,2024-01-08,0.7142857142857143,0.6580678182761893,0.592338179085917
AAPL,2024-01-09,-0.3333333333333333,0.162367242471428,0.28378100827950026
AAPL,2024-01-10,-0.3333333333333333,-0.08548304543095266,0.07807622774188909
AAPL,2024-01-11,0.3333333333333333,0.12392514395119034,0.16316192960570383
AAPL,2024-01-12,-0.3333333333333333,-0.10470409469107149,-0.002336491373975205
AAPL,2024-01-13,1.0,0.4476479526544643,0.33177567241734984
AAPL,2024-01-14,1.0,0.7238239763272322,0.5545171149448999
AAPL,2024-01-15,-0.3333333333333333,0.19524532149694943,0.2585669655188222
AAPL,2024-01-16,0.25,0.2226226607484747,0.25571131034588146
AAPL,2024-01-17,0.25,0.23631133037423735,0.25380754023058766
AAPL,2024-01-18,0.1111111111111111,0.17371122074267423,0.20624206385742883
AAPL,2024-01-19,0.6666666666666666,0.4201889437046704,0.3597169314605081
AAPL,2024-01-20,1.0,0.7100944718523352,0.573144620973672
AAPL,2024-01-21,1.0,0.8550472359261676,0.7154297473157814
AAPL,2024-01-22,0.42857142857142855,0.6418093322487981,0.6198103077343304
AAPL,2024-01-23,0.8181818181818182,0.7299955752153082,0.6859341445501597
AAPL,2024-01-24,0.25,0.4899977876076541,0.5406227630334398
AAPL,2024-01-25,0.1111111111111111,0.3005544493593826,0.3974522123926636
AAPL,2024-01-26,0.0,0.1502772246796913,0.2649681415951091
AAPL,2024-01-27,0.0,0.07513861233984565,0.17664542773007277
AAPL,2024-01-28,0.0,0.03756930616992282,0.1177636184867152
AAPL,2024-01-29,0.3333333333333333,0.18545131975162807,0.1896201901022546
AAPL,2024-01-30,0.2,0.19272565987581403,0.1930801267348364
AAPL,2024-01-31,0.14285714285714285,0.16779140136647844,0.17633913210893856
AAPL,2024-02-01,0.0,0.08389570068323922,0.11755942140595906
AAPL,2024-02-02,0.14285714285714285,0.11337642177019103,0.12599199522302032
AAPL,2024-02-03,1.0,0.5566882108850955,0.4173279968153469
AAPL,2024-02-04,0.0,0.27834410544254773,0.27821866454356464
AAPL,2024-02-05,0.6,0.43917205272127385,0.38547910969570975
AAPL,2024-02-06,0.6,0.5195860263606369,0.4569860731304732
AAPL,2024-02-07,0.45454545454545453,0.48706574045304574,0.45617253360213367
AAPL,2024-02-08,0.2,0.3435328702265229,0.37078168906808917
AAPL,2024-02-09,0.2,0.2717664351132615,0.31385445937872614
AAPL,2024-02-10,1.0,0.6358832175566307,0.5425696395858174
AAPL,2024-02-11,0.0,0.31794160877831534,0.3617130930572116
AAPL,2024-02-12,1.0,0.6589708043891577,0.5744753953714744
AAPL,2024-02-13,0.6666666666666666,0.6628187355279122,0.6052058191365385
AAPL,2024-02-14,1.0,0.831409367763956,0.736803879424359
AAPL,2024-02-15,0.14285714285714285,0.4871332553105494,0.5388216339019537
AAPL,2024-02-16,0.7142857142857143,0.6007094847981318,0.5973096606965406
AAPL,2024-02-17,-0.3333333333333333,0.13368807573239924,0.28709532935324933
AAPL,2024-02-18,1.0,0.5668440378661996,0.5247302195688329
AAPL,2024-02-19,0.0,0.2834220189330998,0.349820146379222
AAPL,2024-02-20,0.3333333333333333,0.30837767613321654,0.34432454203059243
AAPL,2024-02-21,1.0,0.6541888380666083,0.5628830280203949
AAPL,2024-02-22,1.0,0.8270944190333042,0.70858868534693
AAPL,2024-02-23,1.0,0.9135472095166521,0.8057257902312867
AAPL,2024-02-24,1.0,0.9567736047583261,0.8704838601541911
AAPL,2024-02-25,0.0,0.47838680237916303,0.5803225734361275
AAPL,2024-02-26,1.0,0.7391934011895815,0.7202150489574184
AAPL,2024-02-27,0.3333333333333333,0.5362633672614574,0.5912544770827234
AAPL,2024-02-28,0.75,0.6431316836307287,0.6441696513884823
AAPL,2024-02-29,1.0,0.8215658418153644,0.7627797675923216
AAPL,2024-03-01,1.0,0.9107829209076822,0.841853178394881
AAPL,2024-03-02,1.0,0.9553914604538412,0.8945687855965874
AAPL,2024-03-03,1.0,0.9776957302269206,0.9297125237310583
AAPL,2024-03-04,0.6,0.7888478651134603,0.8198083491540389
AAPL,2024-03-05,1.0,0.8944239325567301,0.8798722327693593
AAPL,2024-03-06,1.0,0.9472119662783651,0.9199148218462396
AAPL,2024-03-07,0.5,0.7236059831391826,0.7799432145641598
AAPL,2024-03-08,0.0,0.3618029915695913,0.5199621430427733
AAPL,2024-03-09,1.0,0.6809014957847956,0.6799747620285156
AAPL,2024-03-10,0.5,0.5904507478923978,0.6199831746856771
AAPL,2024-03-11,1.0,0.795225373946199,0.7466554497904514
AAPL,2024-03-12,0.42857142857142855,0.6118984012588138,0.6406274427174439
AAPL,2024-03-13,0.14285714285714285,0.3773777720579783,0.4747040094306769
AAPL,2024-03-14,0.0,0.18868888602898914,0.3164693396204513
AAPL,2024-03-15,1.0,0.5943444430144946,0.5443128930803008
AAPL,2024-03-16,0.0,0.2971722215072473,0.36287526205353393
AAPL,2024-03-17,1.0,0.6485861107536237,0.575250174702356
AAPL,2024-03-18,0.25,0.44929305537681186,0.46683344980157065
AAPL,2024-03-19,-0.09090909090909091,0.17919198223386046,0.2809192695646835
AAPL,2024-03-20,-0.3333333333333333,-0.07707067554973643,0.07616840193201124
AAPL,2024-03-21,0.45454545454545453,0.18873738949785906,0.20229408613649233
AAPL,2024-03-22,0.7333333333333333,0.4610353614155962,0.37930716853543933
AAPL,2024-03-23,0.3333333333333333,0.39718434737446473,0.363982556801404
AAPL,2024-03-24,1.0,0.6985921736872324,0.575988371200936
AAPL,2024-03-25,1.0,0.8492960868436161,0.717325580800624
AAPL,2024-03-26,0.6666666666666666,0.7579813767551413,0.7004392760893049
AAPL,2024-03-27,0.7142857142857143,0.7361335455204279,0.705054755488108
AAPL,2024-03-28,0.3333333333333333,0.5347334394268806,0.5811476147698499
AAPL,2024-03-29,-1.0,-0.23263328028655972,0.05409840984656665
AAPL,2024-03-30,1.0,0.38368335985672014,0.3693989398977111
AAPL,2024-03-31,1.0,0.6918416799283601,0.5795992932651407
AAPL,2024-04-01,1.0,0.84592083996418,0.7197328621767605
AAPL,2024-04-02,0.0,0.42296041998209,0.47982190811784037
AAPL,2024-04-03,1.0,0.711480209991045,0.6532146054118936
AAPL,2024-04-04,0.3333333333333333,0.5224067716621892,0.5465875147190402
AAPL,2024-04-05,0.0,0.2612033858310946,0.36439167647936016
AAPL,2024-04-06,-1.0,-0.3693983070844527,-0.09040554901375984
AAPL,2024-04-07,1.0,0.3153008464577737,0.2730629673241601
AAPL,2024-04-08,0.2,0.25765042322888687,0.24870864488277342
AAPL,2024-04-09,0.5,0.37882521161444344,0.33247242992184894
AAPL,2024-04-10,0.5,0.43941260580722175,0.38831495328123267
AAPL,2024-04-11,-0.42857142857142855,0.005420588617896599,0.11601949266367896
AAPL,2024-04-12,0.6666666666666666,0.33604362764228163,0.29956855066467486
AAPL,2024-04-13,0.0,0.16802181382114081,0.19971236710978327
AAPL,2024-04-14,1.0,0.5840109069105704,0.4664749114065222
AAPL,2024-04-15,0.3333333333333333,0.4586721201219519,0.42209438538212596
AAPL,2024-04-16,-0.3333333333333333,0.0626693933943093,0.17028514581030624
AAPL,2024-04-17,0.3333333333333333,0.1980013633638213,0.22463454165131527
AAPL,2024-04-18,0.3333333333333333,0.2656673483485773,0.26086747221198797
AAPL,2024-04-19,0.5,0.38283367417428865,0.340578314807992
AAPL,2024-04-20,1.0,0.6914168370871443,0.560385543205328
AAPL,2024-04-21,0.0,0.34570841854357215,0.37359036213688535
AAPL,2024-04-22,0.3333333333333333,0.3395208759384527,0.3601713525357014
AAPL,2024-04-23,-0.5,-0.08023956203077365,0.07344756835713429
AAPL,2024-04-24,-1.0,-0.5401197810153868,-0.2843682877619105
AAPL,2024-04-25,0.0,-0.2700598905076934,-0.18957885850794035
AAPL,2024-04-26,0.0,-0.1350299452538467,-0.12638590567196026
AAPL,2024-04-27,1.0,0.43248502737307665,0.2490760628853598
AAPL,2024-04-28,0.3333333333333333,0.382909180353205,0.277161819701351
AAPL,2024-04-29,0.14285714285714285,0.2628831616051739,0.23239359408661497
AAPL,2024-04-30,1.0,0.6314415808025869,0.4882623960577433
AAPL,2024-05-01,-0.2,0.21572079040129347,0.2588415973718289
AAPL,2024-05-02,-0.2,0.007860395200646728,0.10589439824788593
AAPL,2024-05-03,-0.14285714285714285,-0.06749837382824805,0.022977217879543016
AAPL,2024-05-04,1.0,0.46625081308587596,0.348651478586362
AAPL,2024-05-05,0.5,0.483125406542938,0.39910098572424135
AAPL,2024-05-06,0.6666666666666666,0.5748960366048024,0.48828954603838315
AAPL,2024-05-07,0.06666666666666667,0.3207813516357345,0.347748586247811
AAPL,2024-05-08,0.6,0.46039067581786725,0.431832390831874
AAPL,2024-05-09,-1.0,-0.26980466209106635,-0.0454450727787506
AAPL,2024-05-10,0.3333333333333333,0.03176433562113348,0.08081439592527737
AAPL,2024-05-11,0.2,0.11588216781056675,0.12054293061685158
AAPL,2024-05-12,0.3333333333333333,0.22460775057195004,0.19147306485567883
AAPL,2024-05-13,0.25,0.23730387528597502,0.21098204323711922
AAPL,2024-05-14,-0.3333333333333333,-0.04801472902367915,0.029543584380301725
AAPL,2024-05-15,-0.5,-0.2740073645118396,-0.1469709437464655
AAPL,2024-05-17,0.3333333333333333,0.029662984410746857,0.013130481946800766
AAPL,2024-05-18,0.0,0.014831492205373428,0.008753654631200512
AAPL,2024-05-19,1.0,0.5074157461026867,0.339169103087467
AAPL,2024-05-20,0.0,0.25370787305134335,0.2261127353916447
AAPL,2024-05-21,1.0,0.6268539365256717,0.48407515692776315
AAPL,2024-05-22,0.3333333333333333,0.4800936349295025,0.43382788239628656
AAPL,2024-05-23,0.3333333333333333,0.40671348413141795,0.40032969937530216
AAPL,2024-05-24,0.6,0.503356742065709,0.46688646625020147
AAPL,2024-05-25,-0.3333333333333333,0.08501170436618785,0.2001465330556899
AAPL,2024-05-26,0.3333333333333333,0.20917251884976057,0.24454213314823772
AAPL,2024-05-27,0.0,0.10458625942488028,0.16302808876549182
AAPL,2024-05-28,1.0,0.5522931297124402,0.4420187258436612
AAPL,2024-05-29,-0.14285714285714285,0.20471799342764865,0.24706010294339323
AAPL,2024-05-30,0.42857142857142855,0.3166447109995386,0.30756387815273833
AAPL,2024-05-31,1.0,0.6583223554997693,0.5383759187684922
AAPL,2024-06-01,1.0,0.8291611777498846,0.6922506125123282
AAPL,2024-06-02,0.0,0.4145805888749423,0.4615004083415522
AAPL,2024-06-03,1.0,0.7072902944374712,0.6410002722277015
AAPL,2024-06-04,0.42857142857142855,0.5679308615044498,0.5701906576756106
AAPL,2024-06-05,0.2,0.3839654307522249,0.44679377178374047
AAPL,2024-06-06,0.2,0.2919827153761124,0.36452918118916033
AAPL,2024-06-07,0.3333333333333333,0.3126580243547229,0.35413056523721803
AAPL,2024-06-08,-1.0,-0.34367098782263855,-0.0972462898418546
AAPL,2024-06-09,1.0,0.32816450608868075,0.2685024734387636
AAPL,2024-06-10,-0.06666666666666667,0.13074891971100705,0.15677942673695353
AAPL,2024-06-11,0.391304347826087,0.261026633768547,0.23495440043333135
AAPL,2024-06-12,0.3333333333333333,0.29717998355094016,0.2677473780666654
AAPL,2024-06-13,0.0,0.14858999177547008,0.1784982520444436
AAPL,2024-06-14,0.0,0.07429499588773504,0.11899883469629575
AAPL,2024-06-15,1.0,0.5371474979438675,0.4126658897975305
AAPL,2024-06-16,0.2,0.36857374897193373,0.34177725986502033
AAPL,2024-06-17,0.2,0.2842868744859669,0.2945181732433469
AAPL,2024-06-18,0.2,0.24214343724298346,0.26301211549556464
AAPL,2024-06-19,-0.3333333333333333,-0.04559494804517493,0.06423029921926533
AAPL,2024-06-20,0.3333333333333333,0.14386919264407919,0.15393131059062135
AAPL,2024-06-21,0.2,0.1719345963220396,0.16928754039374758
AAPL,2024-06-22,0.5,0.3359672981610198,0.27952502692916503
AAPL,2024-06-23,1.0,0.6679836490805099,0.51968335128611
AAPL,2024-06-24,0.6666666666666666,0.6673251578735883,0.5686777897462956
AAPL,2024-06-25,1.0,0.8336625789367942,0.7124518598308638
AAPL,2024-06-26,-0.5,0.1668312894683971,0.30830123988724256
AAPL,2024-06-27,0.0,0.08341564473419855,0.2055341599248284
AAPL,2024-06-28,0.0,0.04170782236709927,0.13702277328321896
AAPL,2024-06-29,-1.0,-0.4791460888164504,-0.24198481781118733
AAPL,2024-06-30,0.0,-0.2395730444082252,-0.1613232118741249
AAPL,2024-07-01,0.0,-0.1197865222041126,-0.10754880791608329
AAPL,2024-07-02,0.6666666666666666,0.27344007223127703,0.15052301694483333
AAPL,2024-07-03,0.0,0.13672003611563852,0.10034867796322224
AAPL,2024-07-04,0.0,0.06836001805781926,0.06689911864214816
AAPL,2024-07-05,0.3333333333333333,0.2008466756955763,0.1557105235392099
AAPL,2024-07-06,-1.0,-0.3995766621522119,-0.22952631764052672
AAPL,2024-07-07,1.0,0.30021166892389406,0.1803157882396488
AAPL,2024-07-08,1.0,0.650105834461947,0.45354385882643256
AAPL,2024-07-09,0.3333333333333333,0.49171958389764014,0.41347368366206616
AAPL,2024-07-10,-0.5,-0.004140208051179928,0.10898245577471082
AAPL,2024-07-11,0.3333333333333333,0.1645965626410767,0.18376608162758498
AAPL,2024-07-12,0.0,0.08229828132053835,0.12251072108505667
AAPL,2024-07-13,1.0,0.5411491406602692,0.41500714739003775
AAPL,2024-07-14,0.3333333333333333,0.4372412369968013,0.38778254270446966
AAPL,2024-07-15,-1.0,-0.28137938150159936,-0.07481163819702018
AAPL,2024-07-16,0.6,0.1593103092492003,0.15012557453531986
AAPL,2024-07-17,-1.0,-0.42034484537539984,-0.2332496169764534
AAPL,2024-07-18,-1.0,-0.7101724226877,-0.48883307798430226
AAPL,2024-07-19,1.0,0.14491378865615,0.007444614677131775
AAPL,2024-07-21,1.0,0.572456894328075,0.3382964097847545
AAPL,2024-07-22,0.0,0.2862284471640375,0.22553093985650302
AAPL,2024-07-23,1.0,0.6431142235820188,0.4836872932376687
AAPL,2024-07-24,1.0,0.8215571117910094,0.6557915288251125
AAPL,2024-07-25,1.0,0.9107785558955047,0.7705276858834084
AAPL,2024-07-26,0.3333333333333333,0.622055944614419,0.6247962350333834
AAPL,2024-07-27,1.0,0.8110279723072096,0.7498641566889224
AAPL,2024-07-28,-0.3333333333333333,0.23884731948693813,0.3887983266815039
AAPL,2024-07-29,0.5,0.3694236597434691,0.4258655511210026
AAPL,2024-07-30,0.6,0.48471182987173456,0.48391036741400173
AAPL,2024-07-31,0.5,0.4923559149358673,0.48927357827600115
AAPL,2024-08-01,-0.2,0.14617795746793363,0.2595157188506675
AAPL,2024-08-02,-0.14285714285714285,0.0016604073053953922,0.12539143161473074
AAPL,2024-08-03,1.0,0.5008302036526977,0.4169276210764872
AAPL,2024-08-04,0.0,0.25041510182634885,0.2779517473843248
AAPL,2024-08-05,1.0,0.6252075509131745,0.5186344982562165
AAPL,2024-08-06,0.5,0.5626037754565872,0.5124229988374778
AAPL,2024-08-07,1.0,0.7813018877282936,0.6749486658916519
AAPL,2024-08-08,-0.3333333333333333,0.22398427719748012,0.3388546661499902
AAPL,2024-08-09,1.0,0.61199213859874,0.5592364440999935
AAPL,2024-08-10,1.0,0.80599606929937,0.7061576293999957
AAPL,2024-08-11,1.0,0.902998034649685,0.8041050862666639
AAPL,2024-08-12,-1.0,-0.04850098267515751,0.202736724177776
AAPL,2024-08-13,1.0,0.47574950866242127,0.46849114945185066
AAPL,2024-08-14,1.0,0.7378747543312106,0.6456607663012338
AAPL,2024-08-15,0.3333333333333333,0.535604043832272,0.5415516219786004
AAPL,2024-08-16,0.0,0.267802021916136,0.3610344146524003
AAPL,2024-08-17,1.0,0.6339010109580681,0.5740229431016002
AAPL,2024-08-18,0.3333333333333333,0.48361717214570066,0.4937930731788446
AAPL,2024-08-20,1.0,0.7418085860728503,0.6625287154525631
AAPL,2024-08-21,1.0,0.8709042930364251,0.7750191436350421
AAPL,2024-08-22,1.0,0.9354521465182126,0.8500127624233614
AAPL,2024-08-23,0.5,0.7177260732591063,0.7333418416155744
AAPL,2024-08-24,1.0,0.8588630366295531,0.8222278944103829
AAPL,2024-08-25,-0.3333333333333333,0.2627648516481099,0.4370408184958109
AAPL,2024-08-26,1.0,0.631382425824055,0.6246938789972073
AAPL,2024-08-27,1.0,0.8156912129120275,0.7497959193314716
AAPL,2024-08-28,0.2,0.5078456064560137,0.5665306128876478
AAPL,2024-08-29,0.0,0.25392280322800687,0.3776870752584319
AAPL,2024-08-30,0.6666666666666666,0.46029473494733675,0.4740136057278435
AAPL,2024-08-31,0.3333333333333333,0.396814034140335,0.42712018159634013
AAPL,2024-09-01,1.0,0.6984070170701675,0.6180801210642267
AAPL,2024-09-02,0.0,0.34920350853508375,0.41205341404281787
AAPL,2024-09-03,1.0,0.6746017542675419,0.6080356093618786
AAPL,2024-09-04,0.0,0.33730087713377094,0.4053570729079191
AAPL,2024-09-05,0.3333333333333333,0.3353171052335521,0.38134915971639055
AAPL,2024-09-06,1.0,0.6676585526167761,0.5875661064775937
AAPL,2024-09-07,1.0,0.8338292763083881,0.7250440709850625
AAPL,2024-09-08,1.0,0.916914638154194,0.8166960473233751
AAPL,2024-09-09,0.38461538461538464,0.6507650113847894,0.672669159754045
AAPL,2024-09-10,0.8,0.7253825056923947,0.7151127731693634
AAPL,2024-09-11,1.0,0.8626912528461974,0.810075182112909
AAPL,2024-09-12,0.2,0.5313456264230987,0.6067167880752727
AAPL,2024-09-13,1.0,0.7656728132115493,0.7378111920501819
AAPL,2024-09-14,1.0,0.8828364066057747,0.8252074613667879
AAPL,2024-09-15,-1.0,-0.058581796697112665,0.21680497424452536
AAPL,2024-09-16,0.0,-0.029290898348556332,0.14453664949635026
AAPL,2024-09-17,1.0,0.4853545508257218,0.4296910996642335
AAPL,2024-09-18,1.0,0.7426772754128609,0.6197940664428223
AAPL,2024-09-19,0.3333333333333333,0.5380053043730971,0.524307155406326
AAPL,2024-09-20,1.0,0.7690026521865485,0.6828714369375507
AAPL,2024-09-21,1.0,0.8845013260932743,0.7885809579583671
AAPL,2024-09-22,-0.3333333333333333,0.27558399637997044,0.4146095275278004
AAPL,2024-09-23,1.0,0.6377919981899852,0.6097396850185336
AAPL,2024-09-24,1.0,0.8188959990949927,0.7398264566790225
AAPL,2024-09-25,1.0,0.9094479995474963,0.8265509711193484
AAPL,2024-09-26,0.0,0.45472399977374817,0.5510339807462323
AAPL,2024-09-27,1.0,0.7273619998868741,0.7006893204974882
AAPL,2024-09-28,-0.3333333333333333,0.1970143332767704,0.3560151025538811
AAPL,2024-09-29,0.0,0.0985071666383852,0.23734340170258741
AAPL,2024-10-01,-0.3333333333333333,-0.11741308334747405,0.04711782335728052
AAPL,2024-10-02,0.3333333333333333,0.10796012499292963,0.14252299334929813
AAPL,2024-10-03,1.0,0.5539800624964648,0.42834866223286544
AAPL,2024-10-04,1.0,0.7769900312482324,0.6188991081552436
AAPL,2024-10-05,1.0,0.8884950156241163,0.7459327387701624
AAPL,2024-10-06,-1.0,-0.05575249218794187,0.16395515918010836
AAPL,2024-10-07,1.0,0.47212375390602906,0.4426367727867389
AAPL,2024-10-08,0.6,0.5360618769530145,0.49509118185782597
AAPL,2024-10-09,1.0,0.7680309384765073,0.6633941212385507
AAPL,2024-10-10,1.0,0.8840154692382536,0.7755960808257005
AAPL,2024-10-11,0.3333333333333333,0.6086744012857934,0.6281751649949116
AAPL,2024-10-12,1.0,0.8043372006428967,0.7521167766632744
AAPL,2024-10-13,1.0,0.9021686003214484,0.8347445177755163
AAPL,2024-10-14,1.0,0.9510843001607242,0.8898296785170109
AAPL,2024-10-15,-1.0,-0.024457849919637897,0.259886452344674
AAPL,2024-10-16,1.0,0.487771075040181,0.5065909682297827
AAPL,2024-10-17,0.0,0.2438855375200905,0.33772731215318846
AAPL,2024-10-18,0.3333333333333333,0.2886094354267119,0.3362626525465701
AAPL,2024-10-19,1.0,0.644304717713356,0.5575084350310467
AAPL,2024-10-20,0.0,0.322152358856678,0.37167229002069785
AAPL,2024-10-21,1.0,0.661076179428339,0.5811148600137985
AAPL,2024-10-22,1.0,0.8305380897141694,0.7207432400091991
AAPL,2024-10-23,0.0,0.4152690448570847,0.4804954933394661
AAPL,2024-10-24,0.3333333333333333,0.37430118909520904,0.43144144000408857
AAPL,2024-10-25,-1.0,-0.3128494054523955,-0.0457057066639409
AAPL,2024-10-27,1.0,0.34357529727380226,0.30286286222403935
AAPL,2024-10-28,0.6,0.47178764863690115,0.40190857481602626
AAPL,2024-10-29,-0.2,0.13589382431845057,0.20127238321068422
AAPL,2024-10-30,-0.5,-0.18205308784077473,-0.03248507785954383
AAPL,2024-10-31,-0.3333333333333333,-0.257693210587054,-0.13276782968414033
AAPL,2024-11-01,-0.42857142857142855,-0.3431323195792413,-0.2313690293132364
AAPL,2024-11-03,0.3333333333333333,-0.004899493122953985,-0.04313490843104652
AAPL,2024-11-04,-0.3333333333333333,-0.16911641322814364,-0.13986771673180878
AAPL,2024-11-05,-0.3333333333333333,-0.2512248732807385,-0.20435625559898363
AAPL,2024-11-06,1.0,0.37438756335963075,0.19709582960067754
AAPL,2024-11-07,1.0,0.6871937816798154,0.46473055306711836
AAPL,2024-11-08,1.0,0.8435968908399076,0.6431537020447455
AAPL,2024-11-09,1.0,0.9217984454199538,0.7621024680298304
AAPL,2024-11-10,1.0,0.9608992227099769,0.8414016453532203
AAPL,2024-11-11,1.0,0.9804496113549884,0.8942677635688135
AAPL,2024-11-12,1.0,0.9902248056774943,0.929511842379209
AAPL,2024-11-13,1.0,0.9951124028387471,0.9530078949194727
AAPL,2024-11-14,1.0,0.9975562014193735,0.9686719299463151
AAPL,2024-11-15,1.0,0.9987781007096868,0.9791146199642101
AAPL,2024-11-16,1.0,0.9993890503548434,0.9860764133094735
AAPL,2024-11-17,-1.0,-0.00030547482257831104,0.32405094220631575
AAPL,2024-11-18,1.0,0.4998472625887108,0.5493672948042105
AAPL,2024-11-19,-1.0,-0.2500763687056446,0.03291152986947375
AAPL,2024-11-20,1.0,0.3749618156471777,0.35527435324631584
AAPL,2024-11-22,1.0,0.6874809078235888,0.5701829021642105
AAPL,2024-11-23,1.0,0.8437404539117944,0.7134552681094737
AAPL,2024-11-24,1.0,0.9218702269558972,0.8089701787396492
AAPL,2024-11-25,1.0,0.9609351134779486,0.8726467858264328
AAPL,2024-11-26,1.0,0.9804675567389742,0.9150978572176219
AAPL,2024-11-27,1.0,0.9902337783694871,0.9433985714784147
AAPL,2024-11-28,0.0,0.49511688918474356,0.6289323809856099
AAPL,2024-11-29,1.0,0.7475584445923718,0.75262158732374
AAPL,2024-11-30,1.0,0.8737792222961859,0.8350810582158267
AAPL,2024-12-01,1.0,0.9368896111480929,0.8900540388105511
AAPL,2024-12-02,0.3333333333333333,0.6351114722407131,0.7044804703181452
AAPL,2024-12-03,1.0,0.8175557361203565,0.8029869802120968
AAPL,2024-12-04,0.3333333333333333,0.5754445347268449,0.6464357645858424
AAPL,2024-12-05,1.0,0.7877222673634224,0.764290509723895
AAPL,2024-12-06,1.0,0.8938611336817113,0.84286033981593
AAPL,2024-12-07,1.0,0.9469305668408556,0.8952402265439534
AAPL,2024-12-08,-1.0,-0.026534716579572182,0.2634934843626357
AAPL,2024-12-09,-0.5,-0.2632673582897861,0.008995656241757162
AAPL,2024-12-10,1.0,0.36836632085510695,0.33933043749450476
AAPL,2024-12-11,-0.3333333333333333,0.01751649376088682,0.11510918055189209
AAPL,2024-12-12,1.0,0.5087582468804435,0.4100727870345947
AAPL,2024-12-13,0.6666666666666666,0.587712456773555,0.4956040802452854
AAPL,2024-12-14,1.0,0.7938562283867775,0.6637360534968569
AAPL,2024-12-15,1.0,0.8969281141933887,0.7758240356645714
AAPL,2024-12-16,1.0,0.9484640570966943,0.8505493571097142
AAPL,2024-12-17,1.0,0.9742320285483472,0.9003662380731429
AAPL,2024-12-18,1.0,0.9871160142741736,0.933577492048762
AAPL,2024-12-19,0.42857142857142855,0.707843721422801,0.7652421375563175
AAPL,2024-12-20,1.0,0.8539218607114005,0.8434947583708784
AAPL,2024-12-21,1.0,0.9269609303557003,0.8956631722472523
AAPL,2024-12-22,1.0,0.9634804651778501,0.9304421148315016
AAPL,2024-12-23,-1.0,-0.018259767411074934,0.28696140988766783
AAPL,2024-12-24,0.14285714285714285,0.06229868772303396,0.23892665421082618
AAPL,2024-12-25,0.0,0.03114934386151698,0.1592844361405508
AAPL,2024-12-26,0.0,0.01557467193075849,0.10618962409370054
AAPL,2024-12-27,1.0,0.5077873359653793,0.404126416062467
AAPL,2024-12-28,1.0,0.7538936679826896,0.6027509440416446
AAPL,2024-12-29,1.0,0.8769468339913449,0.7351672960277631
AAPL,2024-12-30,-1.0,-0.06152658300432756,0.15677819735184215
AAPL,2024-12-31,0.3333333333333333,0.13590337516450288,0.21562990934567255
AMZN,2023-01-02,1.0,1.0,1.0
AMZN,2023-01-03,1.0,1.0,1.0
AMZN,2023-01-04,0.2,0.6,0.7333333333333334
AMZN,2023-01-05,0.6,0.6,0.688888888888889
AMZN,2023-01-06,1.0,0.8,0.7925925925925927
AMZN,2023-01-07,-1.0,-0.09999999999999998,0.1950617283950619
AMZN,2023-01-08,1.0,0.45,0.4633744855967079
AMZN,2023-01-09,0.0,0.225,0.30891632373113864
AMZN,2023-01-10,-0.5,-0.1375,0.03927754915409246
AMZN,2023-01-11,0.5,0.18125,0.19285169943606165
AMZN,2023-01-12,0.2,0.190625,0.1952344662907078
AMZN,2023-01-13,0.6666666666666666,0.4286458333333333,0.35237853308269407
AMZN,2023-01-14,-1.0,-0.28567708333333336,-0.09841431127820391
AMZN,2023-01-17,0.5,0.10716145833333332,0.1010571258145307
AMZN,2023-01-18,-0.3333333333333333,-0.1130859375,-0.04373969390142396
AMZN,2023-01-19,-0.3333333333333333,-0.22320963541666666,-0.14027090704539374
AMZN,2023-01-20,1.0,0.3883951822916667,0.2398193953030708
AMZN,2023-01-21,0.0,0.19419759114583335,0.1598795968687139
AMZN,2023-01-23,-0.5,-0.15290120442708333,-0.060080268754190716
AMZN,2023-01-24,0.3333333333333333,0.090216064453125,0.07105759860831729
AMZN,2023-01-25,0.3333333333333333,0.21177469889322914,0.15848284351665598
AMZN,2023-01-26,0.3333333333333333,0.27255401611328123,0.2167663401222151
AMZN,2023-01-27,0.7142857142857143,0.49341986519949776,0.3826061315100482
AMZN,2023-01-28,1.0,0.7467099325997488,0.5884040876733655
AMZN,2023-01-29,1.0,0.8733549662998744,0.725602725115577
AMZN,2023-01-30,-0.5,0.1866774831499372,0.31706848341038474
AMZN,2023-01-31,1.0,0.5933387415749686,0.5447123222735898
AMZN,2023-02-01,1.0,0.7966693707874843,0.6964748815157266
AMZN,2023-02-02,-0.5,0.14833468539374217,0.29764992101048443
AMZN,2023-02-03,-0.3333333333333333,-0.09249932396979557,0.08732216956254521
AMZN,2023-02-04,1.0,0.45375033801510223,0.3915481130416968
AMZN,2023-02-06,1.0,0.7268751690075511,0.5943654086944645
AMZN,2023-02-07,0.3333333333333333,0.5301042511704422,0.5073547169074208
AMZN,2023-02-08,1.0,0.7650521255852212,0.671569811271614
AMZN,2023-02-09,0.3333333333333333,0.5491927294592772,0.5588243186255205
AMZN,2023-02-10,0.0,0.2745963647296386,0.37254954575034704
AMZN,2023-02-11,0.0,0.1372981823648193,0.24836636383356472
AMZN,2023-02-12,1.0,0.5686490911824097,0.49891090922237646
AMZN,2023-02-13,0.0,0.28432454559120485,0.3326072728149177
AMZN,2023-02-14,0.0,0.14216227279560242,0.22173818187661182
AMZN,2023-02-15,-1.0,-0.4289188636021988,-0.1855078787489254
AMZN,2023-02-16,1.0,0.2855405681989006,0.20966141416738304
AMZN,2023-02-17,1.0,0.6427702840994503,0.47310760944492203
AMZN,2023-02-18,1.0,0.8213851420497251,0.6487384062966147
AMZN,2023-02-20,1.0,0.9106925710248626,0.7658256041977431
AMZN,2023-02-21,0.6,0.7553462855124313,0.7105504027984955
AMZN,2023-02-22,0.42857142857142855,0.59195885704193,0.6165574113894732
AMZN,2023-02-23,1.0,0.7959794285209649,0.7443716075929822
AMZN,2023-02-24,0.5,0.6479897142604825,0.6629144050619882
AMZN,2023-02-27,-0.3333333333333333,0.15732819046357457,0.33083182559688107
AMZN,2023-03-01,0.3333333333333333,0.24533076189845393,0.3316656615090318
AMZN,2023-03-02,1.0,0.622665380949227,0.5544437743393545
AMZN,2023-03-03,0.0,0.3113326904746135,0.3696291828929031
AMZN,2023-03-04,-1.0,-0.3443336547626933,-0.0869138780713979
AMZN,2023-03-06,1.0,0.32783317261865336,0.27539074795240137
AMZN,2023-03-07,1.0,0.6639165863093267,0.5169271653016009
AMZN,2023-03-08,0.2,0.4319582931546634,0.41128477686773396
AMZN,2023-03-09,1.0,0.7159791465773317,0.6075231845784893
AMZN,2023-03-10,-1.0,-0.14201042671133413,0.07168212305232627
AMZN,2023-03-11,1.0,0.42899478664433294,0.3811214153682175
AMZN,2023-03-12,1.0,0.7144973933221664,0.587414276912145
AMZN,2023-03-13,0.0,0.3572486966610832,0.39160951794143
AMZN,2023-03-14,1.0,0.6786243483305416,0.5944063452942867
AMZN,2023-03-15,0.0,0.3393121741652708,0.3962708968628578
AMZN,2023-03-16,-1.0,-0.3303439129173646,-0.0691527354247614
AMZN,2023-03-17,1.0,0.3348280435413177,0.2872315097168257
AMZN,2023-03-18,1.0,0.6674140217706588,0.5248210064778838
AMZN,2023-03-20,-1.0,-0.1662929891146706,0.01654733765192257
AMZN,2023-03-21,0.2,0.0168535054426647,0.07769822510128171
AMZN,2023-03-22,-0.3333333333333333,-0.15823991394533432,-0.05931229437692329
AMZN,2023-03-23,0.3333333333333333,0.0875467096939995,0.07156958152649558
AMZN,2023-03-24,1.0,0.5437733548469997,0.38104638768433036
AMZN,2023-03-25,-1.0,-0.22811332257650013,-0.07930240821044639
AMZN,2023-03-26,1.0,0.3859433387117499,0.2804650611930357
AMZN,2023-03-27,0.0,0.19297166935587495,0.18697670746202383
AMZN,2023-03-28,1.0,0.5964858346779375,0.4579844716413492
AMZN,2023-03-29,0.6666666666666666,0.631576250672302,0.527545203316455
AMZN,2023-03-30,0.3333333333333333,0.4824547920028177,0.46280791332208115
AMZN,2023-04-01,-1.0,-0.25877260399859114,-0.024794724451945842
AMZN,2023-04-03,-1.0,-0.6293863019992956,-0.34986314963463055
AMZN,2023-04-04,0.0,-0.3146931509996478,-0.2332420997564204
AMZN,2023-04-05,0.0,-0.1573465754998239,-0.15549473317094695
AMZN,2023-04-06,0.0,-0.07867328774991195,-0.10366315544729797
AMZN,2023-04-07,0.0,-0.03933664387495597,-0.06910877029819866
AMZN,2023-04-08,1.0,0.480331678062522,0.2872608198012009
AMZN,2023-04-09,1.0,0.740165839031261,0.5248405465341339
AMZN,2023-04-10,0.0,0.3700829195156305,0.34989369768942263
AMZN,2023-04-11,1.0,0.6850414597578153,0.566595798459615
AMZN,2023-04-12,0.0,0.34252072987890764,0.37773053230641007
AMZN,2023-04-13,0.5714285714285714,0.45697465065373954,0.44229654534713053
AMZN,2023-04-14,-0.3333333333333333,0.061820658660203115,0.18375325245364263
AMZN,2023-04-15,1.0,0.5309103293301015,0.45583550163576175
AMZN,2023-04-16,1.0,0.7654551646650507,0.6372236677571745
AMZN,2023-04-17,0.3333333333333333,0.549394248999192,0.5359268896158942
AMZN,2023-04-18,1.0,0.7746971244995959,0.6906179264105962
AMZN,2023-04-19,1.0,0.887348562249798,0.7937452842737308
AMZN,2023-04-20,0.3333333333333333,0.6103409477915657,0.6402746339602651
AMZN,2023-04-21,0.0,0.30517047389578283,0.4268497559735101
AMZN,2023-04-22,0.0,0.15258523694789142,0.2845665039823401
AMZN,2023-04-23,0.0,0.07629261847394571,0.18971100265489343
AMZN,2023-04-24,0.2,0.13814630923697285,0.19314066843659564
AMZN,2023-04-25,1.0,0.5690731546184864,0.4620937789577304
AMZN,2023-04-26,-0.2,0.1845365773092432,0.24139585263848698
AMZN,2023-04-27,-0.3333333333333333,-0.07439837801204506,0.0498194573145469
AMZN,2023-04-28,0.6666666666666666,0.2961341443273108,0.2554351937652535
AMZN,2023-04-29,1.0,0.6480670721636554,0.503623462510169
AMZN,2023-04-30,0.3333333333333333,0.49070020274849435,0.44686008611789046
AMZN,2023-05-01,1.0,0.7453501013742472,0.631240057411927
AMZN,2023-05-02,-0.3333333333333333,0.20600838402045693,0.3097155938301736
AMZN,2023-05-03,0.25,0.22800419201022848,0.2898103958867824
AMZN,2023-05-04,1.0,0.6140020960051142,0.5265402639245216
AMZN,2023-05-05,0.7142857142857143,0.6641439051454143,0.5891220807115859
AMZN,2023-05-06,1.0,0.8320719525727072,0.7260813871410573
AMZN,2023-05-09,0.0,0.4160359762863536,0.48405425809403824
AMZN,2023-05-10,0.0,0.2080179881431768,0.32270283872935884
AMZN,2023-05-11,-0.2,0.00400899407158839,0.1484685591529059
AMZN,2023-05-12,0.5,0.2520044970357942,0.2656457061019373
AMZN,2023-05-14,0.0,0.1260022485178971,0.17709713740129154
AMZN,2023-05-15,0.0,0.06300112425894855,0.11806475826752771
AMZN,2023-05-16,1.0,0.5315005621294743,0.4120431721783518
AMZN,2023-05-17,0.0,0.26575028106473714,0.27469544811890123
AMZN,2023-05-18,-0.2,0.03287514053236856,0.1164636320792675
AMZN,2023-05-19,0.0,0.01643757026618428,0.07764242138617834
AMZN,2023-05-20,1.0,0.5082187851330922,0.38509494759078555
AMZN,2023-05-21,-1.0,-0.24589060743345392,-0.07660336827280959
AMZN,2023-05-22,0.3333333333333333,0.043721362949939696,0.060042198929238046
AMZN,2023-05-23,0.6666666666666666,0.35519401480830315,0.2622503548417142
AMZN,2023-05-24,1.0,0.6775970074041515,0.5081669032278094
AMZN,2023-05-25,1.0,0.8387985037020758,0.6721112688185397
AMZN,2023-05-26,1.0,0.9193992518510379,0.7814075125456932
AMZN,2023-05-30,0.0,0.45969962592551894,0.5209383416971288
AMZN,2023-05-31,-1.0,-0.27015018703724053,0.013958894464752607
AMZN,2023-06-02,0.14285714285714285,-0.06364652209004884,0.05692497726221602
AMZN,2023-06-03,1.0,0.4681767389549756,0.37128331817481064
AMZN,2023-06-05,0.0,0.2340883694774878,0.24752221211654046
AMZN,2023-06-06,0.0,0.1170441847387439,0.16501480807769367
AMZN,2023-06-07,0.14285714285714285,0.12995066379794337,0.15762891967084341
AMZN,2023-06-08,-0.6,-0.2350246681010283,-0.09491405355277102
AMZN,2023-06-09,1.0,0.38248766594948586,0.27005729763148595
AMZN,2023-06-10,1.0,0.6912438329747429,0.5133715317543239
AMZN,2023-06-11,0.0,0.34562191648737145,0.342247687836216
AMZN,2023-06-12,0.0,0.17281095824368572,0.22816512522414403
AMZN,2023-06-13,0.3333333333333333,0.2530721457885095,0.26322119459387383
AMZN,2023-06-14,1.0,0.6265360728942547,0.5088141297292492
AMZN,2023-06-15,0.6,0.6132680364471274,0.5392094198194995
AMZN,2023-06-16,0.2,0.4066340182235637,0.42613961321299976
AMZN,2023-06-17,-1.0,-0.29668299088821815,-0.04924025785800011
AMZN,2023-06-18,1.0,0.3516585045558909,0.30050649476133323
AMZN,2023-06-19,1.0,0.6758292522779454,0.5336709965075555
AMZN,2023-06-20,-0.3333333333333333,0.17124795947230606,0.24466955322725922
AMZN,2023-06-21,0.6,0.38562397973615303,0.3631130354848395
AMZN,2023-06-22,0.0,0.19281198986807652,0.24207535698989302
AMZN,2023-06-23,1.0,0.5964059949340382,0.4947169046599287
AMZN,2023-06-24,1.0,0.7982029974670191,0.6631446031066192
AMZN,2023-06-25,1.0,0.8991014987335095,0.7754297354044128
AMZN,2023-06-26,1.0,0.9495507493667548,0.8502864902696086
AMZN,2023-06-27,0.0,0.4747753746833774,0.5668576601797392
AMZN,2023-06-28,-1.0,-0.2626123126583113,0.0445717734531595
AMZN,2023-06-29,-0.5,-0.38130615632915565,-0.136952151031227
AMZN,2023-06-30,0.3333333333333333,-0.02398641149791117,0.019809677090293104
AMZN,2023-07-01,-1.0,-0.5119932057489556,-0.3201268819398046
AMZN,2023-07-02,0.5,-0.0059966028744777855,-0.04675125462653643
AMZN,2023-07-03,0.0,-0.0029983014372388928,-0.031167503084357624
AMZN,2023-07-04,1.0,0.49850084928138055,0.31255499794376157
AMZN,2023-07-05,0.6,0.5492504246406903,0.4083699986291744
AMZN,2023-07-06,0.0,0.27462521232034515,0.27224666575278295
AMZN,2023-07-07,-0.2,0.03731260616017257,0.11483111050185532
AMZN,2023-07-08,0.0,0.018656303080086284,0.07655407366790355
AMZN,2023-07-10,0.3333333333333333,0.1759948182067098,0.16214716022304682
AMZN,2023-07-11,0.5555555555555556,0.3657751868811327,0.29328329200054976
AMZN,2023-07-12,-0.14285714285714285,0.11145902201199492,0.14790314704798557
AMZN,2023-07-13,0.3333333333333333,0.22239617767266412,0.2097132091431015
AMZN,2023-07-14,-1.0,-0.3888019111636679,-0.19352452723793231
AMZN,2023-07-15,1.0,0.30559904441816604,0.20431698184137842
AMZN,2023-07-16,1.0,0.652799522209083,0.46954465456091893
AMZN,2023-07-17,-1.0,-0.1736002388954585,-0.020303563626053994
AMZN,2023-07-18,0.3333333333333333,0.0798665472189374,0.09757540202707511
AMZN,2023-07-19,1.0,0.5399332736094687,0.3983836013513834
AMZN,2023-07-20,1.0,0.7699666368047344,0.5989224009009223
AMZN,2023-07-21,1.0,0.8849833184023672,0.7326149339339483
AMZN,2023-07-22,1.0,0.9424916592011836,0.8217432892892989
AMZN,2023-07-24,0.0,0.4712458296005918,0.5478288595261993
AMZN,2023-07-25,-1.0,-0.2643770851997041,0.031885906350799596
AMZN,2023-07-26,0.2,-0.032188542599852044,0.08792393756719974
AMZN,2023-07-27,0.3333333333333333,0.15057239536674064,0.16972706948924426
AMZN,2023-07-28,0.3333333333333333,0.241952864350037,0.22426249077060728
AMZN,2023-07-31,0.0,0.1209764321750185,0.14950832718040488
AMZN,2023-08-01,0.3333333333333333,0.2271548827541759,0.21078332923138104
AMZN,2023-08-02,0.3333333333333333,0.2802441080437546,0.25163333059869847
AMZN,2023-08-03,0.2,0.2401220540218773,0.23442222039913233
AMZN,2023-08-04,-0.7142857142857143,-0.2370818301319185,-0.08181375782914985
AMZN,2023-08-05,0.0,-0.11854091506595925,-0.05454250521943324
AMZN,2023-08-06,1.0,0.4407295424670204,0.2969716631870445
AMZN,2023-08-07,-1.0,-0.27963522876648983,-0.1353522245419703
AMZN,2023-08-08,0.6666666666666666,0.1935157189500884,0.13198740586090868
AMZN,2023-08-09,-0.5,-0.1532421405249558,-0.07867506275939419
AMZN,2023-08-10,-0.3333333333333333,-0.24328773692914457,-0.16356115295070725
AMZN,2023-08-11,-1.0,-0.6216438684645723,-0.44237410196713817
AMZN,2023-08-12,1.0,0.18917806576771384,0.03841726535524117
AMZN,2023-08-13,1.0,0.5945890328838569,0.35894484357016077
AMZN,2023-08-14,0.0,0.29729451644192845,0.23929656238010721
AMZN,2023-08-15,0.3333333333333333,0.3153139248876309,0.27064215269784925
AMZN,2023-08-16,0.3333333333333333,0.32432362911048207,0.29153921290967727
AMZN,2023-08-17,1.0,0.662161814555241,0.5276928086064515
AMZN,2023-08-18,0.0,0.3310809072776205,0.3517952057376344
AMZN,2023-08-19,0.0,0.16554045363881026,0.23453013715842297
AMZN,2023-08-20,1.0,0.5827702268194052,0.4896867581056153
AMZN,2023-08-21,1.0,0.7913851134097025,0.6597911720704102
AMZN,2023-08-22,0.0,0.39569255670485126,0.4398607813802735
AMZN,2023-08-23,-0.2,0.09784627835242563,0.2265738542535157
AMZN,2023-08-24,-0.5,-0.20107686082378717,-0.015617430497656175
AMZN,2023-08-25,1.0,0.3994615695881064,0.3229217130015625
AMZN,2023-08-26,1.0,0.6997307847940533,0.548614475334375
AMZN,2023-08-27,1.0,0.8498653923970266,0.6990763168895834
AMZN,2023-08-28,-0.3333333333333333,0.25826602953184663,0.3549397668152779
AMZN,2023-08-29,0.0,0.12913301476592332,0.2366265112101853
AMZN,2023-08-30,0.3333333333333333,0.23123317404962832,0.268862118584568
AMZN,2023-08-31,0.25,0.24061658702481414,0.26257474572304534
AMZN,2023-09-01,0.0,0.12030829351240707,0.17504983048203024
AMZN,2023-09-03,1.0,0.5601541467562036,0.4500332203213535
AMZN,2023-09-04,1.0,0.7800770733781017,0.6333554802142357
AMZN,2023-09-05,-0.3333333333333333,0.2233718700223842,0.3111258756983794
AMZN,2023-09-06,-1.0,-0.3883140649888079,-0.12591608286774703
AMZN,2023-09-07,0.2,-0.09415703249440394,-0.01727738857849803
AMZN,2023-09-08,0.5,0.20292148375279803,0.15514840761433463
AMZN,2023-09-09,-0.3333333333333333,-0.06520592479026764,-0.007678839368221342
AMZN,2023-09-11,0.0,-0.03260296239513382,-0.005119226245480895
AMZN,2023-09-12,-0.14285714285714285,-0.08773005262613834,-0.05103186511603488
AMZN,2023-09-13,-0.42857142857142855,-0.25815074059878346,-0.17687838626783278
AMZN,2023-09-14,0.0,-0.12907537029939173,-0.1179189241785552
AMZN,2023-09-15,0.0,-0.06453768514969586,-0.07861261611903682
AMZN,2023-09-16,1.0,0.4677311574251521,0.2809249225873088
AMZN,2023-09-17,1.0,0.7338655787125761,0.5206166150582059
AMZN,2023-09-18,0.2,0.466932789356288,0.41374441003880397
AMZN,2023-09-19,1.0,0.733466394678144,0.6091629400258693
AMZN,2023-09-20,1.0,0.866733197339072,0.7394419600172463
AMZN,2023-09-21,0.0,0.433366598669536,0.49296130667816423
AMZN,2023-09-22,-0.3333333333333333,0.05001663266810133,0.21752976000766508
AMZN,2023-09-24,0.3333333333333333,0.19167498300071734,0.2561309511162212
AMZN,2023-09-25,-0.25,-0.029162508499641332,0.08742063407748082
AMZN,2023-09-26,0.3333333333333333,0.15208541241684598,0.16939153382943167
AMZN,2023-09-27,-0.14285714285714285,0.004614134779851564,0.06530864160057351
AMZN,2023-09-28,-0.2,-0.09769293261007422,-0.023127572266284323
AMZN,2023-09-29,0.5,0.2011535336949629,0.15124828515581043
AMZN,2023-09-30,1.0,0.6005767668474814,0.43416552343720693
AMZN,2023-10-01,1.0,0.8002883834237406,0.6227770156248046
AMZN,2023-10-02,0.3333333333333333,0.566810858378537,0.5262957881943142
AMZN,2023-10-03,0.5,0.5334054291892685,0.5175305254628761
AMZN,2023-10-04,0.14285714285714285,0.33813128602320563,0.39263939792763175
AMZN,2023-10-05,0.0,0.16906564301160282,0.2617595986184212
AMZN,2023-10-06,0.42857142857142855,0.2988185357915157,0.31736354193609034
AMZN,2023-10-09,1.0,0.6494092678957578,0.5449090279573936
AMZN,2023-10-10,0.6666666666666666,0.6580379672812122,0.5854949075271513
AMZN,2023-10-11,0.6,0.6290189836406062,0.5903299383514342
AMZN,2023-10-12,-0.3333333333333333,0.14784282515363642,0.2824421811231784
AMZN,2023-10-13,0.42857142857142855,0.28820712686253247,0.33115193027259515
AMZN,2023-10-14,1.0,0.6441035634312662,0.5541012868483968
AMZN,2023-10-15,-1.0,-0.1779482182843669,0.036067524565597905
AMZN,2023-10-16,0.0,-0.08897410914218346,0.024045016377065274
AMZN,2023-10-17,1.0,0.4555129454289083,0.34936334425137683
AMZN,2023-10-18,0.25,0.35275647271445415,0.3162422295009179
AMZN,2023-10-19,0.0,0.17637823635722708,0.21082815300061197
AMZN,2023-10-20,0.6,0.3881891181786135,0.340552102000408
AMZN,2023-10-23,0.3333333333333333,0.3607612257559734,0.3381458457780498
AMZN,2023-10-24,-0.6,-0.11961938712201328,0.025430563852033235
AMZN,2023-10-25,0.5,0.19019030643899337,0.1836203759013555
AMZN,2023-10-26,-0.6,-0.2049048467805033,-0.07758641606576297
AMZN,2023-10-27,-0.4,-0.3024524233902517,-0.18505761071050866
AMZN,2023-10-29,1.0,0.34877378830487415,0.20996159285966087
AMZN,2023-10-30,-0.3333333333333333,0.00772022748577042,0.028863284128662826
AMZN,2023-10-31,0.5,0.2538601137428852,0.1859088560857752
AMZN,2023-11-01,0.2,0.2269300568714426,0.19060590405718347
AMZN,2023-11-02,-0.5,-0.13653497156427868,-0.03959606396187766
AMZN,2023-11-03,0.14285714285714285,0.0031610856464320825,0.021221671644462505
AMZN,2023-11-04,0.3333333333333333,0.1682472094898827,0.12525889220741945
AMZN,2023-11-06,0.0,0.08412360474494135,0.08350592813827964
AMZN,2023-11-07,-1.0,-0.4579381976275293,-0.2776627145744802
AMZN,2023-11-08,1.0,0.27103090118623535,0.14822485695034648
AMZN,2023-11-09,0.0,0.13551545059311768,0.098816571300231
AMZN,2023-11-10,0.0,0.06775772529655884,0.06587771420015401
AMZN,2023-11-11,-1.0,-0.46612113735172056,-0.2894148571998973
AMZN,2023-11-12,0.0,-0.23306056867586028,-0.1929432381332649
AMZN,2023-11-13,0.0,-0.11653028433793014,-0.1286288254221766
AMZN,2023-11-14,-0.25,-0.18326514216896506,-0.1690858836147844
AMZN,2023-11-15,0.3333333333333333,0.07503409558218413,-0.001612811298745181
AMZN,2023-11-16,-0.1111111111111111,-0.018038507764463488,-0.03811224456953382
AMZN,2023-11-17,0.0,-0.009019253882231744,-0.025408163046355882
AMZN,2023-11-18,-0.3333333333333333,-0.17117629360778253,-0.12804988647534837
AMZN,2023-11-19,-1.0,-0.5855881468038913,-0.4186999243168989
AMZN,2023-11-20,0.3333333333333333,-0.12612740673527897,-0.16802217176682152
AMZN,2023-11-21,0.5,0.1869362966323605,0.054651885488785634
AMZN,2023-11-22,0.7142857142857143,0.45061100545903743,0.2745298284210952
AMZN,2023-11-23,0.0,0.22530550272951871,0.1830198856140635
AMZN,2023-11-24,0.3333333333333333,0.279319418031426,0.23312436818715343
AMZN,2023-11-25,-1.0,-0.360340290984287,-0.177917087875231
AMZN,2023-11-26,1.0,0.3198298545078565,0.21472194141651263
AMZN,2023-11-27,-0.7142857142857143,-0.1972279298889289,-0.09494727715089632
AMZN,2023-11-28,0.5,0.15138603505553555,0.10336848189940244
AMZN,2023-11-29,-0.1111111111111111,0.020137461972212223,0.03187528422923126
AMZN,2023-11-30,-0.14285714285714285,-0.06135984044246531,-0.026368858132893438
AMZN,2023-12-01,0.5,0.21932007977876733,0.14908742791140436
AMZN,2023-12-02,-0.3333333333333333,-0.05700662677728299,-0.011719492503508185
AMZN,2023-12-04,0.2,0.07149668661135851,0.058853671664327874
AMZN,2023-12-05,-0.6,-0.2642516566943207,-0.16076421889044806
AMZN,2023-12-06,-0.14285714285714285,-0.20355439977573178,-0.154795193546013
AMZN,2023-12-07,0.2,-0.0017771998878658851,-0.03653012903067535
AMZN,2023-12-08,0.5,0.24911140005606705,0.14231324731288308
AMZN,2023-12-09,0.0,0.12455570002803353,0.09487549820858873
AMZN,2023-12-10,1.0,0.5622778500140168,0.3965836654723925
AMZN,2023-12-11,0.0,0.2811389250070084,0.26438911031492834
AMZN,2023-12-12,0.0,0.1405694625035042,0.17625940687661892
AMZN,2023-12-13,0.3333333333333333,0.23695139791841874,0.2286173823621904
AMZN,2023-12-14,0.0,0.11847569895920937,0.15241158824146028
AMZN,2023-12-15,-0.14285714285714285,-0.01219072194896674,0.05398867787525925
AMZN,2023-12-16,0.3333333333333333,0.16057130569218328,0.1471035630279506
AMZN,2023-12-17,-1.0,-0.4197143471539084,-0.23526429131469956
AMZN,2023-12-18,0.0,-0.2098571735769542,-0.1568428608764664
AMZN,2023-12-19,0.6,0.19507141321152288,0.09543809274902237
AMZN,2023-12-20,-0.3333333333333333,-0.06913096006090522,-0.04748571594509618
AMZN,2023-12-21,-0.3333333333333333,-0.20123214669711925,-0.14276825507450855
AMZN,2023-12-22,0.5,0.14938392665144037,0.07148782995032761
AMZN,2023-12-23,-1.0,-0.4253080366742798,-0.2856747800331149
AMZN,2023-12-24,-1.0,-0.7126540183371399,-0.5237831866887432
AMZN,2023-12-25,-1.0,-0.85632700916857,-0.6825221244591622
AMZN,2023-12-26,1.0,0.07183649541571502,-0.12168141630610818
AMZN,2023-12-27,0.5,0.2859182477078575,0.08554572246259452
AMZN,2023-12-28,-0.3333333333333333,-0.023707542812737903,-0.054080629469381414
AMZN,2023-12-29,0.0,-0.011853771406368951,-0.036053752979587614
AMZN,2024-01-01,1.0,0.49407311429681555,0.30929749801360823
AMZN,2024-01-02,-0.5,-0.002963442851592224,0.03953166534240552
AMZN,2024-01-03,0.0,-0.001481721425796112,0.026354443561603685
AMZN,2024-01-04,0.2,0.09925913928710195,0.08423629570773579
AMZN,2024-01-05,0.5,0.299629569643551,0.22282419713849053
AMZN,2024-01-06,1.0,0.6498147848217755,0.48188279809232704
AMZN,2024-01-07,1.0,0.8249073924108877,0.6545885320615513
AMZN,2024-01-08,1.0,0.9124536962054439,0.7697256880410343
AMZN,2024-01-09,-0.3333333333333333,0.28956018143605533,0.40203934758291177
AMZN,2024-01-10,1.0,0.6447800907180277,0.6013595650552745
AMZN,2024-01-11,0.0,0.32239004535901383,0.4009063767035164
AMZN,2024-01-12,0.0,0.16119502267950692,0.2672709178023443
AMZN,2024-01-13,-0.2,-0.019402488660246547,0.11151394520156288
AMZN,2024-01-14,-1.0,-0.5097012443301233,-0.25899070319895806
AMZN,2024-01-15,0.3333333333333333,-0.088183955498395,-0.061549357688194285
AMZN,2024-01-16,1.0,0.4559080222508025,0.29230042820787044
AMZN,2024-01-17,1.0,0.7279540111254013,0.5282002854719137
AMZN,2024-01-18,1.0,0.8639770055627006,0.6854668569812759
AMZN,2024-01-19,1.0,0.9319885027813504,0.7903112379875172
AMZN,2024-01-20,0.0,0.4659942513906752,0.5268741586583449
AMZN,2024-01-21,1.0,0.7329971256953376,0.6845827724388966
AMZN,2024-01-22,-1.0,-0.1335014371523312,0.12305518162593117
AMZN,2024-01-23,0.3333333333333333,0.09991594809050106,0.1931478988617319
AMZN,2024-01-24,0.3333333333333333,0.21662464071191717,0.23987637701893239
AMZN,2024-01-25,-1.0,-0.3916876796440414,-0.17341574865404505
AMZN,2024-01-26,0.0,-0.1958438398220207,-0.11561049910269672
AMZN,2024-01-27,1.0,0.40207808008898965,0.2562596672648688
AMZN,2024-01-28,1.0,0.7010390400444948,0.5041731115099125
AMZN,2024-01-29,0.2,0.4505195200222474,0.40278207433994173
AMZN,2024-01-30,1.0,0.7252597600111237,0.6018547162266278
AMZN,2024-01-31,0.0,0.36262988000556184,0.40123647748441854
AMZN,2024-02-01,1.0,0.6813149400027809,0.6008243183229457
AMZN,2024-02-02,-0.2,0.24065747000139046,0.33388287888196383
AMZN,2024-02-03,-1.0,-0.37967126499930476,-0.11074474741202407
AMZN,2024-02-05,0.6666666666666666,0.14349770083368094,0.14839239061420614
AMZN,2024-02-06,0.2,0.17174885041684046,0.16559492707613743
AMZN,2024-02-07,0.5,0.33587442520842026,0.277063284717425
AMZN,2024-02-08,0.0,0.16793721260421013,0.18470885647828333
AMZN,2024-02-09,0.0,0.08396860630210506,0.1231392376521889
AMZN,2024-02-10,0.0,0.04198430315105253,0.08209282510145928
AMZN,2024-02-11,1.0,0.5209921515755263,0.38806188340097286
AMZN,2024-02-12,1.0,0.7604960757877631,0.5920412556006486
AMZN,2024-02-13,-0.3333333333333333,0.2135813712272149,0.2835830592893213
AMZN,2024-02-14,0.0,0.10679068561360745,0.18905537285954757
AMZN,2024-02-15,1.0,0.5533953428068037,0.4593702485730317
AMZN,2024-02-16,-1.0,-0.22330232859659815,-0.02708650095131214
AMZN,2024-02-17,1.0,0.3883488357017009,0.31527566603245855
AMZN,2024-02-18,-1.0,-0.30582558214914957,-0.12314955597836093
AMZN,2024-02-19,1.0,0.3470872089254252,0.25123362934775934
AMZN,2024-02-20,0.0,0.1735436044627126,0.16748908623183958
AMZN,2024-02-21,0.3333333333333333,0.25343846889802296,0.2227705019323375
AMZN,2024-02-23,0.3333333333333333,0.29338590111567814,0.2596247790660028
AMZN,2024-02-24,0.0,0.14669295055783907,0.17308318604400189
AMZN,2024-02-25,0.0,0.07334647527891953,0.11538879069600128
AMZN,2024-02-26,0.3333333333333333,0.20333990430612642,0.18803697157511196
AMZN,2024-02-28,0.3333333333333333,0.26833661881972987,0.23646909216118575
AMZN,2024-02-29,1.0,0.6341683094098649,0.49097939477412383
AMZN,2024-03-01,-1.0,-0.18291584529506755,-0.006013736817250722
AMZN,2024-03-02,1.0,0.4085420773524662,0.3293241754551662
AMZN,2024-03-03,1.0,0.7042710386762331,0.5528827836367775
AMZN,2024-03-04,-1.0,-0.14786448066188346,0.03525518909118503
AMZN,2024-03-05,1.0,0.4260677596690583,0.35683679272745666
AMZN,2024-03-06,1.0,0.7130338798345291,0.5712245284849711
AMZN,2024-03-07,-1.0,-0.14348306008273543,0.04748301898998077
AMZN,2024-03-08,-1.0,-0.5717415300413677,-0.3016779873400128
AMZN,2024-03-09,1.0,0.21412923497931613,0.1322146751066581
AMZN,2024-03-11,1.0,0.6070646174896581,0.4214764500711054
AMZN,2024-03-13,0.0,0.30353230874482906,0.28098430004740366
AMZN,2024-03-14,-0.5,-0.09823384562758547,0.020656200031602467
AMZN,2024-03-15,1.0,0.45088307718620724,0.3471041333544016
AMZN,2024-03-16,0.3333333333333333,0.3921082052597703,0.3425138666807122
AMZN,2024-03-17,1.0,0.6960541026298852,0.5616759111204748
AMZN,2024-03-18,-1.0,-0.1519729486850574,0.041117274080316575
AMZN,2024-03-19,1.0,0.4240135256574713,0.3607448493868777
AMZN,2024-03-20,0.5,0.46200676282873565,0.4071632329245851
AMZN,2024-03-21,-1.0,-0.2689966185856322,-0.06189117805027654
AMZN,2024-03-22,-1.0,-0.634498309292816,-0.37459411870018433
AMZN,2024-03-23,0.3333333333333333,-0.15058248797974136,-0.13861830135567849
AMZN,2024-03-24,1.0,0.4247087560101293,0.24092113242954766
AMZN,2024-03-25,-0.5,-0.03764562199493535,-0.0060525783803015345
AMZN,2024-03-26,0.0,-0.018822810997467673,-0.004035052253534357
AMZN,2024-03-27,-0.3333333333333333,-0.1760780721654005,-0.11380114594680067
AMZN,2024-03-28,0.3333333333333333,0.0786276305839664,0.035243680479910645
AMZN,2024-03-30,1.0,0.5393138152919832,0.3568291203199404
AMZN,2024-03-31,-1.0,-0.2303430923540084,-0.09544725312003968
AMZN,2024-04-01,0.0,-0.1151715461770042,-0.06363150208002646
AMZN,2024-04-02,0.5,0.1924142269114979,0.12424566527998235
AMZN,2024-04-03,-0.5,-0.15379288654425105,-0.08383622314667842
AMZN,2024-04-04,0.3333333333333333,0.08977022339454113,0.05522029567999215
AMZN,2024-04-05,0.0,0.044885111697270566,0.0368135304533281
AMZN,2024-04-06,-0.3333333333333333,-0.14422411081803138,-0.08656875747555903
AMZN,2024-04-07,0.3333333333333333,0.09455461125765097,0.053398606127405074
AMZN,2024-04-08,0.6666666666666666,0.3806106389621588,0.2578212929738256
AMZN,2024-04-09,1.0,0.6903053194810794,0.5052141953158837
AMZN,2024-04-11,-0.3333333333333333,0.17848599307387306,0.22569835243281142
AMZN,2024-04-12,0.2,0.18924299653693655,0.21713223495520761
AMZN,2024-04-13,0.0,0.09462149826846827,0.14475482330347175
AMZN,2024-04-14,0.0,0.04731074913423414,0.09650321553564785
AMZN,2024-04-15,-1.0,-0.4763446254328829,-0.2689978563095681
AMZN,2024-04-16,-1.0,-0.7381723127164415,-0.512665237539712
AMZN,2024-04-17,0.0,-0.36908615635822073,-0.3417768250264747
AMZN,2024-04-18,0.0,-0.18454307817911036,-0.22785121668431652
AMZN,2024-04-19,0.2,0.007728460910444823,-0.08523414445621103
AMZN,2024-04-20,-1.0,-0.49613576954477756,-0.39015609630414066
AMZN,2024-04-21,-1.0,-0.7480678847723887,-0.5934373975360938
AMZN,2024-04-22,-0.3333333333333333,-0.540700609052861,-0.5067360428018404
AMZN,2024-04-23,-0.6666666666666666,-0.6036836378597639,-0.5600462507567825
AMZN,2024-04-24,1.0,0.19815818107011807,-0.04003083383785506
AMZN,2024-04-25,-0.3333333333333333,-0.06758757613160762,-0.13779833366968114
AMZN,2024-04-26,0.14285714285714285,0.03763478336276761,-0.04424650816073982
AMZN,2024-04-27,-1.0,-0.4811826083186162,-0.3628310054404932
AMZN,2024-04-28,1.0,0.2594086958406919,0.0914459963730045
AMZN,2024-04-29,-0.14285714285714285,0.05827577649177454,0.013344949962955393
AMZN,2024-04-30,-0.2,-0.07086211175411274,-0.057770033358029736
AMZN,2024-05-01,-0.6363636363636364,-0.35361287405887454,-0.25063456769323195
AMZN,2024-05-02,-0.5,-0.42680643702943727,-0.33375637846215467
AMZN,2024-05-03,-0.3333333333333333,-0.3800698851813853,-0.3336153634192142
AMZN,2024-05-05,0.0,-0.19003494259069265,-0.22241024227947617
AMZN,2024-05-06,0.3333333333333333,0.07164919537132033,-0.03716238374187303
AMZN,2024-05-07,0.3333333333333333,0.20249126435232684,0.08633618861652909
AMZN,2024-05-08,0.6,0.4012456321761634,0.25755745907768607
AMZN,2024-05-09,-0.3333333333333333,0.03395614942141503,0.06059386160734629
AMZN,2024-05-10,0.5,0.2669780747107075,0.20706257440489753
AMZN,2024-05-11,0.0,0.13348903735535375,0.1380417162699317
AMZN,2024-05-12,0.0,0.06674451867767688,0.09202781084662114
AMZN,2024-05-13,0.0,0.03337225933883844,0.06135187389774743
AMZN,2024-05-14,-1.0,-0.48331387033058076,-0.29243208406816834
AMZN,2024-05-15,0.0,-0.24165693516529038,-0.19495472271211226
AMZN,2024-05-16,-1.0,-0.6208284675826452,-0.4633031484747415
AMZN,2024-05-17,0.5,-0.0604142337913226,-0.14220209898316105
AMZN,2024-05-18,0.0,-0.0302071168956613,-0.09480139932210738
AMZN,2024-05-19,0.0,-0.01510355844783065,-0.06320093288140492
AMZN,2024-05-20,1.0,0.4924482207760847,0.2911993780790634
AMZN,2024-05-21,1.0,0.7462241103880424,0.5274662520527089
AMZN,2024-05-22,-0.5,0.12311205519402119,0.18497750136847266
AMZN,2024-05-23,-0.5,-0.1884439724029894,-0.0433483324210182
AMZN,2024-05-24,0.3333333333333333,0.07244468046517195,0.0822122228304323
AMZN,2024-05-25,-1.0,-0.46377765976741403,-0.2785251847797118
AMZN,2024-05-26,1.0,0.268111170116293,0.14764987681352545
AMZN,2024-05-27,1.0,0.6340555850581465,0.4317665845423503
AMZN,2024-05-28,-1.0,-0.18297220747092674,-0.045488943638433095
AMZN,2024-05-29,1.0,0.4085138962645366,0.30300737090771124
AMZN,2024-05-30,-0.6,-0.09574305186773169,0.0020049139384741973
AMZN,2024-05-31,-1.0,-0.5478715259338658,-0.3319967240410172
AMZN,2024-06-01,0.3333333333333333,-0.10726909630026624,-0.11022003824956705
AMZN,2024-06-02,0.0,-0.05363454815013312,-0.07348002549971137
AMZN,2024-06-03,0.3333333333333333,0.1398493925916001,0.06212442744463685
AMZN,2024-06-04,-1.0,-0.43007530370419994,-0.29191704837024207
AMZN,2024-06-05,-0.3333333333333333,-0.3817043185187666,-0.3057224766912725
AMZN,2024-06-06,0.0,-0.1908521592593833,-0.20381498446084836
AMZN,2024-06-07,1.0,0.40457392037030837,0.19745667702610106
AMZN,2024-06-08,1.0,0.7022869601851542,0.4649711180174007
AMZN,2024-06-10,0.2,0.4511434800925771,0.3766474120116005
AMZN,2024-06-11,1.0,0.7255717400462885,0.5844316080077336
AMZN,2024-06-12,0.0,0.3627858700231443,0.3896210720051558
AMZN,2024-06-13,0.0,0.18139293501157214,0.25974738133677056
AMZN,2024-06-14,1.0,0.5906964675057861,0.5064982542245137
AMZN,2024-06-16,1.0,0.795348233752893,0.6709988361496758
AMZN,2024-06-17,1.0,0.8976741168764465,0.7806658907664505
AMZN,2024-06-18,0.0,0.44883705843822325,0.5204439271776338
AMZN,2024-06-19,1.0,0.7244185292191117,0.6802959514517559
AMZN,2024-06-20,-0.5,0.11220926460955583,0.286863967634504
AMZN,2024-06-21,-0.3333333333333333,-0.11056203436188874,0.08013153397855825
AMZN,2024-06-22,0.0,-0.05528101718094437,0.053421022652372176
AMZN,2024-06-23,1.0,0.4723594914095278,0.3689473484349148
AMZN,2024-06-24,1.0,0.7361797457047639,0.5792982322899431
AMZN,2024-06-25,0.5,0.6180898728523819,0.5528654881932955
AMZN,2024-06-26,-0.2,0.20904493642619096,0.30191032546219704
AMZN,2024-06-27,-0.5555555555555556,-0.17325530956468232,0.016088365122946206
AMZN,2024-06-28,-0.2,-0.18662765478234117,-0.05594108991803586
AMZN,2024-06-29,1.0,0.40668617260882944,0.2960392733879761
AMZN,2024-06-30,1.0,0.7033430863044148,0.5306928489253174
AMZN,2024-07-01,0.0,0.3516715431522074,0.35379523261687834
AMZN,2024-07-02,-0.3333333333333333,0.009169104909437037,0.12475237730014115
AMZN,2024-07-03,0.3333333333333333,0.1712512191213852,0.19427936264453854
AMZN,2024-07-04,1.0,0.5856256095606927,0.46285290842969234
AMZN,2024-07-05,-0.3333333333333333,0.12614613811367967,0.19745749450868383
AMZN,2024-07-06,0.0,0.06307306905683983,0.1316383296724559
AMZN,2024-07-09,-1.0,-0.4684634654715801,-0.24557444688502938
AMZN,2024-07-10,0.6,0.06576826726420995,0.036283702076647044
AMZN,2024-07-11,-0.3333333333333333,-0.13378253303456167,-0.08692197639334641
AMZN,2024-07-12,1.0,0.43310873348271917,0.27538534907110235
AMZN,2024-07-13,0.0,0.21655436674135958,0.18359023271406824
AMZN,2024-07-14,0.3333333333333333,0.27494385003734645,0.2335045995871566
AMZN,2024-07-15,-1.0,-0.3625280749813268,-0.1776636002752289
AMZN,2024-07-16,0.0,-0.1812640374906634,-0.11844240018348595
AMZN,2024-07-17,0.7142857142857143,0.26651083839752543,0.1591336379729141
AMZN,2024-07-18,1.0,0.6332554191987627,0.4394224253152761
AMZN,2024-07-19,1.0,0.8166277095993814,0.6262816168768507
AMZN,2024-07-20,0.5,0.6583138547996907,0.5841877445845671
AMZN,2024-07-22,1.0,0.8291569273998454,0.7227918297230448
AMZN,2024-07-23,0.5,0.6645784636999227,0.6485278864820299
AMZN,2024-07-24,-1.0,-0.16771076815003866,0.09901859098801997
AMZN,2024-07-25,1.0,0.41614461592498064,0.3993457273253466
AMZN,2024-07-26,0.0,0.20807230796249032,0.26623048488356443
AMZN,2024-07-29,0.5,0.35403615398124516,0.34415365658904296
AMZN,2024-07-30,-1.0,-0.32298192300937745,-0.10389756227397132
AMZN,2024-07-31,-0.5,-0.4114909615046887,-0.23593170818264755
AMZN,2024-08-01,-1.0,-0.7057454807523443,-0.4906211387884317
AMZN,2024-08-02,-1.0,-0.8528727403761722,-0.6604140925256211
AMZN,2024-08-03,0.0,-0.4264363701880861,-0.44027606168374744
AMZN,2024-08-05,-0.3333333333333333,-0.37988485176070974,-0.40462848556694275
AMZN,2024-08-06,0.0,-0.18994242588035487,-0.2697523237112952
AMZN,2024-08-07,1.0,0.4050287870598226,0.1534984508591365
AMZN,2024-08-08,0.0,0.2025143935299113,0.10233230057275768
AMZN,2024-08-09,-1.0,-0.39874280323504435,-0.2651117996181615
AMZN,2024-08-10,1.0,0.3006285983824778,0.15659213358789228
AMZN,2024-08-11,0.0,0.1503142991912389,0.10439475572526154
AMZN,2024-08-13,1.0,0.5751571495956195,0.40292983715017433
AMZN,2024-08-14,1.0,0.7875785747978097,0.6019532247667829
AMZN,2024-08-15,0.0,0.39378928739890484,0.401302149844522
AMZN,2024-08-16,0.0,0.19689464369945242,0.2675347665630147
AMZN,2024-08-17,0.0,0.09844732184972621,0.17835651104200984
AMZN,2024-08-18,1.0,0.5492236609248631,0.4522376740280066
AMZN,2024-08-19,1.0,0.7746118304624315,0.6348251160186711
AMZN,2024-08-20,1.0,0.8873059152312157,0.7565500773457807
AMZN,2024-08-21,-1.0,-0.05634704238439214,0.17103338489718722
AMZN,2024-08-22,1.0,0.47182647880780393,0.44735558993145813
AMZN,2024-08-23,0.5,0.48591323940390196,0.4649037266209721
AMZN,2024-08-25,0.0,0.24295661970195098,0.30993581774731477
AMZN,2024-08-26,1.0,0.6214783098509755,0.5399572118315432
AMZN,2024-08-27,1.0,0.8107391549254878,0.6933048078876956
AMZN,2024-08-28,-0.3333333333333333,0.23870291079607722,0.35109209414735265
AMZN,2024-08-29,1.0,0.6193514553980386,0.5673947294315684
AMZN,2024-08-30,1.0,0.8096757276990193,0.7115964862877123
AMZN,2024-09-01,1.0,0.9048378638495096,0.8077309908584749
AMZN,2024-09-02,1.0,0.9524189319247548,0.8718206605723167
AMZN,2024-09-03,-1.0,-0.0237905340376226,0.24788044038154453
AMZN,2024-09-04,-1.0,-0.5118952670188113,-0.1680797064123036
AMZN,2024-09-05,-0.2,-0.3559476335094056,-0.17871980427486908
AMZN,2024-09-07,0.0,-0.1779738167547028,-0.11914653618324607
AMZN,2024-09-08,1.0,0.4110130916226486,0.25390230921116924
AMZN,2024-09-10,-1.0,-0.2944934541886757,-0.1640651271925538
AMZN,2024-09-11,1.0,0.35275327290566216,0.22395658187163076
AMZN,2024-09-12,-1.0,-0.3236233635471689,-0.1840289454189128
AMZN,2024-09-13,-1.0,-0.6618116817735844,-0.45601929694594184
AMZN,2024-09-14,0.0,-0.3309058408867922,-0.30401286463062793
AMZN,2024-09-15,1.0,0.3345470795566039,0.130658090246248
AMZN,2024-09-16,0.3333333333333333,0.3339402064449686,0.1982165046086098
AMZN,2024-09-17,0.0,0.1669701032224843,0.1321443364057399
AMZN,2024-09-18,0.3333333333333333,0.25015171827790883,0.19920733538160437
AMZN,2024-09-19,1.0,0.6250758591389545,0.46613822358773627
AMZN,2024-09-20,0.0,0.31253792956947724,0.31075881572515757
AMZN,2024-09-21,1.0,0.6562689647847386,0.540505877150105
AMZN,2024-09-22,1.0,0.8281344823923693,0.6936705847667367
AMZN,2024-09-24,0.0,0.41406724119618465,0.46244705651115786
AMZN,2024-09-25,0.3333333333333333,0.373700287264759,0.4194091487852164
AMZN,2024-09-26,0.0,0.1868501436323795,0.2796060991901443
AMZN,2024-09-27,-1.0,-0.40657492818381025,-0.14692926720657043
AMZN,2024-09-28,-1.0,-0.7032874640919051,-0.43128617813771364
AMZN,2024-09-29,-0.3333333333333333,-0.5183103987126192,-0.3986352298695869
AMZN,2024-09-30,0.0,-0.2591551993563096,-0.26575681991305794
AMZN,2024-10-01,-1.0,-0.6295775996781547,-0.5105045466087053
AMZN,2024-10-02,1.0,0.18521120016092263,-0.007003031072470228
AMZN,2024-10-03,-0.5,-0.15739439991953869,-0.1713353540483135
AMZN,2024-10-04,-1.0,-0.5786971999597693,-0.44755690269887566
AMZN,2024-10-05,0.3333333333333333,-0.122681933313218,-0.18726015735480603
AMZN,2024-10-06,1.0,0.438659033343391,0.2084932284301293
AMZN,2024-10-07,0.0,0.2193295166716955,0.1389954856200862
AMZN,2024-10-08,-0.5,-0.14033524166415223,-0.07400300958660917
AMZN,2024-10-09,1.0,0.4298323791679239,0.2839979936089272
AMZN,2024-10-10,-1.0,-0.28508381041603803,-0.1440013375940485
AMZN,2024-10-11,-1.0,-0.642541905208019,-0.429334225062699
AMZN,2024-10-13,1.0,0.1787290473959905,0.04711051662486727
AMZN,2024-10-14,0.0,0.08936452369799525,0.03140701108324485
AMZN,2024-10-15,-1.0,-0.4553177381510024,-0.3123953259445034
AMZN,2024-10-16,0.3333333333333333,-0.060992202408834545,-0.09715243951855787
AMZN,2024-10-17,0.0,-0.030496101204417272,-0.06476829301237193
AMZN,2024-10-21,0.6,0.28475194939779136,0.156821137991752
AMZN,2024-10-22,0.0,0.14237597469889568,0.10454742532783469
AMZN,2024-10-23,0.5,0.32118798734944787,0.23636495021855647
AMZN,2024-10-24,1.0,0.6605939936747239,0.490909966812371
AMZN,2024-10-25,1.0,0.8302969968373619,0.6606066445415807
AMZN,2024-10-26,1.0,0.915148498418681,0.7737377630277205
AMZN,2024-10-28,0.3333333333333333,0.6242409158760072,0.6269362864629248
AMZN,2024-10-29,-0.3333333333333333,0.14545379127133692,0.30684641319750544
AMZN,2024-10-30,-0.3333333333333333,-0.0939397710309982,0.09345316435389255
AMZN,2024-10-31,0.0,-0.0469698855154991,0.0623021095692617
AMZN,2024-11-01,-0.42857142857142855,-0.2377706570434638,-0.10132240314430171
AMZN,2024-11-02,0.0,-0.1188853285217319,-0.06754826876286782
AMZN,2024-11-03,1.0,0.440557335739134,0.2883011541580881
AMZN,2024-11-04,0.3333333333333333,0.3869453345362337,0.30331188054983654
AMZN,2024-11-05,-0.3333333333333333,0.02680600060145019,0.09109680925544661
AMZN,2024-11-06,1.0,0.513403000300725,0.3940645395036311
AMZN,2024-11-07,0.3333333333333333,0.42336816681702916,0.37382080411353186
AMZN,2024-11-08,0.2,0.3116840834085146,0.31588053607568795
AMZN,2024-11-09,-1.0,-0.3441579582957427,-0.12274630928287467
AMZN,2024-11-10,-1.0,-0.6720789791478714,-0.4151642061885831
AMZN,2024-11-11,0.3333333333333333,-0.16937282290726904,-0.1656650263479443
AMZN,2024-11-12,0.6666666666666666,0.24864692187969878,0.11177887132359265
AMZN,2024-11-13,-0.3333333333333333,-0.04234320572681727,-0.036591863562049326
AMZN,2024-11-14,1.0,0.47882839713659137,0.30893875762530043
AMZN,2024-11-15,1.0,0.7394141985682957,0.5392925050835337
AMZN,2024-11-16,1.0,0.8697070992841478,0.6928616700556891
AMZN,2024-11-17,1.0,0.9348535496420739,0.7952411133704594
AMZN,2024-11-19,-1.0,-0.03257322517896305,0.1968274089136397
AMZN,2024-11-20,0.0,-0.016286612589481525,0.13121827260909316
AMZN,2024-11-21,0.0,-0.008143306294740763,0.08747884840606211
AMZN,2024-11-22,0.0,-0.004071653147370381,0.05831923227070808
AMZN,2024-11-23,1.0,0.4979641734263148,0.37221282151380536
AMZN,2024-11-24,1.0,0.7489820867131574,0.5814752143425369
AMZN,2024-11-25,0.0,0.3744910433565787,0.38765014289502464
AMZN,2024-11-26,0.6,0.48724552167828933,0.4584334285966831
AMZN,2024-11-27,0.0,0.24362276083914466,0.3056222857311221
AMZN,2024-11-28,1.0,0.6218113804195723,0.537081523820748
AMZN,2024-11-29,1.0,0.8109056902097862,0.6913876825471654
AMZN,2024-11-30,1.0,0.9054528451048931,0.7942584550314437
AMZN,2024-12-01,1.0,0.9527264225524466,0.8628389700209624
AMZN,2024-12-02,1.0,0.9763632112762233,0.9085593133473083
AMZN,2024-12-03,-0.3333333333333333,0.321514938971445,0.49459509778709454
AMZN,2024-12-04,-0.2,0.0607574694857225,0.2630633985247297
AMZN,2024-12-05,-1.0,-0.46962126525713876,-0.15795773431684682
AMZN,2024-12-06,0.0,-0.23481063262856938,-0.10530515621123122
AMZN,2024-12-07,1.0,0.3825946836857153,0.2631298958591792
AMZN,2024-12-08,-1.0,-0.3087026581571424,-0.1579134027605472
AMZN,2024-12-09,0.0,-0.1543513290785712,-0.1052756018403648
AMZN,2024-12-10,1.0,0.4228243354607144,0.26314959877309013
AMZN,2024-12-11,-1.0,-0.2885878322696428,-0.15790026748460653
AMZN,2024-12-12,1.0,0.3557060838651786,0.2280664883435956
AMZN,2024-12-13,0.0,0.1778530419325893,0.15204432556239708
AMZN,2024-12-14,1.0,0.5889265209662946,0.43469621704159805
AMZN,2024-12-15,-1.0,-0.2055367395168527,-0.043535855305601244
AMZN,2024-12-16,0.0,-0.10276836975842635,-0.0290239035370675
AMZN,2024-12-17,1.0,0.44861581512078685,0.31398406430862164
AMZN,2024-12-18,1.0,0.7243079075603934,0.5426560428724144
AMZN,2024-12-19,0.0,0.3621539537801967,0.3617706952482763
AMZN,2024-12-20,-1.0,-0.3189230231099016,-0.09215286983448241
AMZN,2024-12-21,1.0,0.3405384884450492,0.2718980867770117
AMZN,2024-12-22,-0.3333333333333333,0.0036025775558579387,0.07015428007356339
AMZN,2024-12-23,-1.0,-0.49819871122207104,-0.28656381328429104
AMZN,2024-12-25,0.3333333333333333,-0.08243268894436886,-0.07993143107841627
AMZN,2024-12-26,-1.0,-0.5412163444721845,-0.3866209540522775
AMZN,2024-12-27,-1.0,-0.7706081722360922,-0.5910806360348516
AMZN,2024-12-28,1.0,0.11469591388195388,-0.06072042402323447
AMZN,2024-12-30,1.0,0.5573479569409769,0.292853050651177
AMZN,2024-12-31,-1.0,-0.22132602152951153,-0.13809796623254864
GOOG,2023-01-01,-1.0,-1.0,-1.0
GOOG,2023-01-02,0.0,-0.5,-0.6666666666666667
GOOG,2023-01-03,0.14285714285714285,-0.17857142857142858,-0.3968253968253969
GOOG,2023-01-04,0.5,0.1607142857142857,-0.09788359788359798
GOOG,2023-01-05,1.0,0.5803571428571428,0.2680776014109347
GOOG,2023-01-06,1.0,0.7901785714285714,0.5120517342739564
GOOG,2023-01-07,1.0,0.8950892857142857,0.6747011561826377
GOOG,2023-01-08,1.0,0.9475446428571428,0.7831341041217585
GOOG,2023-01-09,0.3333333333333333,0.640438988095238,0.6332005138589502
GOOG,2023-01-10,1.0,0.8202194940476191,0.7554670092393001
GOOG,2023-01-11,0.3333333333333333,0.5767764136904762,0.6147557839373112
GOOG,2023-01-12,0.75,0.6633882068452381,0.6598371892915409
GOOG,2023-01-13,0.0,0.33169410342261907,0.439891459527694
GOOG,2023-01-14,1.0,0.6658470517113095,0.626594306351796
GOOG,2023-01-16,0.8333333333333334,0.7495901925223214,0.6955073153456418
GOOG,2023-01-17,0.25,0.4997950962611607,0.5470048768970945
GOOG,2023-01-18,1.0,0.7498975481305803,0.6980032512647297
GOOG,2023-01-19,0.5,0.6249487740652901,0.6320021675098199
GOOG,2023-01-20,0.2,0.41247438703264505,0.48800144500654663
GOOG,2023-01-21,1.0,0.7062371935163225,0.6586676300043645
GOOG,2023-01-22,0.0,0.35311859675816126,0.439111753336243
GOOG,2023-01-23,0.5,0.42655929837908063,0.45940783555749537
GOOG,2023-01-24,0.5555555555555556,0.49105742696731813,0.4914570755568488
GOOG,2023-01-25,1.0,0.745528713483659,0.6609713837045659
GOOG,2023-01-26,0.0,0.3727643567418295,0.4406475891363773
GOOG,2023-01-27,1.0,0.6863821783709148,0.6270983927575848
GOOG,2023-01-28,0.0,0.3431910891854574,0.41806559517172326
GOOG,2023-01-29,1.0,0.6715955445927286,0.6120437301144822
GOOG,2023-01-30,1.0,0.8357977722963643,0.7413624867429882
GOOG,2023-01-31,-0.3333333333333333,0.25123221948151553,0.38313054671754776
GOOG,2023-02-01,0.6,0.42561610974075775,0.4554203644783652
GOOG,2023-02-02,0.5555555555555556,0.4905858326481567,0.48879876150409535
GOOG,2023-02-03,0.6470588235294118,0.5688223280887843,0.5415521155125342
GOOG,2023-02-04,0.0,0.28441116404439215,0.36103474367502286
GOOG,2023-02-05,1.0,0.6422055820221961,0.5740231624500153
GOOG,2023-02-06,0.8666666666666667,0.7544361243444314,0.6715709971888991
GOOG,2023-02-07,0.2,0.47721806217221574,0.5143806647925995
GOOG,2023-02-08,0.75,0.6136090310861079,0.5929204431950663
GOOG,2023-02-09,0.8333333333333334,0.7234711822097206,0.6730580732411554
GOOG,2023-02-10,0.8333333333333334,0.778402257771527,0.7264831599385481
GOOG,2023-02-11,1.0,0.8892011288857635,0.8176554399590321
GOOG,2023-02-12,1.0,0.9446005644428818,0.8784369599726881
GOOG,2023-02-13,0.75,0.8473002822214408,0.8356246399817921
GOOG,2023-02-14,1.0,0.9236501411107204,0.8904164266545281
GOOG,2023-02-15,1.0,0.9618250705553602,0.9269442844363521
GOOG,2023-02-16,0.8461538461538461,0.9039894583546031,0.9000141383421836
GOOG,2023-02-17,0.75,0.8269947291773015,0.8500094255614558
GOOG,2023-02-18,0.75,0.7884973645886508,0.8166729503743039
GOOG,2023-02-19,0.6,0.6942486822943255,0.7444486335828693
GOOG,2023-02-20,1.0,0.8471243411471627,0.8296324223885796
GOOG,2023-02-21,1.0,0.9235621705735814,0.8864216149257198
GOOG,2023-02-22,0.3333333333333333,0.6284477519534574,0.7020588543949243
GOOG,2023-02-23,1.0,0.8142238759767286,0.8013725695966163
GOOG,2023-02-24,0.75,0.7821119379883643,0.7842483797310776
GOOG,2023-02-26,1.0,0.8910559689941822,0.8561655864873852
GOOG,2023-02-27,0.2,0.5455279844970911,0.6374437243249235
GOOG,2023-02-28,0.5,0.5227639922485455,0.591629149549949
GOOG,2023-03-01,0.4,0.4613819961242728,0.5277527663666327
GOOG,2023-03-02,1.0,0.7306909980621363,0.6851685109110885
GOOG,2023-03-03,1.0,0.8653454990310682,0.7901123406073924
GOOG,2023-03-04,1.0,0.932672749515534,0.8600748937382616
GOOG,2023-03-05,1.0,0.966336374757767,0.9067165958255078
GOOG,2023-03-06,-0.3333333333333333,0.3165015207122168,0.4933666194392275
GOOG,2023-03-07,0.6666666666666666,0.4915840936894417,0.551133301848374
GOOG,2023-03-08,0.42857142857142855,0.46007776113043514,0.5102793440893922
GOOG,2023-03-09,0.6,0.5300388805652175,0.5401862293929282
GOOG,2023-03-10,1.0,0.7650194402826087,0.6934574862619521
GOOG,2023-03-12,1.0,0.8825097201413044,0.7956383241746348
GOOG,2023-03-13,0.6,0.7412548600706521,0.7304255494497566
GOOG,2023-03-14,0.42857142857142855,0.5849131443210404,0.6298075091569806
GOOG,2023-03-15,1.0,0.7924565721605201,0.7532050061046538
GOOG,2023-03-16,0.09090909090909091,0.44168283153480553,0.5324397010394663
GOOG,2023-03-17,0.6190476190476191,0.5303652252912123,0.5613090070421839
GOOG,2023-03-18,1.0,0.7651826126456062,0.7075393380281226
GOOG,2023-03-19,1.0,0.882591306322803,0.8050262253520818
GOOG,2023-03-20,0.6666666666666666,0.7746289864947349,0.7589063724569435
GOOG,2023-03-21,0.5833333333333334,0.6789811599140341,0.7003820260824068
GOOG,2023-03-22,1.0,0.839490579957017,0.8002546840549379
GOOG,2023-03-23,0.6666666666666666,0.7530786233118418,0.7557253449255142
GOOG,2023-03-24,0.6,0.6765393116559208,0.7038168966170095
GOOG,2023-03-25,1.0,0.8382696558279604,0.802544597744673
GOOG,2023-03-26,1.0,0.9191348279139802,0.8683630651631153
GOOG,2023-03-27,0.3333333333333333,0.6262340806236567,0.6900198212198547
GOOG,2023-03-28,0.1111111111111111,0.3686725958673839,0.4970502511836069
GOOG,2023-03-29,0.17647058823529413,0.272571592051339,0.39019036353416936
GOOG,2023-03-30,0.16666666666666666,0.21961912935900285,0.31568246457833515
GOOG,2023-03-31,0.7142857142857143,0.4669524218223586,0.44855021448079485
GOOG,2023-04-01,-1.0,-0.2665237890888207,-0.03429985701280338
GOOG,2023-04-02,1.0,0.36673810545558966,0.3104667619914644
GOOG,2023-04-03,0.0,0.18336905272779483,0.20697784132764294
GOOG,2023-04-04,0.3333333333333333,0.2583511930305641,0.2490963386628731
GOOG,2023-04-05,0.8571428571428571,0.5577470250867106,0.45177851148953446
GOOG,2023-04-06,0.6666666666666666,0.6122068458766886,0.5234078965485786
GOOG,2023-04-07,0.6,0.6061034229383443,0.5489385976990524
GOOG,2023-04-08,1.0,0.8030517114691722,0.699292398466035
GOOG,2023-04-10,1.0,0.9015258557345861,0.7995282656440234
GOOG,2023-04-11,1.0,0.9507629278672931,0.8663521770960156
GOOG,2023-04-12,0.3333333333333333,0.6420481306003132,0.6886792291751216
GOOG,2023-04-13,1.0,0.8210240653001566,0.7924528194500811
GOOG,2023-04-14,0.3333333333333333,0.5771786993167449,0.6394129907444985
GOOG,2023-04-16,0.5,0.5385893496583725,0.5929419938296657
GOOG,2023-04-17,0.8461538461538461,0.6923715979061094,0.6773459446043926
GOOG,2023-04-18,0.7142857142857143,0.7033286560959118,0.6896592011648331
GOOG,2023-04-19,1.0,0.8516643280479559,0.7931061341098888
GOOG,2023-04-20,0.6,0.725832164023978,0.7287374227399259
GOOG,2023-04-21,0.5,0.612916082011989,0.6524916151599507
GOOG,2023-04-22,0.5,0.5564580410059945,0.6016610767733005
GOOG,2023-04-23,0.3333333333333333,0.4448956871696639,0.5122184956266448
GOOG,2023-04-24,0.8333333333333334,0.6391145102514986,0.6192567748622076
GOOG,2023-04-25,0.125,0.3820572551257493,0.4545045165748051
GOOG,2023-04-26,-0.05263157894736842,0.16471283808919043,0.2854591514007473
GOOG,2023-04-27,0.5,0.33235641904459523,0.35697276760049823
GOOG,2023-04-28,0.5,0.4161782095222976,0.4046485117336655
GOOG,2023-04-29,0.0,0.2080891047611488,0.2697656744891104
GOOG,2023-04-30,0.5,0.3540445523805744,0.3465104496594069
GOOG,2023-05-01,0.8181818181818182,0.5861131852811963,0.5037342391668773
GOOG,2023-05-02,1.0,0.7930565926405981,0.669156159444585
GOOG,2023-05-03,0.45454545454545453,0.6238010235930264,0.5976192578115415
GOOG,2023-05-04,1.0,0.8119005117965132,0.731746171874361
GOOG,2023-05-05,0.42857142857142855,0.6202359701839709,0.6306879241067169
GOOG,2023-05-06,1.0,0.8101179850919855,0.753791949404478
GOOG,2023-05-07,1.0,0.9050589925459928,0.8358612996029854
GOOG,2023-05-08,0.6,0.7525294962729964,0.7572408664019903
GOOG,2023-05-09,0.2,0.4762647481364982,0.5714939109346603
GOOG,2023-05-10,0.8260869565217391,0.6511758523291187,0.6563582594636866
GOOG,2023-05-11,0.5652173913043478,0.6081966218167332,0.6259779700772404
GOOG,2023-05-12,0.3333333333333333,0.4707649775750332,0.5284297578292715
GOOG,2023-05-13,0.3333333333333333,0.4020491554541833,0.4633976163306255
GOOG,2023-05-14,0.0,0.20102457772709165,0.308931744220417
GOOG,2023-05-15,0.8333333333333334,0.5171789555302125,0.4837322739247225
GOOG,2023-05-16,0.8333333333333334,0.675256144431773,0.6002659603942595
GOOG,2023-05-17,0.7777777777777778,0.7265169611047754,0.6594365661887657
GOOG,2023-05-18,0.75,0.7382584805523877,0.6896243774591772
GOOG,2023-05-19,0.7777777777777778,0.7580181291650827,0.719008844232044
GOOG,2023-05-21,1.0,0.8790090645825414,0.8126725628213627
GOOG,2023-05-22,0.25,0.5645045322912707,0.6251150418809085
GOOG,2023-05-23,0.75,0.6572522661456354,0.6667433612539391
GOOG,2023-05-24,0.5555555555555556,0.6064039108505954,0.629680759354478
GOOG,2023-05-25,0.5,0.5532019554252977,0.586453839569652
GOOG,2023-05-26,0.6,0.5766009777126488,0.590969226379768
GOOG,2023-05-28,1.0,0.7883004888563244,0.727312817586512
GOOG,2023-05-30,0.0,0.3941502444281622,0.4848752117243414
GOOG,2023-05-31,1.0,0.6970751222140811,0.6565834744828942
GOOG,2023-06-01,1.0,0.8485375611070405,0.7710556496552629
GOOG,2023-06-02,1.0,0.9242687805535202,0.8473704331035086
GOOG,2023-06-03,1.0,0.9621343902767601,0.8982469554023391
GOOG,2023-06-04,1.0,0.98106719513838,0.9321646369348928
GOOG,2023-06-05,1.0,0.99053359756919,0.954776424623262
GOOG,2023-06-06,0.7777777777777778,0.884155687673484,0.8957768756747673
GOOG,2023-06-07,0.23076923076923078,0.5574624592213574,0.6741076607062552
GOOG,2023-06-08,1.0,0.7787312296106788,0.7827384404708368
GOOG,2023-06-09,0.5,0.6393656148053394,0.6884922936472246
GOOG,2023-06-10,1.0,0.8196828074026696,0.7923281957648165
GOOG,2023-06-11,1.0,0.9098414037013348,0.8615521305098777
GOOG,2023-06-12,-0.14285714285714285,0.38349213042209596,0.5267490393875376
GOOG,2023-06-13,0.3333333333333333,0.3584127318777146,0.4622771373694695
GOOG,2023-06-14,0.8666666666666667,0.6125396992721907,0.597073647135202
GOOG,2023-06-15,0.4,0.5062698496360953,0.531382431423468
GOOG,2023-06-16,0.6,0.5531349248180477,0.554254954282312
GOOG,2023-06-17,1.0,0.7765674624090239,0.702836636188208
GOOG,2023-06-18,1.0,0.888283731204512,0.8018910907921387
GOOG,2023-06-19,1.0,0.944141865602256,0.8679273938614258
GOOG,2023-06-20,0.14285714285714285,0.5434995042296994,0.6262373101933315
GOOG,2023-06-21,1.0,0.7717497521148498,0.750824873462221
GOOG,2023-06-22,0.2,0.48587487605742485,0.5672165823081474
GOOG,2023-06-23,0.42857142857142855,0.4572231523144267,0.5210015310625745
GOOG,2023-06-24,0.5,0.47861157615721334,0.514001020708383
GOOG,2023-06-26,0.7777777777777778,0.6281946769674955,0.6019266063981813
GOOG,2023-06-27,1.0,0.8140973384837478,0.7346177375987876
GOOG,2023-06-28,1.0,0.9070486692418739,0.8230784917325251
GOOG,2023-06-29,0.6666666666666666,0.7868576679542703,0.7709412167105724
GOOG,2023-06-30,1.0,0.8934288339771351,0.847294144473715
GOOG,2023-07-01,1.0,0.9467144169885675,0.89819609631581
GOOG,2023-07-02,1.0,0.9733572084942838,0.9321307308772067
GOOG,2023-07-03,0.5,0.7366786042471418,0.7880871539181379
GOOG,2023-07-04,1.0,0.8683393021235709,0.8587247692787586
GOOG,2023-07-05,0.14285714285714285,0.5055982224903569,0.62010222713822
GOOG,2023-07-06,0.5,0.5027991112451784,0.5800681514254801
GOOG,2023-07-07,0.6,0.5513995556225892,0.5867121009503201
GOOG,2023-07-10,1.0,0.7756997778112946,0.7244747339668801
GOOG,2023-07-11,0.14285714285714285,0.4592784603342187,0.5306022035969677
GOOG,2023-07-12,0.3333333333333333,0.39630589683377604,0.46484591350908966
GOOG,2023-07-13,0.3333333333333333,0.36481961508355465,0.42100838678383756
GOOG,2023-07-14,1.0,0.6824098075417773,0.614005591189225
GOOG,2023-07-17,-0.5,0.09120490377088863,0.24267039412615007
GOOG,2023-07-18,0.14285714285714285,0.11703102331401574,0.20939931036981435
GOOG,2023-07-19,1.0,0.5585155116570079,0.47293287357987623
GOOG,2023-07-20,0.0,0.27925775582850393,0.3152885823865842
GOOG,2023-07-21,0.7142857142857143,0.49677173505710914,0.4482876263529609
GOOG,2023-07-22,1.0,0.7483858675285546,0.6321917509019739
GOOG,2023-07-24,-0.5,0.12419293376427731,0.254794500601316
GOOG,2023-07-25,-0.25,-0.06290353311786134,0.086529667067544
GOOG,2023-07-26,0.06666666666666667,0.0018815667744026612,0.07990866693391822
GOOG,2023-07-27,0.14285714285714285,0.07236935481577275,0.10089149224165977
GOOG,2023-07-28,-0.5,-0.2138153225921136,-0.09940567183889347
GOOG,2023-07-29,1.0,0.3930923387039432,0.26706288544073764
GOOG,2023-07-30,-1.0,-0.3034538306480284,-0.15529140970617486
GOOG,2023-07-31,0.0,-0.1517269153240142,-0.10352760647078325
GOOG,2023-08-01,0.3333333333333333,0.09080320900465956,0.042092706797255595
GOOG,2023-08-02,0.0,0.04540160450232978,0.028061804531503733
GOOG,2023-08-03,1.0,0.5227008022511649,0.35204120302100245
GOOG,2023-08-04,0.7142857142857143,0.6184932582684396,0.47278937344257305
GOOG,2023-08-05,1.0,0.8092466291342197,0.6485262489617154
GOOG,2023-08-06,0.0,0.40462331456710987,0.43235083264114366
GOOG,2023-08-07,1.0,0.7023116572835549,0.6215672217607624
GOOG,2023-08-08,1.0,0.8511558286417775,0.7477114811738417
GOOG,2023-08-09,0.6,0.7255779143208887,0.6984743207825611
GOOG,2023-08-11,1.0,0.8627889571604443,0.7989828805217074
GOOG,2023-08-12,1.0,0.9313944785802222,0.8659885870144717
GOOG,2023-08-13,1.0,0.9656972392901111,0.9106590580096479
GOOG,2023-08-14,0.6,0.7828486196450555,0.8071060386730986
GOOG,2023-08-15,0.42857142857142855,0.605710024108242,0.6809278353058753
GOOG,2023-08-16,0.75,0.677855012054121,0.7039518902039169
GOOG,2023-08-17,1.0,0.8389275060270605,0.802634593469278
GOOG,2023-08-18,1.0,0.9194637530135302,0.868423062312852
GOOG,2023-08-19,1.0,0.9597318765067651,0.9122820415419014
GOOG,2023-08-20,0.0,0.47986593825338253,0.608188027694601
GOOG,2023-08-21,0.7142857142857143,0.5970758262695484,0.6435539232249722
GOOG,2023-08-22,0.14285714285714285,0.3699664845633456,0.4766549964356958
GOOG,2023-08-23,0.6363636363636364,0.503165060463491,0.5298912097450094
GOOG,2023-08-24,0.2,0.35158253023174546,0.4199274731633396
GOOG,2023-08-25,1.0,0.6757912651158727,0.613284982108893
GOOG,2023-08-26,-1.0,-0.16210436744206363,0.07552332140592875
GOOG,2023-08-28,0.2,0.018947816278968188,0.11701554760395251
GOOG,2023-08-29,0.09090909090909091,0.05492845359402955,0.10831339537233199
GOOG,2023-08-30,0.4666666666666667,0.2607975601303481,0.2277644858037769
GOOG,2023-08-31,0.5,0.380398780065174,0.31850965720251795
GOOG,2023-09-01,-0.42857142857142855,-0.02408632425312726,0.06948262861120247
GOOG,2023-09-02,-1.0,-0.5120431621265636,-0.287011580925865
GOOG,2023-09-04,1.0,0.24397841893671818,0.14199227938275663
GOOG,2023-09-05,1.0,0.6219892094683591,0.42799485292183775
GOOG,2023-09-06,0.7647058823529411,0.6933475459106502,0.5402318627322056
GOOG,2023-09-07,0.75,0.7216737729553251,0.6101545751548038
GOOG,2023-09-08,0.8,0.7608368864776626,0.6734363834365359
GOOG,2023-09-09,1.0,0.8804184432388313,0.7822909222910239
GOOG,2023-09-10,1.0,0.9402092216194157,0.8548606148606827
GOOG,2023-09-11,0.8,0.8701046108097079,0.8365737432404552
GOOG,2023-09-12,0.7,0.7850523054048539,0.7910491621603035
GOOG,2023-09-13,0.8181818181818182,0.801617061793336,0.8000933808341418
GOOG,2023-09-14,0.5,0.650808530896668,0.7000622538894279
GOOG,2023-09-15,0.6,0.625404265448334,0.6667081692596186
GOOG,2023-09-16,1.0,0.812702132724167,0.7778054461730791
GOOG,2023-09-17,-0.3333333333333333,0.23968439969541686,0.40742585300427503
GOOG,2023-09-18,1.0,0.6198421998477084,0.6049505686695167
GOOG,2023-09-19,0.5384615384615384,0.5791518691546234,0.5827875586001906
GOOG,2023-09-20,1.0,0.7895759345773117,0.7218583724001271
GOOG,2023-09-21,0.2,0.4947879672886558,0.5479055816000847
GOOG,2023-09-22,1.0,0.747393983644328,0.6986037210667232
GOOG,2023-09-23,1.0,0.873696991822164,0.7990691473778155
GOOG,2023-09-24,1.0,0.936848495911082,0.8660460982518771
GOOG,2023-09-25,0.2,0.568424247955541,0.6440307321679181
GOOG,2023-09-26,0.42857142857142855,0.4984978382634848,0.5722109643024216
GOOG,2023-09-27,1.0,0.7492489191317424,0.7148073095349478
GOOG,2023-09-28,0.0,0.3746244595658712,0.4765382063566319
GOOG,2023-09-29,1.0,0.6873122297829356,0.6510254709044213
GOOG,2023-09-30,1.0,0.8436561148914679,0.767350313936281
GOOG,2023-10-01,1.0,0.9218280574457339,0.844900209290854
GOOG,2023-10-02,0.8461538461538461,0.88399095179979,0.8453180882451847
GOOG,2023-10-03,1.0,0.941995475899895,0.8968787254967898
GOOG,2023-10-04,0.5789473684210527,0.7604714221604738,0.7909016064715442
GOOG,2023-10-05,0.7647058823529411,0.7625886522567075,0.7821696984320099
GOOG,2023-10-06,1.0,0.8812943261283537,0.8547797989546733
GOOG,2023-10-07,0.6,0.7406471630641769,0.7698531993031156
GOOG,2023-10-08,1.0,0.8703235815320884,0.8465687995354104
GOOG,2023-10-09,0.0,0.4351617907660442,0.5643791996902737
GOOG,2023-10-10,0.8333333333333334,0.6342475620496888,0.6540305775712937
GOOG,2023-10-11,0.25,0.4421237810248444,0.5193537183808625
GOOG,2023-10-12,-0.2,0.1210618905124222,0.2795691455872417
GOOG,2023-10-13,0.6666666666666666,0.3938642785895444,0.4086016526137167
GOOG,2023-10-14,1.0,0.6969321392947723,0.6057344350758112
GOOG,2023-10-15,0.0,0.34846606964738613,0.40382295671720747
GOOG,2023-10-16,0.5,0.42423303482369307,0.435881971144805
GOOG,2023-10-17,0.0,0.21211651741184653,0.29058798076320336
GOOG,2023-10-18,0.0,0.10605825870592327,0.19372532050880226
GOOG,2023-10-19,0.17647058823529413,0.1412644234706087,0.18797374308429957
GOOG,2023-10-20,-0.14285714285714285,-0.0007963596932670791,0.07769678110381878
GOOG,2023-10-21,0.0,-0.00039817984663353956,0.05179785406921252
GOOG,2023-10-22,0.0,-0.00019908992331676978,0.03453190271280835
GOOG,2023-10-23,0.0,-9.954496165838489e-05,0.02302126847520557
GOOG,2023-10-24,0.42857142857142855,0.2142359418048851,0.15820465517394655
GOOG,2023-10-25,0.0,0.10711797090244254,0.10546977011596438
GOOG,2023-10-26,0.3333333333333333,0.22022565211788792,0.1814242911884207
GOOG,2023-10-27,0.6,0.41011282605894395,0.3209495274589471
GOOG,2023-10-28,0.3333333333333333,0.3717230796961386,0.3250774627504092
GOOG,2023-10-29,0.3333333333333333,0.35252820651473593,0.32782941961138395
GOOG,2023-10-30,0.6923076923076923,0.5224179494112141,0.4493221771768201
GOOG,2023-10-31,-0.3333333333333333,0.0945423080389404,0.188437007006769
GOOG,2023-11-01,0.14285714285714285,0.11869972544804162,0.17324371895689364
GOOG,2023-11-02,0.5,0.3093498627240208,0.28216247930459576
GOOG,2023-11-03,1.0,0.6546749313620104,0.5214416528697305
GOOG,2023-11-04,1.0,0.8273374656810052,0.6809611019131537
GOOG,2023-11-06,0.6923076923076923,0.7598225789943487,0.6847432987113333
GOOG,2023-11-07,0.7777777777777778,0.7688001783860632,0.7157547917334816
GOOG,2023-11-08,0.6,0.6844000891930315,0.6771698611556544
GOOG,2023-11-09,0.3333333333333333,0.5088667112631824,0.5625576852148807
GOOG,2023-11-10,0.75,0.6294333556315912,0.6250384568099205
GOOG,2023-11-11,1.0,0.8147166778157956,0.7500256378732804
GOOG,2023-11-12,1.0,0.9073583389078979,0.8333504252488536
GOOG,2023-11-13,0.2,0.5536791694539489,0.6222336168325692
GOOG,2023-11-14,0.8947368421052632,0.7242080057796061,0.7130680252568006
GOOG,2023-11-15,0.6470588235294118,0.6856334146545089,0.6910649580143376
GOOG,2023-11-16,0.42857142857142855,0.5571024216129687,0.6035671148667013
GOOG,2023-11-17,1.0,0.7785512108064844,0.7357114099111343
GOOG,2023-11-18,1.0,0.8892756054032422,0.8238076066074229
GOOG,2023-11-20,1.0,0.9446378027016211,0.8825384044049487
GOOG,2023-11-21,1.0,0.9723189013508106,0.9216922696032992
GOOG,2023-11-22,0.5,0.7361594506754052,0.7811281797355328
GOOG,2023-11-23,1.0,0.8680797253377026,0.8540854531570219
GOOG,2023-11-24,0.0,0.4340398626688513,0.5693903021046813
GOOG,2023-11-25,-1.0,-0.28298006866557435,0.04626020140312095
GOOG,2023-11-26,1.0,0.3585099656672128,0.36417346760208064
GOOG,2023-11-27,0.75,0.5542549828336064,0.4927823117347204
GOOG,2023-11-28,1.0,0.7771274914168032,0.6618548744898136
GOOG,2023-11-29,0.6923076923076923,0.7347175918622477,0.6720058137624398
GOOG,2023-11-30,0.45454545454545453,0.5946315232038512,0.5995190273567781
GOOG,2023-12-01,0.25,0.4223157616019256,0.48301268490451876
GOOG,2023-12-03,-1.0,-0.28884211919903724,-0.01132487673032077
GOOG,2023-12-04,0.0,-0.14442105959951862,-0.007549917820213848
GOOG,2023-12-05,1.0,0.4277894702002407,0.3283000547865241
GOOG,2023-12-06,0.5,0.46389473510012036,0.3855333698576827
GOOG,2023-12-07,0.23076923076923078,0.3473319829346756,0.33394532349486544
GOOG,2023-12-08,0.8181818181818182,0.5827569005582469,0.49535748839051635
GOOG,2023-12-09,1.0,0.7913784502791235,0.6635716589270109
GOOG,2023-12-10,1.0,0.8956892251395617,0.775714439284674
GOOG,2023-12-11,1.0,0.9478446125697808,0.8504762928564493
GOOG,2023-12-12,0.5555555555555556,0.7517000840626682,0.7521693804228181
GOOG,2023-12-13,0.30434782608695654,0.5280239550748124,0.602895528977531
GOOG,2023-12-14,0.42857142857142855,0.47829769182312043,0.5447874955088302
GOOG,2023-12-15,0.5,0.4891488459115602,0.5298583303392201
GOOG,2023-12-16,1.0,0.7445744229557801,0.6865722202261468
GOOG,2023-12-17,0.0,0.37228721147789007,0.4577148134840979
GOOG,2023-12-18,0.2,0.28614360573894504,0.3718098756560653
GOOG,2023-12-19,0.4,0.34307180286947253,0.38120658377071026
GOOG,2023-12-20,0.0,0.17153590143473627,0.2541377225138069
GOOG,2023-12-21,0.6666666666666666,0.41910128405070146,0.3916473705647602
GOOG,2023-12-22,-1.0,-0.29044935797464927,-0.07223508629015983
GOOG,2023-12-23,-1.0,-0.6452246789873246,-0.38149005752677323
GOOG,2023-12-24,1.0,0.1773876605063377,0.07900662831548447
GOOG,2023-12-25,1.0,0.5886938302531688,0.3860044188769896
GOOG,2023-12-26,0.2,0.3943469151265844,0.3240029459179931
GOOG,2023-12-27,0.0,0.1971734575632922,0.21600196394532878
GOOG,2023-12-28,0.6,0.3985867287816461,0.3440013092968858
GOOG,2023-12-29,0.3333333333333333,0.3659600310574897,0.340445317309035
GOOG,2023-12-30,0.6,0.4829800155287448,0.42696354487269
GOOG,2023-12-31,1.0,0.7414900077643725,0.6179756965817933
GOOG,2024-01-01,1.0,0.8707450038821862,0.7453171310545289
GOOG,2024-01-02,0.6666666666666666,0.7687058352744265,0.7191003095919082
GOOG,2024-01-03,-0.5,0.13435291763721324,0.3127335397279388
GOOG,2024-01-04,0.6666666666666666,0.40050979215193994,0.43071124870751476
GOOG,2024-01-05,0.3333333333333333,0.36692156274263665,0.39825194358278765
GOOG,2024-01-06,1.0,0.6834607813713183,0.5988346290551918
GOOG,2024-01-08,0.0,0.34173039068565914,0.39922308603679457
GOOG,2024-01-09,0.5,0.42086519534282957,0.4328153906911964
GOOG,2024-01-10,-0.2,0.11043259767141478,0.2218769271274643
GOOG,2024-01-11,0.5555555555555556,0.3329940766134852,0.3331031366034947
GOOG,2024-01-12,0.5,0.41649703830674256,0.38873542440232983
GOOG,2024-01-15,0.3333333333333333,0.3749151858200379,0.3702680607126644
GOOG,2024-01-16,0.6,0.48745759291001894,0.4468453738084429
GOOG,2024-01-17,-0.09090909090909091,0.19827425100046403,0.267593885569265
GOOG,2024-01-18,0.4,0.299137125500232,0.3117292570461767
GOOG,2024-01-19,-0.5,-0.10043143724988399,0.041152838030784504
GOOG,2024-01-21,1.0,0.449784281375058,0.36076855868718966
GOOG,2024-01-22,1.0,0.724892140687529,0.5738457057914598
GOOG,2024-01-23,1.0,0.8624460703437645,0.7158971371943066
GOOG,2024-01-24,0.2,0.5312230351718823,0.5439314247962045
GOOG,2024-01-25,0.3333333333333333,0.4322781842526078,0.47373206097524745
GOOG,2024-01-26,0.3333333333333333,0.3828057587929705,0.42693248509460946
GOOG,2024-01-27,1.0,0.6914028793964853,0.617954990063073
GOOG,2024-01-28,1.0,0.8457014396982426,0.7453033267087154
GOOG,2024-01-29,0.5,0.6728507198491214,0.6635355511391436
GOOG,2024-01-30,0.0,0.3364253599245607,0.4423570340927625
GOOG,2024-01-31,-0.5,-0.08178732003771966,0.12823802272850837
GOOG,2024-02-01,-1.0,-0.5408936600188599,-0.2478413181809944
GOOG,2024-02-02,-0.3333333333333333,-0.43711349667609656,-0.27633865656510737
GOOG,2024-02-03,1.0,0.2814432516619517,0.14910756228992839
GOOG,2024-02-05,0.6,0.44072162583097585,0.2994050415266189
GOOG,2024-02-06,0.7777777777777778,0.6092497018043768,0.4588626202770052
GOOG,2024-02-07,0.0,0.3046248509021884,0.3059084135180035
GOOG,2024-02-08,0.8181818181818182,0.5614033345420033,0.4766662150726084
GOOG,2024-02-09,0.0,0.28070166727100165,0.31777747671507234
GOOG,2024-02-11,1.0,0.6403508336355008,0.5451849844767149
GOOG,2024-02-12,0.6,0.6201754168177505,0.56345665631781
GOOG,2024-02-13,1.0,0.8100877084088752,0.7089711042118734
GOOG,2024-02-14,0.0,0.4050438542044376,0.4726474028079156
GOOG,2024-02-15,0.42857142857142855,0.4168076413879331,0.4579554113957533
GOOG,2024-02-16,0.6,0.5084038206939665,0.5053036075971689
GOOG,2024-02-17,1.0,0.7542019103469833,0.6702024050647792
GOOG,2024-02-18,1.0,0.8771009551734916,0.7801349367098529
GOOG,2024-02-19,1.0,0.9385504775867458,0.853423291139902
GOOG,2024-02-20,1.0,0.969275238793373,0.902282194093268
GOOG,2024-02-21,0.6,0.7846376193966864,0.8015214627288454
GOOG,2024-02-22,0.2727272727272727,0.5286824460619796,0.6252567327283212
GOOG,2024-02-23,0.8333333333333334,0.6810078896976565,0.6946155995966586
GOOG,2024-02-24,0.6,0.6405039448488282,0.6630770663977724
GOOG,2024-02-25,1.0,0.8202519724244142,0.7753847109318484
GOOG,2024-02-26,1.0,0.9101259862122071,0.8502564739545656
GOOG,2024-02-27,1.0,0.9550629931061035,0.9001709826363771
GOOG,2024-02-28,0.6666666666666666,0.8108648298863851,0.8223362106464737
GOOG,2024-02-29,1.0,0.9054324149431925,0.8815574737643158
GOOG,2024-03-01,0.38461538461538464,0.6450238997792885,0.7159101107146721
GOOG,2024-03-02,1.0,0.8225119498896443,0.8106067404764481
GOOG,2024-03-03,1.0,0.9112559749448221,0.8737378269842988
GOOG,2024-03-04,0.7777777777777778,0.8445168763613,0.8417511439154585
GOOG,2024-03-05,0.8181818181818182,0.8313493472715592,0.8338947020042451
GOOG,2024-03-06,0.7777777777777778,0.8045635625246685,0.8151890605954227
GOOG,2024-03-07,0.42857142857142855,0.6165674955480486,0.6863165165874248
GOOG,2024-03-08,-0.3333333333333333,0.14161708110735763,0.34643323328050546
GOOG,2024-03-09,1.0,0.5708085405536788,0.5642888221870036
GOOG,2024-03-10,1.0,0.7854042702768393,0.7095258814580024
GOOG,2024-03-11,0.0,0.3927021351384197,0.47301725430533503
GOOG,2024-03-12,1.0,0.6963510675692098,0.6486781695368901
GOOG,2024-03-13,-0.5,0.09817553378460492,0.2657854463579268
GOOG,2024-03-14,0.42857142857142855,0.26337348117801673,0.32004744042909405
GOOG,2024-03-15,0.3333333333333333,0.29835340725567505,0.3244760713971738
GOOG,2024-03-16,0.0,0.14917670362783753,0.21631738093144925
GOOG,2024-03-17,0.3333333333333333,0.24125501848058542,0.25532269839874394
GOOG,2024-03-18,0.5714285714285714,0.4063417949545784,0.36069132274201976
GOOG,2024-03-19,0.2857142857142857,0.346028040334432,0.3356989770661084
GOOG,2024-03-20,0.42857142857142855,0.3872997344529303,0.3666564609012151
GOOG,2024-03-21,0.45454545454545453,0.42092259449919245,0.39595279211596157
GOOG,2024-03-22,0.25,0.3354612972495962,0.34730186141064107
GOOG,2024-03-23,1.0,0.6677306486247981,0.564867907607094
GOOG,2024-03-24,1.0,0.833865324312399,0.7099119384047294
GOOG,2024-03-25,1.0,0.9169326621561995,0.8066079589364863
GOOG,2024-03-26,1.0,0.9584663310780998,0.8710719726243242
GOOG,2024-03-27,0.7142857142857143,0.836376022681907,0.8188098865114543
GOOG,2024-03-28,0.5555555555555556,0.6959657891187313,0.7310584428594881
GOOG,2024-03-29,0.0,0.34798289455936565,0.48737229523965875
GOOG,2024-03-30,1.0,0.6739914472796829,0.6582481968264392
GOOG,2024-03-31,0.5,0.5869957236398414,0.6054987978842928
GOOG,2024-04-01,0.8,0.6934978618199208,0.6703325319228619
GOOG,2024-04-02,0.8181818181818182,0.7558398400008695,0.719615627342514
GOOG,2024-04-03,-0.3333333333333333,0.21125325333376807,0.368632640450565
GOOG,2024-04-04,0.7777777777777778,0.49451551555577294,0.5050143528929693
GOOG,2024-04-05,0.42857142857142855,0.46154347206360075,0.4795333781191224
GOOG,2024-04-06,1.0,0.7307717360318003,0.6530222520794149
GOOG,2024-04-07,1.0,0.8653858680159001,0.7686815013862767
GOOG,2024-04-08,0.42857142857142855,0.6469786482936644,0.6553114771146606
GOOG,2024-04-09,-0.25,0.19848932414683218,0.35354098474310713
GOOG,2024-04-10,0.0,0.09924466207341609,0.23569398982873813
GOOG,2024-04-11,-0.25,-0.07537766896329195,0.07379599321915878
GOOG,2024-04-12,1.0,0.46231116551835405,0.3825306621461058
GOOG,2024-04-13,1.0,0.731155582759177,0.5883537747640706
GOOG,2024-04-14,1.0,0.8655777913795886,0.7255691831760471
GOOG,2024-04-15,0.2,0.5327888956897943,0.5503794554506981
GOOG,2024-04-16,0.0,0.26639444784489713,0.3669196369671321
GOOG,2024-04-17,-0.09090909090909091,0.08774267846790311,0.21431006100839112
GOOG,2024-04-18,0.4,0.24387133923395157,0.27620670733892744
GOOG,2024-04-19,1.0,0.6219356696169758,0.5174711382259516
GOOG,2024-04-20,1.0,0.8109678348084879,0.6783140921506344
GOOG,2024-04-21,0.3333333333333333,0.5721505840709106,0.5633205058782008
GOOG,2024-04-22,-0.14285714285714285,0.21464672060688386,0.32792795629975297
GOOG,2024-04-23,0.0,0.10732336030344193,0.21861863753316868
GOOG,2024-04-24,0.42857142857142855,0.26794739443743526,0.28860290121258864
GOOG,2024-04-25,-0.3333333333333333,-0.03269296944794903,0.08129082303061468
GOOG,2024-04-26,-0.3333333333333333,-0.18301315139064117,-0.056917229090701314
GOOG,2024-04-27,0.75,0.2834934243046794,0.21205518060619913
GOOG,2024-04-28,1.0,0.6417467121523397,0.4747034537374661
GOOG,2024-04-29,0.3333333333333333,0.4875400227428365,0.42758008026942185
GOOG,2024-04-30,0.14285714285714285,0.3151985827999897,0.3326724344653289
GOOG,2024-05-01,0.5555555555555556,0.43537706917777264,0.40696680816207115
GOOG,2024-05-02,0.7142857142857143,0.5748313917317435,0.5094064435366189
GOOG,2024-05-03,0.6666666666666666,0.620749029199205,0.5618265179133015
GOOG,2024-05-04,1.0,0.8103745145996025,0.7078843452755343
GOOG,2024-05-05,1.0,0.9051872572998012,0.8052562301836896
GOOG,2024-05-06,1.0,0.9525936286499006,0.8701708201224598
GOOG,2024-05-07,1.0,0.9762968143249503,0.9134472134149733
GOOG,2024-05-08,0.2,0.5881484071624752,0.6756314756099823
GOOG,2024-05-09,0.6666666666666666,0.6274075369145709,0.6726432059622104
GOOG,2024-05-10,1.0,0.8137037684572854,0.7817621373081403
GOOG,2024-05-11,1.0,0.9068518842286427,0.8545080915387602
GOOG,2024-05-12,1.0,0.9534259421143214,0.9030053943591735
GOOG,2024-05-13,0.38461538461538464,0.669020663364853,0.7302087244445773
GOOG,2024-05-14,0.4,0.5345103316824265,0.6201391496297183
GOOG,2024-05-15,0.7333333333333333,0.6339218325078799,0.65787054419759
GOOG,2024-05-16,0.2,0.41696091625393994,0.5052470294650601
GOOG,2024-05-17,0.4,0.40848045812697,0.4701646863100401
GOOG,2024-05-18,1.0,0.704240229063485,0.6467764575400268
GOOG,2024-05-19,0.3333333333333333,0.5187867811984092,0.5422954161377956
GOOG,2024-05-20,0.75,0.6343933905992045,0.6115302774251972
GOOG,2024-05-21,1.0,0.8171966952996023,0.7410201849501314
GOOG,2024-05-22,0.7142857142857143,0.7657412047926583,0.7321086947286591
GOOG,2024-05-23,0.5555555555555556,0.660648380174107,0.6732576483376247
GOOG,2024-05-24,0.7777777777777778,0.7192130789759423,0.7080976914843424
GOOG,2024-05-25,1.0,0.8596065394879712,0.8053984609895617
GOOG,2024-05-26,0.3333333333333333,0.5964699364106523,0.6480434184374856
GOOG,2024-05-27,1.0,0.7982349682053261,0.7653622789583238
GOOG,2024-05-28,0.8333333333333334,0.8157841507693298,0.7880192970833271
GOOG,2024-05-29,1.0,0.9078920753846649,0.8586795313888848
GOOG,2024-05-30,0.5714285714285714,0.7396603234066181,0.7629292114021137
GOOG,2024-05-31,0.42857142857142855,0.5841158759890234,0.6514766171252186
GOOG,2024-06-01,0.5,0.5420579379945116,0.6009844114168125
GOOG,2024-06-02,1.0,0.7710289689972558,0.7339896076112084
GOOG,2024-06-03,0.2,0.4855144844986279,0.5559930717408056
GOOG,2024-06-04,0.14285714285714285,0.31418581367788534,0.41828109544625136
GOOG,2024-06-05,0.6,0.45709290683894266,0.47885406363083427
GOOG,2024-06-06,0.6666666666666666,0.5618797867528047,0.5414582646427785
GOOG,2024-06-07,0.6,0.5809398933764023,0.560972176428519
GOOG,2024-06-08,1.0,0.7904699466882011,0.7073147842856794
GOOG,2024-06-09,1.0,0.8952349733441005,0.8048765228571196
GOOG,2024-06-10,-1.0,-0.05238251332794974,0.20325101523807984
GOOG,2024-06-11,-0.2727272727272727,-0.16255489302761122,0.04459158591629568
GOOG,2024-06-12,1.0,0.41872255348619436,0.36306105727753046
GOOG,2024-06-13,0.0,0.20936127674309718,0.242040704851687
GOOG,2024-06-14,0.6,0.40468063837154855,0.36136046990112464
GOOG,2024-06-15,0.3333333333333333,0.36900698585244096,0.3520180910451942
GOOG,2024-06-16,1.0,0.6845034929262205,0.5680120606967961
GOOG,2024-06-17,0.6,0.6422517464631102,0.5786747071311974
GOOG,2024-06-18,0.6363636363636364,0.6393076914133733,0.597904350208677
GOOG,2024-06-19,1.0,0.8196538457066866,0.7319362334724514
GOOG,2024-06-20,0.5,0.6598269228533433,0.654624155648301
GOOG,2024-06-21,-0.5,0.07991346142667166,0.2697494370988674
GOOG,2024-06-22,0.0,0.03995673071333583,0.17983295806591162
GOOG,2024-06-23,1.0,0.5199783653566679,0.4532219720439411
GOOG,2024-06-24,0.0,0.25998918267833393,0.30214798136262744
GOOG,2024-06-25,1.0,0.6299945913391669,0.5347653209084183
GOOG,2024-06-26,0.6666666666666666,0.6483306290029167,0.5787324361611678
GOOG,2024-06-27,0.6,0.6241653145014583,0.5858216241074452
GOOG,2024-06-28,1.0,0.8120826572507291,0.7238810827382969
GOOG,2024-06-29,-1.0,-0.09395867137463543,0.14925405515886467
GOOG,2024-06-30,1.0,0.4530206643126823,0.4328360367725764
GOOG,2024-07-01,0.0,0.22651033215634114,0.2885573578483843
GOOG,2024-07-02,0.3333333333333333,0.27992183274483723,0.303482683010034
GOOG,2024-07-03,0.2,0.23996091637241862,0.2689884553400227
GOOG,2024-07-04,0.0,0.11998045818620931,0.1793256368933485
GOOG,2024-07-05,0.0,0.059990229093104655,0.11955042459556567
GOOG,2024-07-06,1.0,0.5299951145465523,0.4130336163970438
GOOG,2024-07-07,1.0,0.7649975572732761,0.6086890775980291
GOOG,2024-07-08,0.5,0.6324987786366381,0.5724593850653528
GOOG,2024-07-09,1.0,0.816249389318319,0.7149729233769019
GOOG,2024-07-10,0.6666666666666666,0.7414580279924928,0.6988708378068235
GOOG,2024-07-11,-0.3333333333333333,0.20406234732957976,0.3548027807601046
GOOG,2024-07-12,1.0,0.6020311736647899,0.5698685205067364
GOOG,2024-07-14,1.0,0.8010155868323949,0.7132456803378243
GOOG,2024-07-15,0.45454545454545453,0.6277805206889248,0.6270122717403678
GOOG,2024-07-16,0.3333333333333333,0.48055692701112906,0.5291192922713563
GOOG,2024-07-17,0.14285714285714285,0.311707034934136,0.40036524246661853
GOOG,2024-07-18,0.5,0.405853517467068,0.433576828311079
GOOG,2024-07-19,0.6666666666666666,0.5362600920668673,0.5112734410962749
GOOG,2024-07-21,1.0,0.7681300460334337,0.6741822940641833
GOOG,2024-07-22,1.0,0.8840650230167169,0.7827881960427889
GOOG,2024-07-23,0.5,0.6920325115083584,0.688525464028526
GOOG,2024-07-24,-0.3333333333333333,0.17934958908751256,0.34790586490790626
GOOG,2024-07-25,-1.0,-0.41032520545624374,-0.10139609006139579
GOOG,2024-07-26,0.0,-0.20516260272812187,-0.06759739337426386
GOOG,2024-07-27,0.0,-0.10258130136406093,-0.04506492891617591
GOOG,2024-07-30,0.25,0.07370934931796953,0.053290047389216055
GOOG,2024-07-31,1.0,0.5368546746589847,0.36886003159281067
GOOG,2024-08-01,0.0,0.26842733732949237,0.24590668772854046
GOOG,2024-08-02,1.0,0.6342136686647462,0.4972711251523603
GOOG,2024-08-03,-1.0,-0.18289316566762692,-0.0018192498984263934
GOOG,2024-08-04,-1.0,-0.5914465828338135,-0.3345461665989509
GOOG,2024-08-05,1.0,0.20427670858309327,0.11030255560069935
GOOG,2024-08-06,0.6666666666666666,0.43547168762488,0.2957572592893551
GOOG,2024-08-07,0.2,0.31773584381244,0.26383817285957006
GOOG,2024-08-08,1.0,0.65886792190622,0.5092254485730467
GOOG,2024-08-09,1.0,0.8294339609531101,0.6728169657153645
GOOG,2024-08-10,1.0,0.914716980476555,0.7818779771435764
GOOG,2024-08-11,1.0,0.9573584902382775,0.8545853180957177
GOOG,2024-08-12,0.3333333333333333,0.6453459117858054,0.6808346565082563
GOOG,2024-08-13,0.4,0.5226729558929026,0.5872231043388375
GOOG,2024-08-14,0.7142857142857143,0.6184793350893085,0.6295773076544632
GOOG,2024-08-15,0.5,0.5592396675446543,0.5863848717696422
GOOG,2024-08-16,1.0,0.7796198337723271,0.7242565811797614
GOOG,2024-08-18,1.0,0.8898099168861635,0.816171054119841
GOOG,2024-08-19,1.0,0.9449049584430818,0.8774473694132274
GOOG,2024-08-20,1.0,0.9724524792215409,0.918298246275485
GOOG,2024-08-21,-0.3333333333333333,0.31955957294410375,0.5010877197392123
GOOG,2024-08-22,-0.2,0.05977978647205187,0.2673918131594749
GOOG,2024-08-23,1.0,0.529889893236026,0.5115945421063166
GOOG,2024-08-26,1.0,0.7649449466180129,0.6743963614042111
GOOG,2024-08-27,0.3333333333333333,0.5491391399756731,0.5607086853805853
GOOG,2024-08-28,1.0,0.7745695699878365,0.7071391235870569
GOOG,2024-08-29,0.0,0.3872847849939183,0.4714260823913713
GOOG,2024-08-30,1.0,0.6936423924969591,0.6476173882609142
GOOG,2024-08-31,-1.0,-0.15317880375152043,0.09841159217394287
GOOG,2024-09-01,1.0,0.42341059812423976,0.39894106144929525
GOOG,2024-09-02,1.0,0.7117052990621199,0.5992940409661969
GOOG,2024-09-03,-0.3333333333333333,0.18918598286439328,0.2884182495330202
GOOG,2024-09-04,1.0,0.5945929914321967,0.5256121663553468
GOOG,2024-09-05,0.3333333333333333,0.463963162382765,0.46151922201467566
GOOG,2024-09-06,1.0,0.7319815811913826,0.6410128146764504
GOOG,2024-09-07,1.0,0.8659907905956913,0.7606752097843004
GOOG,2024-09-09,0.0,0.43299539529784564,0.507116806522867
GOOG,2024-09-10,0.2,0.3164976976489228,0.4047445376819113
GOOG,2024-09-11,-1.0,-0.34175115117553856,-0.06350364154539241
GOOG,2024-09-12,0.3333333333333333,-0.004208908921102622,0.06877535008084949
GOOG,2024-09-13,1.0,0.4978955455394487,0.3791835667205663
GOOG,2024-09-15,1.0,0.7489477727697244,0.5861223778137109
GOOG,2024-09-16,-1.0,-0.12552611361513782,0.057414918542474
GOOG,2024-09-17,-1.0,-0.5627630568075689,-0.295056720971684
GOOG,2024-09-18,1.0,0.21861847159621556,0.13662885268554395
GOOG,2024-09-19,0.5,0.3593092357981078,0.2577525684570293
GOOG,2024-09-20,1.0,0.6796546178990539,0.5051683789713529
GOOG,2024-09-21,0.0,0.33982730894952695,0.3367789193142353
GOOG,2024-09-23,0.0,0.16991365447476348,0.22451927954282358
GOOG,2024-09-24,0.2,0.18495682723738174,0.2163461863618824
GOOG,2024-09-25,-0.5,-0.15752158638130914,-0.022435875758745037
GOOG,2024-09-26,1.0,0.42123920680934546,0.3183760828275033
GOOG,2024-09-27,1.0,0.7106196034046728,0.5455840552183355
GOOG,2024-09-28,0.0,0.3553098017023364,0.3637227034788904
GOOG,2024-09-30,-1.0,-0.3223450991488318,-0.09085153101407302
GOOG,2024-10-01,0.0,-0.1611725495744159,-0.06056768734271535
GOOG,2024-10-02,1.0,0.4194137252127921,0.2929548751048564
GOOG,2024-10-03,-0.3333333333333333,0.04304019593972938,0.08419213895879318
GOOG,2024-10-04,0.0,0.02152009796986469,0.056128092639195465
GOOG,2024-10-07,1.0,0.5107600489849323,0.3707520617594636
GOOG,2024-10-08,-1.0,-0.24461997550753384,-0.08616529216035754
GOOG,2024-10-09,0.5,0.12769001224623308,0.10922313855976162
GOOG,2024-10-10,0.0,0.06384500612311654,0.07281542570650776
GOOG,2024-10-11,1.0,0.5319225030615583,0.38187695047100517
GOOG,2024-10-14,0.0,0.26596125153077915,0.2545846336473368
GOOG,2024-10-15,-1.0,-0.3670193742346104,-0.16361024423510875
GOOG,2024-10-16,0.3333333333333333,-0.01684302045063854,0.0020376149543719236
GOOG,2024-10-17,1.0,0.4915784897746807,0.3346917433029146
GOOG,2024-10-18,1.0,0.7457892448873403,0.5564611622019431
GOOG,2024-10-19,0.0,0.37289462244367017,0.3709741081346288
GOOG,2024-10-20,1.0,0.6864473112218351,0.5806494054230859
GOOG,2024-10-21,-1.0,-0.15677634438908244,0.0537662702820573
GOOG,2024-10-22,1.0,0.4216118278054588,0.3691775135213715
GOOG,2024-10-23,1.0,0.7108059139027294,0.5794516756809144
GOOG,2024-10-24,1.0,0.8554029569513647,0.7196344504539429
GOOG,2024-10-26,0.0,0.42770147847568235,0.47975630030262867
GOOG,2024-10-27,1.0,0.7138507392378411,0.6531708668684191
GOOG,2024-10-28,0.3333333333333333,0.5235920362855873,0.5465583556900572
GOOG,2024-10-29,-0.3333333333333333,0.09512935147612697,0.2532611260155937
GOOG,2024-10-30,-0.6666666666666666,-0.2857686575952698,-0.05338147154515973
GOOG,2024-10-31,0.3333333333333333,0.02378233786903175,0.07552346341433795
GOOG,2024-11-01,0.0,0.011891168934515875,0.05034897560955864
GOOG,2024-11-03,1.0,0.5059455844672579,0.3668993170730391
GOOG,2024-11-04,-1.0,-0.24702720776637105,-0.0887337886179739
GOOG,2024-11-05,-1.0,-0.6235136038831856,-0.3924891924119826
GOOG,2024-11-07,1.0,0.18824319805840722,0.07167387172534488
GOOG,2024-11-08,1.0,0.5941215990292036,0.38111591448356325
GOOG,2024-11-09,0.0,0.2970607995146018,0.25407727632237553
GOOG,2024-11-12,1.0,0.6485303997573009,0.502718184214917
GOOG,2024-11-13,0.3333333333333333,0.49093186654531706,0.4462565672543891
GOOG,2024-11-14,0.0,0.24546593327265853,0.2975043781695928
GOOG,2024-11-18,1.0,0.6227329666363293,0.5316695854463952
GOOG,2024-11-19,0.5,0.5613664833181646,0.5211130569642635
GOOG,2024-11-20,-0.42857142857142855,0.06639752737336804,0.2045515617856995
GOOG,2024-11-21,1.0,0.5331987636866841,0.46970104119046635
GOOG,2024-11-22,1.0,0.7665993818433421,0.6464673607936442
GOOG,2024-11-25,1.0,0.883299690921671,0.7643115738624295
GOOG,2024-11-29,0.0,0.4416498454608355,0.5095410492416198
GOOG,2024-11-30,-1.0,-0.27917507726958224,0.006360699494413259
GOOG,2024-12-05,1.0,0.3604124613652089,0.33757379966294215
GOOG,2024-12-06,1.0,0.6802062306826044,0.5583825331086281
GOOG,2024-12-09,0.0,0.3401031153413022,0.37225502207241873
GOOG,2024-12-10,0.3333333333333333,0.3367182243373178,0.3592811258260569
GOOG,2024-12-11,1.0,0.668359112168659,0.5728540838840379
GOOG,2024-12-12,1.0,0.8341795560843295,0.715236055922692
GOOG,2024-12-13,-1.0,-0.08291022195783526,0.14349070394846142
GOOG,2024-12-14,-1.0,-0.5414551109789176,-0.23767286403435903
GOOG,2024-12-15,-0.3333333333333333,-0.43739422215612545,-0.2695596871340171
GOOG,2024-12-16,-1.0,-0.7186971110780627,-0.5130397914226781
GOOG,2024-12-17,0.3333333333333333,-0.19268188887236468,-0.23091541650400765
GOOG,2024-12-19,1.0,0.40365905556381765,0.17938972233066153
GOOG,2024-12-20,1.0,0.7018295277819089,0.45292648155377435
GOOG,2024-12-24,0.0,0.35091476389095444,0.30195098770251627
GOOG,2024-12-25,1.0,0.6754573819454772,0.5346339918016775
GOOG,2024-12-26,0.0,0.3377286909727386,0.3564226612011184
META,2023-01-01,-1.0,-1.0,-1.0
META,2023-01-02,1.0,0.0,-0.3333333333333334
META,2023-01-03,1.0,0.5,0.11111111111111101
META,2023-01-04,1.0,0.75,0.40740740740740733
META,2023-01-05,-0.2,0.275,0.20493827160493824
META,2023-01-08,0.0,0.1375,0.13662551440329218
META,2023-01-09,-0.3333333333333333,-0.09791666666666665,-0.020027434842249642
META,2023-01-10,-1.0,-0.5489583333333333,-0.3466849565614997
META,2023-01-11,1.0,0.22552083333333334,0.10221002895900014
META,2023-01-12,0.3333333333333333,0.2794270833333333,0.17925113041711122
META,2023-01-13,0.0,0.13971354166666666,0.1195007536114075
META,2023-01-15,1.0,0.5698567708333333,0.413000502407605
META,2023-01-17,0.0,0.28492838541666665,0.2753336682717367
META,2023-01-18,1.0,0.6424641927083333,0.5168891121811579
META,2023-01-19,1.0,0.8212320963541666,0.6779260747874386
META,2023-01-20,1.0,0.9106160481770833,0.7852840498582925
META,2023-01-21,-1.0,-0.04469197591145835,0.19018936657219507
META,2023-01-23,0.0,-0.022345987955729174,0.12679291104813006
META,2023-01-24,1.0,0.4888270060221354,0.4178619406987534
META,2023-01-25,0.3333333333333333,0.41108016967773436,0.3896857382436134
META,2023-01-26,0.25,0.3305400848388672,0.3431238254957423
META,2023-01-27,-1.0,-0.3347299575805664,-0.10458411633617178
META,2023-01-29,1.0,0.3326350212097168,0.2636105891092188
META,2023-01-30,0.0,0.1663175106048584,0.17574039273947922
META,2023-01-31,0.0,0.0831587553024292,0.1171602618263195
META,2023-02-01,1.0,0.5415793776512146,0.41144017455087967
META,2023-02-02,-0.6,-0.02921031117439271,0.07429344970058649
META,2023-02-03,-0.2,-0.11460515558719636,-0.017137700199609
META,2023-02-04,-1.0,-0.5573025777935982,-0.3447584667997393
META,2023-02-05,0.0,-0.2786512888967991,-0.2298389778664929
META,2023-02-06,1.0,0.36067435555160043,0.1801073480890047
META,2023-02-07,0.6,0.4803371777758002,0.3200715653926698
META,2023-02-08,1.0,0.7401685888879002,0.5467143769284465
META,2023-02-09,0.3333333333333333,0.5367509611106167,0.47558736239674215
META,2023-02-10,0.6,0.5683754805553083,0.5170582415978281
META,2023-02-11,0.0,0.28418774027765414,0.3447054943985521
META,2023-02-13,-1.0,-0.35790612986117293,-0.10352967040096524
META,2023-02-14,1.0,0.3210469350694135,0.26431355306602317
META,2023-02-16,-1.0,-0.33947653246529325,-0.1571242979559845
META,2023-02-17,1.0,0.33026173376735335,0.22858380136267697
META,2023-02-19,1.0,0.6651308668836766,0.48572253424178463
META,2023-02-20,1.0,0.8325654334418383,0.6571483561611897
META,2023-02-21,-0.3333333333333333,0.2496160500542525,0.3269877929963488
META,2023-02-22,1.0,0.6248080250271263,0.5513251953308992
META,2023-02-23,1.0,0.8124040125135632,0.7008834635539328
META,2023-02-24,1.0,0.9062020062567816,0.8005889757026219
META,2023-02-25,-1.0,-0.0468989968716092,0.20039265046841467
META,2023-02-27,1.0,0.47655050156419543,0.46692843364560976
META,2023-02-28,1.0,0.7382752507820978,0.6446189557637398
META,2023-03-01,0.6,0.6691376253910488,0.6297459705091599
META,2023-03-02,0.0,0.3345688126955244,0.41983064700610667
META,2023-03-03,0.3333333333333333,0.33395107301442883,0.39099820911518224
META,2023-03-06,0.3333333333333333,0.33364220317388105,0.37177658385456597
META,2023-03-07,0.6666666666666666,0.5001544349202738,0.4700732781252662
META,2023-03-08,0.3333333333333333,0.4167438841268035,0.4244932965279553
META,2023-03-09,0.0,0.20837194206340176,0.2829955310186369
META,2023-03-10,1.0,0.6041859710317009,0.5219970206790913
META,2023-03-11,1.0,0.8020929855158505,0.6813313471193942
META,2023-03-12,1.0,0.9010464927579253,0.7875542314129296
META,2023-03-13,1.0,0.9505232463789626,0.8583694876086198
META,2023-03-14,0.25,0.6002616231894813,0.6555796584057466
META,2023-03-15,0.2,0.4001308115947406,0.5037197722704978
META,2023-03-16,0.3333333333333333,0.36673207246403694,0.44692429262477634
META,2023-03-17,1.0,0.6833660362320184,0.6312828617498509
META,2023-03-18,0.0,0.3416830181160092,0.42085524116656736
META,2023-03-19,1.0,0.6708415090580047,0.613903494111045
META,2023-03-20,0.6,0.6354207545290023,0.60926899607403
META,2023-03-21,0.0,0.31771037726450113,0.40617933071602
META,2023-03-22,-1.0,-0.34114481136774943,-0.0625471128559866
META,2023-03-23,0.0,-0.17057240568387472,-0.041698075237324404
META,2023-03-24,0.5,0.16471379715806264,0.13886794984178372
META,2023-03-27,1.0,0.5823568985790313,0.4259119665611891
META,2023-03-28,0.2,0.3911784492895156,0.35060797770745944
META,2023-03-29,1.0,0.6955892246447578,0.5670719851383063
META,2023-03-30,0.0,0.3477946123223789,0.3780479900922042
META,2023-03-31,1.0,0.6738973061611895,0.5853653267281361
META,2023-04-03,0.3333333333333333,0.5036153197472614,0.5013546622632019
META,2023-04-04,0.5,0.5018076598736307,0.500903108175468
META,2023-04-05,0.0,0.25090382993681537,0.33393540545031203
META,2023-04-07,1.0,0.6254519149684077,0.5559569369668746
META,2023-04-08,1.0,0.8127259574842038,0.7039712913112498
META,2023-04-10,1.0,0.9063629787421019,0.8026475275408332
META,2023-04-11,1.0,0.953181489371051,0.8684316850272222
META,2023-04-12,1.0,0.9765907446855255,0.9122877900181482
META,2023-04-13,1.0,0.9882953723427628,0.9415251933454322
META,2023-04-14,-1.0,-0.005852313828618616,0.2943501288969549
META,2023-04-15,0.0,-0.002926156914309308,0.1962334192646366
META,2023-04-16,-1.0,-0.5014630784571547,-0.20251105382357557
META,2023-04-17,1.0,0.24926846077142267,0.19832596411761624
META,2023-04-18,1.0,0.6246342303857113,0.4655506427450775
META,2023-04-19,1.0,0.8123171151928557,0.6437004284967184
META,2023-04-20,1.0,0.9061585575964278,0.7624669523311456
META,2023-04-21,0.3333333333333333,0.6197459454648806,0.6194224126652083
META,2023-04-22,-1.0,-0.1901270272675597,0.07961494177680557
META,2023-04-23,0.0,-0.09506351363377985,0.05307662785120372
META,2023-04-24,1.0,0.4524682431831101,0.36871775190080247
META,2023-04-25,1.0,0.7262341215915551,0.5791451679338683
META,2023-04-26,-0.25,0.23811706079577755,0.3027634452892456
META,2023-04-27,-0.2,0.019058530397888768,0.1351756301928304
META,2023-04-28,0.14285714285714285,0.08095783662751581,0.1377361344142679
META,2023-04-29,1.0,0.5404789183137579,0.42515742294284525
META,2023-04-30,0.0,0.27023945915687897,0.28343828196189685
META,2023-05-01,0.3333333333333333,0.30178639624510617,0.3000699657523757
META,2023-05-03,1.0,0.6508931981225531,0.5333799771682505
META,2023-05-04,1.0,0.8254465990612765,0.6889199847788336
META,2023-05-05,0.0,0.41272329953063824,0.4592799898525558
META,2023-05-06,-1.0,-0.2936383502346809,-0.027146673431629412
META,2023-05-08,1.0,0.35318082488265956,0.3152355510455804
META,2023-05-09,1.0,0.6765904124413298,0.5434903673637203
META,2023-05-10,1.0,0.8382952062206649,0.6956602449091469
META,2023-05-11,1.0,0.9191476031103325,0.7971068299394313
META,2023-05-12,1.0,0.9595738015551663,0.8647378866262876
META,2023-05-15,1.0,0.9797869007775831,0.9098252577508584
META,2023-05-16,1.0,0.9898934503887915,0.939883505167239
META,2023-05-18,1.0,0.9949467251943958,0.9599223367781593
META,2023-05-19,1.0,0.9974733625971979,0.9732815578521062
META,2023-05-20,1.0,0.9987366812985989,0.9821877052347375
META,2023-05-21,1.0,0.9993683406492995,0.9881251368231584
META,2023-05-22,1.0,0.9996841703246497,0.9920834245487723
META,2023-05-23,1.0,0.9998420851623249,0.9947222830325149
META,2023-05-24,1.0,0.9999210425811624,0.9964815220216766
META,2023-05-25,0.0,0.4999605212905812,0.6643210146811178
META,2023-05-26,1.0,0.7499802606452906,0.776214009787412
META,2023-05-27,1.0,0.8749901303226453,0.8508093398582747
META,2023-05-30,1.0,0.9374950651613226,0.9005395599055165
META,2023-06-01,1.0,0.9687475325806614,0.933693039937011
META,2023-06-02,1.0,0.9843737662903307,0.9557953599580074
META,2023-06-03,1.0,0.9921868831451653,0.9705302399720049
META,2023-06-05,-1.0,-0.003906558427417328,0.3136868266480034
META,2023-06-06,1.0,0.4980467207862913,0.5424578844320023
META,2023-06-07,0.5,0.49902336039314565,0.5283052562880015
META,2023-06-08,0.0,0.24951168019657283,0.352203504192001
META,2023-06-09,1.0,0.6247558400982864,0.568135669461334
META,2023-06-12,1.0,0.8123779200491432,0.712090446307556
META,2023-06-13,1.0,0.9061889600245716,0.8080602975383707
META,2023-06-14,0.5,0.7030944800122858,0.7053735316922471
META,2023-06-15,0.0,0.3515472400061429,0.4702490211281648
META,2023-06-16,-1.0,-0.32422637999692855,-0.019833985914556745
META,2023-06-19,1.0,0.33788681000153575,0.32011067605696214
META,2023-06-20,1.0,0.6689434050007679,0.5467404507046414
META,2023-06-21,1.0,0.8344717025003839,0.6978269671364277
META,2023-06-22,-1.0,-0.08276414874980803,0.13188464475761852
META,2023-06-23,1.0,0.45861792562509596,0.4212564298384123
META,2023-06-26,1.0,0.729308962812548,0.6141709532256082
META,2023-06-27,0.42857142857142855,0.5789401956919883,0.5523044450075484
META,2023-06-28,1.0,0.7894700978459941,0.7015362966716989
META,2023-06-29,1.0,0.894735048922997,0.8010241977811327
META,2023-06-30,1.0,0.9473675244614985,0.8673494651874218
META,2023-07-01,1.0,0.9736837622307493,0.9115663101249479
META,2023-07-02,1.0,0.9868418811153746,0.9410442067499654
META,2023-07-03,0.0,0.4934209405576873,0.627362804499977
META,2023-07-04,0.0,0.24671047027884366,0.41824186966665133
META,2023-07-05,0.5,0.3733552351394218,0.4454945797777676
META,2023-07-06,0.3333333333333333,0.35334428423637754,0.40810749762962284
META,2023-07-07,1.0,0.6766721421181887,0.6054049984197486
META,2023-07-10,-0.3333333333333333,0.1716694043924277,0.2924922211687213
META,2023-07-11,1.0,0.5858347021962138,0.5283281474458142
META,2023-07-12,-0.3333333333333333,0.12625068443144025,0.24110765385276509
META,2023-07-13,-0.3333333333333333,-0.10354132445094653,0.049627324790732306
META,2023-07-17,1.0,0.4482293377745267,0.36641821652715484
META,2023-07-18,0.6,0.5241146688872633,0.44427881101810324
META,2023-07-19,-1.0,-0.23794266555636834,-0.03714745932126446
META,2023-07-20,1.0,0.38102866722181583,0.30856836045249036
META,2023-07-21,-1.0,-0.3094856663890921,-0.12762109303167304
META,2023-07-23,1.0,0.34525716680545393,0.24825260464555127
META,2023-07-24,0.6,0.47262858340272695,0.3655017364303675
META,2023-07-25,0.0,0.23631429170136348,0.2436678242869117
META,2023-07-26,0.3333333333333333,0.2848238125173484,0.2735563273023856
META,2023-07-27,-0.3333333333333333,-0.02425476040799246,0.07125977375714598
META,2023-07-28,0.0,-0.01212738020399623,0.04750651583809733
META,2023-07-29,0.0,-0.006063690101998115,0.031671010558731554
META,2023-07-30,1.0,0.49696815494900093,0.3544473403724877
META,2023-07-31,0.0,0.24848407747450046,0.23629822691499183
META,2023-08-01,1.0,0.6242420387372503,0.4908654846099946
META,2023-08-02,-1.0,-0.18787898063137487,-0.00608967692667023
META,2023-08-03,1.0,0.40606050968431256,0.32927354871555314
META,2023-08-05,1.0,0.7030302548421563,0.5528490324770354
META,2023-08-07,1.0,0.8515151274210782,0.7018993549846904
META,2023-08-08,1.0,0.9257575637105391,0.8012662366564602
META,2023-08-09,1.0,0.9628787818552695,0.8675108244376402
META,2023-08-10,-0.3333333333333333,0.31477272426096814,0.4672294385139824
META,2023-08-11,1.0,0.6573863621304841,0.6448196256759883
META,2023-08-13,1.0,0.828693181065242,0.7632130837839922
META,2023-08-14,1.0,0.914346590532621,0.8421420558559949
META,2023-08-16,1.0,0.9571732952663106,0.8947613705706633
META,2023-08-17,1.0,0.9785866476331553,0.9298409137137755
META,2023-08-18,1.0,0.9892933238165776,0.9532272758091838
META,2023-08-19,1.0,0.9946466619082888,0.9688181838727892
META,2023-08-21,1.0,0.9973233309541444,0.9792121225818595
META,2023-08-22,0.3333333333333333,0.6653283321437389,0.7639191928323509
META,2023-08-23,0.3333333333333333,0.49933083273853607,0.6203905729993451
META,2023-08-24,0.3333333333333333,0.4163320830359347,0.5247048264440078
META,2023-08-27,1.0,0.7081660415179674,0.6831365509626719
META,2023-08-29,0.0,0.3540830207589837,0.455424367308448
META,2023-08-30,0.0,0.17704151037949184,0.3036162448722987
META,2023-08-31,0.5,0.3385207551897459,0.3690774965815325
META,2023-09-01,1.0,0.6692603775948729,0.5793849977210217
META,2023-09-02,1.0,0.8346301887974364,0.7195899984806812
META,2023-09-03,0.0,0.4173150943987182,0.4797266656537875
META,2023-09-04,0.0,0.2086575471993591,0.31981777710252507
META,2023-09-05,1.0,0.6043287735996795,0.5465451847350167
META,2023-09-06,-1.0,-0.19783561320016024,0.031030123156677844
META,2023-09-07,0.5,0.15108219339991988,0.18735341543778522
META,2023-09-10,0.0,0.07554109669995994,0.12490227695852349
META,2023-09-11,1.0,0.53777054834998,0.41660151797234896
META,2023-09-12,1.0,0.76888527417499,0.6110676786482326
META,2023-09-14,1.0,0.8844426370874949,0.7407117857654885
META,2023-09-15,1.0,0.9422213185437475,0.8271411905103256
META,2023-09-18,-1.0,-0.028889340728126267,0.21809412700688385
META,2023-09-19,0.0,-0.014444670364063134,0.14539608467125592
META,2023-09-20,1.0,0.4927776648179684,0.43026405644750393
META,2023-09-22,0.0,0.2463888324089842,0.28684270429833597
META,2023-09-23,1.0,0.6231944162044921,0.5245618028655573
META,2023-09-24,1.0,0.811597208102246,0.6830412019103715
META,2023-09-25,-0.3333333333333333,0.23913193738445634,0.34424969016247
META,2023-09-26,1.0,0.6195659686922281,0.56283312677498
META,2023-09-27,1.0,0.8097829843461141,0.7085554178499867
META,2023-09-28,0.0,0.40489149217305703,0.4723702785666578
META,2023-09-29,1.0,0.7024457460865285,0.6482468523777719
META,2023-09-30,1.0,0.8512228730432643,0.7654979015851813
META,2023-10-02,1.0,0.9256114365216321,0.8436652677234542
META,2023-10-03,1.0,0.9628057182608161,0.8957768451489695
META,2023-10-04,-1.0,-0.018597140869591966,0.2638512300993131
META,2023-10-05,1.0,0.490701429565204,0.509234153399542
META,2023-10-06,1.0,0.745350714782602,0.6728227689330281
META,2023-10-07,0.0,0.372675357391301,0.4485485126220188
META,2023-10-08,1.0,0.6863376786956505,0.6323656750813459
META,2023-10-09,0.0,0.34316883934782527,0.4215771167208973
META,2023-10-10,1.0,0.6715844196739127,0.6143847444805982
META,2023-10-11,1.0,0.8357922098369563,0.7429231629870655
META,2023-10-13,-1.0,-0.08210389508152183,0.16194877532471041
META,2023-10-17,-1.0,-0.5410519475407609,-0.2253674831168597
META,2023-10-18,1.0,0.22947402622961954,0.18308834458876017
META,2023-10-19,-0.3333333333333333,-0.051929653551856886,0.010947785281395686
META,2023-10-20,1.0,0.47403517322407157,0.3406318568542638
META,2023-10-21,0.0,0.23701758661203579,0.22708790456950922
META,2023-10-22,0.0,0.11850879330601789,0.15139193637967283
META,2023-10-23,1.0,0.5592543966530089,0.4342612909197819
META,2023-10-24,-0.3333333333333333,0.1129605316598378,0.17839641616874352
META,2023-10-25,0.6,0.3564802658299189,0.3189309441124957
META,2023-10-26,0.0,0.17824013291495944,0.21262062940833049
META,2023-10-27,1.0,0.5891200664574797,0.47508041960555364
META,2023-10-29,1.0,0.7945600332287399,0.6500536130703691
META,2023-10-30,0.5,0.64728001661437,0.6000357420469128
META,2023-10-31,1.0,0.823640008307185,0.7333571613646086
META,2023-11-01,0.0,0.4118200041535925,0.48890477424307244
META,2023-11-02,0.5,0.4559100020767962,0.49260318282871496
META,2023-11-03,1.0,0.7279550010383982,0.6617354552191433
META,2023-11-04,1.0,0.8639775005191991,0.7744903034794289
META,2023-11-05,1.0,0.9319887502595996,0.8496602023196194
META,2023-11-06,-1.0,-0.0340056248702002,0.233106801546413
META,2023-11-07,1.0,0.4829971875648999,0.4887378676976087
META,2023-11-08,1.0,0.74149859378245,0.6591585784650724
META,2023-11-09,1.0,0.8707492968912249,0.7727723856433817
META,2023-11-10,-0.3333333333333333,0.26870798177894584,0.4040704793178101
META,2023-11-13,1.0,0.6343539908894729,0.6027136528785401
META,2023-11-14,-1.0,-0.18282300455526357,0.06847576858569344
META,2023-11-15,-1.0,-0.5914115022776318,-0.287682820942871
META,2023-11-16,0.0,-0.2957057511388159,-0.19178854729524736
META,2023-11-20,1.0,0.35214712443059204,0.2054743018031684
META,2023-11-22,0.0,0.17607356221529602,0.13698286786877895
META,2023-11-24,1.0,0.588036781107648,0.42465524524585263
META,2023-11-27,1.0,0.7940183905538241,0.6164368301639017
META,2023-11-28,0.0,0.39700919527691203,0.41095788677593453
META,2023-11-29,1.0,0.6985045976384561,0.6073052578506231
META,2023-11-30,0.0,0.34925229881922804,0.4048701719004154
META,2023-12-01,0.3333333333333333,0.3412928160762807,0.38102455904472143
META,2023-12-04,1.0,0.6706464080381404,0.5873497060298143
META,2023-12-05,1.0,0.8353232040190701,0.7248998040198762
META,2023-12-06,1.0,0.9176616020095351,0.8165998693465841
META,2023-12-08,0.0,0.45883080100476753,0.5443999128977228
META,2023-12-09,0.0,0.22941540050238377,0.36293327526514857
META,2023-12-12,-1.0,-0.38529229974880813,-0.09137781648990091
META,2023-12-13,0.3333333333333333,-0.02597948320773741,0.05019256678451049
META,2023-12-14,1.0,0.4870102583961313,0.366795044523007
META,2023-12-17,1.0,0.7435051291980657,0.577863363015338
META,2023-12-18,0.0,0.37175256459903283,0.3852422420102254
META,2023-12-19,1.0,0.6858762822995164,0.5901614946734836
META,2023-12-20,-0.3333333333333333,0.17627147448309152,0.28232988533787795
META,2023-12-21,-1.0,-0.4118642627584542,-0.145113409774748
META,2023-12-22,1.0,0.2940678686207729,0.23659106015016798
META,2023-12-23,0.0,0.14703393431038644,0.15772737343344534
META,2023-12-26,0.0,0.07351696715519322,0.10515158228896357
META,2023-12-27,-1.0,-0.4632415164224034,-0.26323227847402425
META,2023-12-29,1.0,0.2683792417887983,0.1578451476839838
META,2024-01-01,1.0,0.6341896208943991,0.43856343178932256
META,2024-01-03,0.3333333333333333,0.4837614771138662,0.40348673230399285
META,2024-01-05,1.0,0.741880738556933,0.6023244882026619
META,2024-01-06,1.0,0.8709403692784665,0.734882992135108
META,2024-01-08,0.3333333333333333,0.6021368513058999,0.6010331058678499
META,2024-01-09,1.0,0.8010684256529499,0.7340220705785666
META,2024-01-10,-1.0,-0.09946578717352506,0.1560147137190445
META,2024-01-11,0.0,-0.04973289358676253,0.10400980914602967
META,2024-01-12,-1.0,-0.5248664467933812,-0.26399346056931355
META,2024-01-16,0.0,-0.2624332233966906,-0.17599564037954238
META,2024-01-17,1.0,0.3687833883016547,0.2160029064136384
META,2024-01-18,0.3333333333333333,0.351058360817494,0.2551130487202034
META,2024-01-19,0.3333333333333333,0.3421958470754136,0.28118647692458004
META,2024-01-20,-1.0,-0.3289020764622932,-0.14587568205027993
META,2024-01-21,1.0,0.3355489617688534,0.2360828786331467
META,2024-01-22,1.0,0.6677744808844267,0.49072191908876445
META,2024-01-23,-1.0,-0.16611275955778665,-0.006185387274156981
META,2024-01-24,1.0,0.41694362022110665,0.3292097418172287
META,2024-01-25,1.0,0.7084718101105534,0.5528064945448191
META,2024-01-26,1.0,0.8542359050552767,0.7018709963632128
META,2024-01-29,-1.0,-0.07288204747236166,0.13458066424214196
META,2024-01-30,0.0,-0.03644102373618083,0.08972044282809465
META,2024-01-31,-1.0,-0.5182205118680904,-0.2735197047812702
META,2024-02-01,-0.3333333333333333,-0.42577692260071187,-0.29345758096529123
META,2024-02-02,0.2,-0.11288846130035593,-0.12897172064352752
META,2024-02-03,1.0,0.44355576934982205,0.2473521862376483
META,2024-02-04,0.6,0.521777884674911,0.3649014574917655
META,2024-02-05,1.0,0.7608889423374555,0.576600971661177
META,2024-02-06,1.0,0.8804444711687278,0.7177339811074513
META,2024-02-07,1.0,0.9402222355843639,0.8118226540716342
META,2024-02-08,1.0,0.970111117792182,0.8745484360477562
META,2024-02-09,1.0,0.985055558896091,0.9163656240318375
META,2024-02-10,1.0,0.9925277794480455,0.9442437493545583
META,2024-02-13,1.0,0.9962638897240228,0.9628291662363723
META,2024-02-14,0.5,0.7481319448620114,0.8085527774909149
META,2024-02-15,1.0,0.8740659724310057,0.8723685183272767
META,2024-02-16,0.0,0.43703298621550285,0.5815790122181845
META,2024-02-19,0.0,0.21851649310775142,0.3877193414787897
META,2024-02-20,1.0,0.6092582465538757,0.5918128943191932
META,2024-02-21,0.0,0.30462912327693786,0.3945419295461288
META,2024-02-22,1.0,0.6523145616384689,0.5963612863640859
META,2024-02-23,1.0,0.8261572808192345,0.730907524242724
META,2024-02-26,0.0,0.4130786404096172,0.4872716828284827
META,2024-02-27,1.0,0.7065393202048086,0.6581811218856551
META,2024-02-29,0.5,0.6032696601024043,0.6054540812571034
META,2024-03-01,1.0,0.8016348300512022,0.7369693875047356
META,2024-03-02,1.0,0.9008174150256011,0.8246462583364904
META,2024-03-04,0.0,0.45040870751280054,0.549764172224327
META,2024-03-05,1.0,0.7252043537564002,0.6998427814828847
META,2024-03-06,0.0,0.3626021768782001,0.4665618543219232
META,2024-03-07,0.0,0.18130108843910006,0.3110412362146155
META,2024-03-08,1.0,0.59065054421955,0.5406941574764104
META,2024-03-09,1.0,0.795325272109775,0.6937961049842736
META,2024-03-11,1.0,0.8976626360548875,0.7958640699895158
META,2024-03-13,0.3333333333333333,0.6154979846941104,0.6416871577707883
META,2024-03-14,1.0,0.8077489923470552,0.7611247718471923
META,2024-03-17,1.0,0.9038744961735277,0.8407498478981282
META,2024-03-19,0.6,0.7519372480867639,0.7604998985987522
META,2024-03-20,1.0,0.8759686240433819,0.8403332657325016
META,2024-03-22,0.3333333333333333,0.6046509786883576,0.6713332882661122
META,2024-03-25,1.0,0.8023254893441788,0.7808888588440748
META,2024-03-28,1.0,0.9011627446720893,0.8539259058960499
META,2024-03-29,1.0,0.9505813723360447,0.9026172705973666
META,2024-03-30,1.0,0.9752906861680224,0.9350781803982444
META,2024-04-01,1.0,0.9876453430840112,0.956718786932163
META,2024-04-02,1.0,0.9938226715420055,0.9711458579547754
META,2024-04-03,0.0,0.49691133577100277,0.6474305719698503
META,2024-04-04,0.0,0.24845566788550139,0.4316203813132336
META,2024-04-05,-0.3333333333333333,-0.042438832723915965,0.17663580976437798
META,2024-04-06,1.0,0.478780583638042,0.45109053984291864
META,2024-04-08,0.0,0.239390291819021,0.3007270265619458
META,2024-04-09,-0.6,-0.1803048540904895,0.0004846843746305563
META,2024-04-11,0.0,-0.09015242704524475,0.0003231229164203709
META,2024-04-12,1.0,0.45492378647737763,0.3335487486109469
META,2024-04-13,1.0,0.7274618932386888,0.5556991657406313
META,2024-04-15,0.0,0.3637309466193444,0.3704661104937542
META,2024-04-16,-1.0,-0.3181345266903278,-0.08635592633749714
META,2024-04-18,1.0,0.3409327366548361,0.2757627157750019
META,2024-04-19,1.0,0.670466368327418,0.5171751438500013
META,2024-04-22,0.3333333333333333,0.5018998508303757,0.4558945403444453
META,2024-04-23,0.3333333333333333,0.41761659208185453,0.41504080467407467
META,2024-04-24,0.0,0.20880829604092727,0.2766938697827165
META,2024-04-25,1.0,0.6044041480204636,0.5177959131884776
META,2024-04-26,0.0,0.3022020740102318,0.3451972754589851
META,2024-04-27,1.0,0.6511010370051159,0.56346485030599
META,2024-04-28,1.0,0.825550518502558,0.70897656687066
META,2024-04-29,1.0,0.912775259251279,0.8059843779137734
META,2024-04-30,0.0,0.4563876296256395,0.5373229186091824
META,2024-05-01,0.3333333333333333,0.3948604814794864,0.4693263901838994
META,2024-05-02,1.0,0.6974302407397432,0.6462175934559329
META,2024-05-03,1.0,0.8487151203698716,0.7641450623039553
META,2024-05-06,0.0,0.4243575601849358,0.5094300415359703
META,2024-05-07,1.0,0.7121787800924679,0.6729533610239802
META,2024-05-08,0.0,0.35608939004623397,0.44863557401598686
META,2024-05-09,0.0,0.17804469502311698,0.29909038267732463
META,2024-05-10,1.0,0.5890223475115585,0.5327269217848831
META,2024-05-13,1.0,0.7945111737557793,0.6884846145232555
META,2024-05-14,1.0,0.8972555868778896,0.792323076348837
META,2024-05-15,1.0,0.9486277934389449,0.8615487175658914
META,2024-05-16,1.0,0.9743138967194724,0.9076991450439276
META,2024-05-17,0.0,0.4871569483597362,0.6051327633626185
META,2024-05-21,1.0,0.7435784741798681,0.736755175575079
META,2024-05-22,0.0,0.37178923708993405,0.4911701170500527
META,2024-05-24,1.0,0.685894618544967,0.6607800780333685
META,2024-05-25,1.0,0.8429473092724835,0.773853385355579
META,2024-05-28,0.0,0.42147365463624176,0.5159022569037194
META,2024-05-30,0.6666666666666666,0.5440701606514542,0.5661570601580351
META,2024-06-01,-1.0,-0.2279649196742729,0.04410470677202348
META,2024-06-02,1.0,0.38601754016286355,0.362736471181349
META,2024-06-03,-1.0,-0.3069912299185682,-0.09150901921243396
META,2024-06-04,1.0,0.3465043850407159,0.272327320525044
META,2024-06-05,1.0,0.673252192520358,0.5148848803500293
META,2024-06-06,0.0,0.336626096260179,0.3432565869000196
META,2024-06-07,-0.3333333333333333,0.0016463814634228302,0.11772661348890198
META,2024-06-08,0.0,0.0008231907317114151,0.07848440899260133
META,2024-06-10,-0.3333333333333333,-0.16625507130081096,-0.058788171782710216
META,2024-06-14,1.0,0.4168724643495945,0.2941412188115265
META,2024-06-18,1.0,0.7084362321747972,0.5294274792076843
META,2024-06-20,0.0,0.3542181160873986,0.3529516528051229
META,2024-06-21,1.0,0.6771090580436994,0.5686344352034153
META,2024-06-23,-1.0,-0.16144547097815032,0.04575629013561024
META,2024-06-24,-1.0,-0.5807227354890752,-0.30282913990959315
META,2024-06-25,1.0,0.20963863225546242,0.1314472400602712
META,2024-06-27,0.0,0.10481931612773121,0.08763149337351414
META,2024-06-28,-1.0,-0.4475903419361344,-0.27491233775099055
META,2024-06-30,1.0,0.2762048290319328,0.15005844149933958
META,2024-07-01,1.0,0.6381024145159664,0.43337229433289304
META,2024-07-03,1.0,0.8190512072579832,0.6222481962219287
META,2024-07-05,1.0,0.9095256036289916,0.7481654641479525
META,2024-07-08,-1.0,-0.0452371981855042,0.16544364276530174
META,2024-07-09,-1.0,-0.5226185990927521,-0.2230375714897988
META,2024-07-11,1.0,0.23869070045362395,0.18464161900680076
META,2024-07-12,0.0,0.11934535022681197,0.12309441267120053
META,2024-07-13,0.3333333333333333,0.22633934178007264,0.19317405289191147
META,2024-07-15,0.0,0.11316967089003632,0.128782701927941
META,2024-07-16,-1.0,-0.44341516455498187,-0.24747819871470597
META,2024-07-17,0.0,-0.22170758227749093,-0.164985465809804
META,2024-07-18,1.0,0.3891462088612545,0.22334302279346396
META,2024-07-19,1.0,0.6945731044306273,0.4822286818623093
META,2024-07-23,0.0,0.3472865522153136,0.32148578790820626
META,2024-07-24,0.0,0.1736432761076568,0.21432385860547087
META,2024-07-25,0.0,0.0868216380538284,0.14288257240364727
META,2024-07-29,-1.0,-0.4565891809730858,-0.23807828506423512
META,2024-07-30,0.5,0.02170540951345709,0.007947809957176562
META,2024-07-31,-1.0,-0.48914729524327144,-0.3280347933618823
META,2024-08-01,-0.2,-0.3445736476216357,-0.28535652890792157
META,2024-08-02,0.0,-0.17228682381081786,-0.1902376859386144
META,2024-08-03,-1.0,-0.586143411905409,-0.4601584572924096
META,2024-08-05,-1.0,-0.7930717059527045,-0.6401056381949397
META,2024-08-06,0.3333333333333333,-0.22986918630968559,-0.31562598101884876
META,2024-08-07,0.0,-0.11493459315484279,-0.21041732067923252
META,2024-08-12,-1.0,-0.5574672965774214,-0.47361154711948833
META,2024-08-13,0.0,-0.2787336482887107,-0.31574103141299226
META,2024-08-14,1.0,0.36063317585564464,0.12283931239133845
META,2024-08-15,1.0,0.6803165879278223,0.4152262082608923
META,2024-08-16,1.0,0.8401582939639112,0.6101508055072615
META,2024-08-20,1.0,0.9200791469819556,0.740100537004841
META,2024-08-27,1.0,0.9600395734909778,0.8267336913365607
META,2024-08-29,0.3333333333333333,0.6466864534121556,0.6622669053354849
META,2024-08-30,1.0,0.8233432267060778,0.77484460355699
META,2024-08-31,0.0,0.4116716133530389,0.5165630690379934
META,2024-09-02,0.0,0.20583580667651946,0.3443753793586623
META,2024-09-04,-1.0,-0.39708209666174027,-0.10374974709422509
META,2024-09-05,1.0,0.30145895166912984,0.2641668352705166
META,2024-09-06,1.0,0.650729475834565,0.5094445568470111
META,2024-09-09,0.0,0.3253647379172825,0.33962970456467406
META,2024-09-10,-0.3333333333333333,-0.003984297708025414,0.11530869193200496
META,2024-09-11,0.0,-0.001992148854012707,0.07687246128800332
META,2024-09-12,1.0,0.49900392557299367,0.38458164085866886
META,2024-09-13,1.0,0.7495019627864968,0.5897210939057792
META,2024-09-16,-1.0,-0.12524901860675158,0.059814062603852865
META,2024-09-18,0.0,-0.06262450930337579,0.03987604173590192
META,2024-09-19,1.0,0.4686877453483121,0.3599173611572679
META,2024-09-23,-1.0,-0.265656127325844,-0.09338842589515468
META,2024-09-26,-1.0,-0.632828063662922,-0.3955922839301031
META,2024-09-27,1.0,0.183585968168539,0.06960514404659789
META,2024-09-30,0.0,0.0917929840842695,0.0464034293643986
META,2024-10-01,0.3333333333333333,0.2125631587088014,0.14204673068737683
META,2024-10-02,1.0,0.6062815793544007,0.4280311537915846
META,2024-10-03,0.3333333333333333,0.469807456343867,0.3964652136388342
META,2024-10-04,0.0,0.2349037281719335,0.2643101424258895
META,2024-10-07,-1.0,-0.38254813591403325,-0.1571265717160736
META,2024-10-08,1.0,0.3087259320429834,0.22858228552261756
META,2024-10-09,0.0,0.1543629660214917,0.15238819034841172
META,2024-10-11,1.0,0.5771814830107458,0.43492546023227446
META,2024-10-12,1.0,0.7885907415053729,0.6232836401548496
META,2024-10-14,-1.0,-0.10570462924731355,0.08218909343656647
META,2024-10-16,0.0,-0.052852314623656776,0.054792728957710986
META,2024-10-17,0.3333333333333333,0.14024050935483828,0.14763959708291843
META,2024-10-18,1.0,0.5701202546774191,0.4317597313886123
META,2024-10-21,0.0,0.28506012733870956,0.28783982092574156
META,2024-10-25,0.0,0.14253006366935478,0.19189321395049438
META,2024-10-27,1.0,0.5712650318346774,0.46126214263366294
META,2024-10-28,0.3333333333333333,0.45229918258400537,0.41861920620021975
META,2024-10-29,-1.0,-0.2738504087079973,-0.054253862533186786
META,2024-10-30,-1.0,-0.6369252043539987,-0.3695025750221245
META,2024-10-31,-1.0,-0.8184626021769994,-0.579668383348083
META,2024-11-01,1.0,0.0907686989115003,-0.05311225556538874
META,2024-11-02,-1.0,-0.45461565054424985,-0.36874150371025916
META,2024-11-04,0.3333333333333333,-0.06064115860545827,-0.13471655802906168
META,2024-11-05,0.0,-0.030320579302729134,-0.08981103868604114
META,2024-11-06,0.0,-0.015160289651364567,-0.0598740257906941
META,2024-11-08,1.0,0.49241985517431774,0.29341731613953725
META,2024-11-11,0.0,0.24620992758715887,0.19561154409302486
META,2024-11-14,1.0,0.6231049637935795,0.4637410293953499
META,2024-11-15,1.0,0.8115524818967897,0.6424940195968999
META,2024-11-20,0.0,0.4057762409483949,0.4283293463979333
META,2024-11-22,0.0,0.20288812047419744,0.28555289759862224
META,2024-11-24,1.0,0.6014440602370987,0.5237019317324149
META,2024-11-25,1.0,0.8007220301185494,0.6824679544882766
META,2024-11-29,1.0,0.9003610150592747,0.7883119696588511
META,2024-12-03,1.0,0.9501805075296373,0.8588746464392341
META,2024-12-04,0.2,0.5750902537648187,0.6392497642928228
META,2024-12-05,1.0,0.7875451268824094,0.7594998428618819
META,2024-12-06,0.0,0.3937725634412047,0.506333228574588
META,2024-12-07,1.0,0.6968862817206023,0.6708888190497253
META,2024-12-09,1.0,0.8484431408603011,0.7805925460331502
META,2024-12-11,0.0,0.4242215704301506,0.5203950306887669
META,2024-12-12,1.0,0.7121107852150753,0.6802633537925113
META,2024-12-13,0.0,0.35605539260753766,0.453508902528341
META,2024-12-16,1.0,0.6780276963037688,0.6356726016855606
META,2024-12-17,0.0,0.3390138481518844,0.4237817344570405
META,2024-12-18,1.0,0.6695069240759421,0.615854489638027
META,2024-12-19,0.5,0.5847534620379711,0.5772363264253514
META,2024-12-21,1.0,0.7923767310189855,0.7181575509502343
META,2024-12-23,1.0,0.8961883655094928,0.8121050339668229
META,2024-12-24,1.0,0.9480941827547464,0.8747366893112153
META,2024-12-26,-1.0,-0.02595290862262678,0.24982445954081028
META,2024-12-28,-1.0,-0.5129764543113133,-0.16678369363945977
META,2024-12-29,1.0,0.24351177284434333,0.22214420424036013
META,2024-12-30,1.0,0.6217558864221717,0.4814294694935734
META,2024-12-31,1.0,0.8108779432110859,0.6542863129957156
MSFT,2023-01-02,-1.0,-1.0,-1.0
MSFT,2023-01-03,0.2727272727272727,-0.36363636363636365,-0.5757575757575758
MSFT,2023-01-04,0.6666666666666666,0.1515151515151515,-0.1616161616161617
MSFT,2023-01-05,0.1111111111111111,0.1313131313131313,-0.07070707070707079
MSFT,2023-01-06,0.0,0.06565656565656565,-0.047138047138047194
MSFT,2023-01-08,-1.0,-0.4671717171717172,-0.36475869809203143
MSFT,2023-01-09,-0.5,-0.48358585858585856,-0.4098391320613543
MSFT,2023-01-10,1.0,0.2582070707070707,0.06010724529243042
MSFT,2023-01-11,0.5,0.37910353535353536,0.20673816352828694
MSFT,2023-01-12,1.0,0.6895517676767677,0.4711587756855246
MSFT,2023-01-13,1.0,0.8447758838383839,0.6474391837903497
MSFT,2023-01-16,1.0,0.9223879419191919,0.7649594558602332
MSFT,2023-01-17,-0.5555555555555556,0.18341619318181818,0.32478778538830366
MSFT,2023-01-18,0.5,0.34170809659090906,0.3831918569255358
MSFT,2023-01-19,-0.3333333333333333,0.004187381628787873,0.14435012683924614
MSFT,2023-01-20,0.2,0.10209369081439394,0.16290008455949745
MSFT,2023-01-21,0.0,0.05104684540719697,0.10860005637299831
MSFT,2023-01-22,0.0,0.025523422703598486,0.07240003758199888
MSFT,2023-01-23,-0.15789473684210525,-0.06618565706925339,-0.004364887226035826
MSFT,2023-01-24,0.5,0.2169071714653733,0.16375674184930944
MSFT,2023-01-25,0.2857142857142857,0.2513107285898295,0.2044092564709682
MSFT,2023-01-26,0.3333333333333333,0.2923220309615814,0.24738394875842326
MSFT,2023-01-27,0.3333333333333333,0.3128276821474574,0.2760337436167266
MSFT,2023-01-28,1.0,0.6564138410737287,0.5173558290778177
MSFT,2023-01-29,1.0,0.8282069205368643,0.6782372193852119
MSFT,2023-01-30,1.0,0.9141034602684321,0.7854914795901413
MSFT,2023-01-31,0.5,0.7070517301342161,0.6903276530600942
MSFT,2023-02-01,0.6666666666666666,0.6868591984004413,0.6824406575956184
MSFT,2023-02-02,1.0,0.8434295992002206,0.7882937717304124
MSFT,2023-02-03,1.0,0.9217147996001103,0.8588625144869416
MSFT,2023-02-04,1.0,0.9608573998000551,0.9059083429912944
MSFT,2023-02-06,1.0,0.9804286999000276,0.937272228660863
MSFT,2023-02-07,0.36,0.6702143499500137,0.7448481524405755
MSFT,2023-02-08,0.3125,0.49135717497500686,0.6007321016270504
MSFT,2023-02-09,1.0,0.7456785874875034,0.7338214010847003
MSFT,2023-02-10,0.5555555555555556,0.6506170715215295,0.6743994525749855
MSFT,2023-02-11,1.0,0.8253085357607648,0.7829329683833237
MSFT,2023-02-13,0.1111111111111111,0.468209823435938,0.5589923492925862
MSFT,2023-02-14,0.6666666666666666,0.5674382450513022,0.5948837884172797
MSFT,2023-02-15,0.3333333333333333,0.45038578919231775,0.5077003033892976
MSFT,2023-02-16,0.6666666666666666,0.5585262279294922,0.5606890911484207
MSFT,2023-02-17,1.0,0.7792631139647461,0.7071260607656138
MSFT,2023-02-18,1.0,0.8896315569823731,0.8047507071770759
MSFT,2023-02-19,1.0,0.9448157784911866,0.8698338047847173
MSFT,2023-02-20,1.0,0.9724078892455933,0.9132225365231449
MSFT,2023-02-21,0.06666666666666667,0.51953727795613,0.6310372465709856
MSFT,2023-02-22,0.5,0.509768638978065,0.5873581643806571
MSFT,2023-02-23,1.0,0.7548843194890325,0.7249054429204381
MSFT,2023-02-24,1.0,0.8774421597445162,0.8166036286136255
MSFT,2023-02-25,1.0,0.9387210798722581,0.8777357524090836
MSFT,2023-02-26,1.0,0.969360539936129,0.9184905016060558
MSFT,2023-02-27,-0.3333333333333333,0.31801360330139783,0.5012158899595929
MSFT,2023-02-28,0.5,0.4090068016506989,0.5008105933063953
MSFT,2023-03-01,-1.0,-0.29549659917465054,0.0005403955375969384
MSFT,2023-03-02,-0.2,-0.24774829958732528,-0.06630640297493537
MSFT,2023-03-03,0.0,-0.12387414979366264,-0.04420426864995692
MSFT,2023-03-05,0.0,-0.06193707489683132,-0.029469512433304618
MSFT,2023-03-06,0.5,0.21903146255158434,0.14702032504446358
MSFT,2023-03-07,0.75,0.48451573127579217,0.3480135500296424
MSFT,2023-03-08,0.3333333333333333,0.4089245323045627,0.3431201444642061
MSFT,2023-03-09,0.2,0.30446226615228134,0.2954134296428041
MSFT,2023-03-10,0.5,0.40223113307614067,0.36360895309520275
MSFT,2023-03-11,0.0,0.20111556653807033,0.2424059687301352
MSFT,2023-03-13,1.0,0.6005577832690352,0.4949373124867568
MSFT,2023-03-14,-0.07692307692307693,0.26181735317297916,0.30431718268347896
MSFT,2023-03-15,-0.25,0.005908676586489581,0.11954478845565267
MSFT,2023-03-16,0.1111111111111111,0.05850989384880034,0.11673356267413883
MSFT,2023-03-17,0.14285714285714285,0.1006835183529716,0.12544142273514017
MSFT,2023-03-18,1.0,0.5503417591764858,0.41696094849009346
MSFT,2023-03-19,1.0,0.7751708795882428,0.6113072989933956
MSFT,2023-03-20,0.75,0.7625854397941214,0.6575381993289304
MSFT,2023-03-21,0.4,0.5812927198970608,0.5716921328859537
MSFT,2023-03-22,0.42857142857142855,0.5049320742342447,0.5239852314477786
MSFT,2023-03-23,1.0,0.7524660371171223,0.6826568209651858
MSFT,2023-03-24,0.45454545454545453,0.6035057458312885,0.6066196988252753
MSFT,2023-03-25,1.0,0.8017528729156442,0.7377464658835169
MSFT,2023-03-26,1.0,0.9008764364578221,0.8251643105890113
MSFT,2023-03-27,0.5,0.7004382182289111,0.7167762070593409
MSFT,2023-03-28,0.5384615384615384,0.6194498783452247,0.6573379841934067
MSFT,2023-03-29,0.5555555555555556,0.5875027169503901,0.6234105079807897
MSFT,2023-03-30,0.0,0.29375135847519507,0.41560700532052647
MSFT,2023-03-31,0.3333333333333333,0.3135423459042642,0.3881824479914621
MSFT,2023-04-01,-1.0,-0.3432288270478679,-0.07454503467235854
MSFT,2023-04-03,0.3333333333333333,-0.004947746857267288,0.06141442132953874
MSFT,2023-04-04,0.0,-0.002473873428633644,0.040942947553025834
MSFT,2023-04-05,0.6666666666666666,0.33209639661901647,0.2495175205909061
MSFT,2023-04-06,0.0,0.16604819830950823,0.16634501372727076
MSFT,2023-04-07,1.0,0.5830240991547542,0.44423000915151384
MSFT,2023-04-08,1.0,0.7915120495773771,0.6294866727676759
MSFT,2023-04-10,-0.5,0.14575602478868854,0.25299111517845063
MSFT,2023-04-11,0.6,0.37287801239434426,0.36866074345230043
MSFT,2023-04-12,0.75,0.5614390061971721,0.4957738289682003
MSFT,2023-04-13,0.2,0.38071950309858604,0.3971825526454669
MSFT,2023-04-14,1.0,0.690359751549293,0.5981217017636447
MSFT,2023-04-15,-1.0,-0.15482012422535352,0.06541446784242984
MSFT,2023-04-16,1.0,0.42258993788732324,0.3769429785616199
MSFT,2023-04-17,0.3333333333333333,0.37796163561032825,0.3624064301521911
MSFT,2023-04-18,0.42857142857142855,0.40326653209087837,0.38446142962527025
MSFT,2023-04-19,0.5,0.4516332660454392,0.42297428641684687
MSFT,2023-04-20,1.0,0.7258166330227196,0.6153161909445646
MSFT,2023-04-21,0.5,0.6129083165113598,0.5768774606297098
MSFT,2023-04-22,0.0,0.3064541582556799,0.3845849737531399
MSFT,2023-04-23,0.3333333333333333,0.3198937457945066,0.3675010936132044
MSFT,2023-04-24,0.8181818181818182,0.5690377819881625,0.5177280018027424
MSFT,2023-04-25,0.17647058823529413,0.3727541851117283,0.403975530613593
MSFT,2023-04-26,-0.13513513513513514,0.11880952498829658,0.22427197536401697
MSFT,2023-04-27,0.375,0.24690476249414828,0.274514650242678
MSFT,2023-04-28,0.5714285714285714,0.40916666696135984,0.3734859573046425
MSFT,2023-04-30,1.0,0.7045833334806799,0.5823239715364283
MSFT,2023-05-01,0.75,0.72729166674034,0.6382159810242856
MSFT,2023-05-02,0.3333333333333333,0.5303125000368366,0.5365884317939682
MSFT,2023-05-03,0.6,0.5651562500184183,0.5577256211959788
MSFT,2023-05-04,-0.2,0.18257812500920914,0.3051504141306526
MSFT,2023-05-05,0.0,0.09128906250460457,0.20343360942043506
MSFT,2023-05-08,-0.6,-0.2543554687476977,-0.06437759371970993
MSFT,2023-05-09,-0.3333333333333333,-0.2938444010405155,-0.15402950692425108
MSFT,2023-05-10,0.2,-0.04692220052025775,-0.036019671282834065
MSFT,2023-05-11,0.75,0.3515388997398711,0.22598688581144397
MSFT,2023-05-12,1.0,0.6757694498699356,0.4839912572076293
MSFT,2023-05-13,1.0,0.8378847249349678,0.6559941714717529
MSFT,2023-05-14,1.0,0.918942362467484,0.7706627809811686
MSFT,2023-05-15,0.5555555555555556,0.7372489590115198,0.6989603725059643
MSFT,2023-05-16,0.2,0.4686244795057599,0.5326402483373096
MSFT,2023-05-17,1.0,0.73431223975288,0.6884268322248731
MSFT,2023-05-18,1.0,0.8671561198764399,0.7922845548165821
MSFT,2023-05-19,0.2,0.5335780599382199,0.5948563698777215
MSFT,2023-05-21,1.0,0.76678902996911,0.7299042465851477
MSFT,2023-05-22,0.0,0.383394514984555,0.4866028310567652
MSFT,2023-05-23,0.8333333333333334,0.6083639241589442,0.6021796651489546
MSFT,2023-05-24,0.8461538461538461,0.7272588851563953,0.6835043921505851
MSFT,2023-05-25,0.14285714285714285,0.435058014006769,0.5032886423861044
MSFT,2023-05-26,0.3333333333333333,0.38419567367005114,0.4466368727018474
MSFT,2023-05-28,1.0,0.6920978368350256,0.6310912484678982
MSFT,2023-05-29,0.0,0.3460489184175128,0.42072749897859885
MSFT,2023-05-30,-0.3333333333333333,0.006357792542089735,0.16937388820795482
MSFT,2023-05-31,1.0,0.5031788962710448,0.4462492588053032
MSFT,2023-06-01,-1.0,-0.24841055186447758,-0.03583382746313115
MSFT,2023-06-02,-1.0,-0.6242052759322387,-0.35722255164208744
MSFT,2023-06-03,1.0,0.18789736203388063,0.09518496557194166
MSFT,2023-06-04,1.0,0.5939486810169403,0.3967899770479611
MSFT,2023-06-05,1.0,0.7969743405084702,0.5978599846986408
MSFT,2023-06-06,0.4,0.5984871702542351,0.5319066564657605
MSFT,2023-06-07,0.42857142857142855,0.5135292994128319,0.4974615805009832
MSFT,2023-06-08,1.0,0.756764649706416,0.6649743870006555
MSFT,2023-06-09,1.0,0.878382324853208,0.7766495913337703
MSFT,2023-06-10,1.0,0.939191162426604,0.851099727555847
MSFT,2023-06-11,1.0,0.969595581213302,0.900733151703898
MSFT,2023-06-12,0.5555555555555556,0.7625755683844289,0.7856739529877839
MSFT,2023-06-13,-1.0,-0.11871221580778557,0.19044930199185597
MSFT,2023-06-14,1.0,0.4406438920961072,0.4602995346612373
MSFT,2023-06-15,-0.5,-0.029678053951946393,0.14019968977415825
MSFT,2023-06-16,-0.3333333333333333,-0.18150569364263985,-0.017644651261672258
MSFT,2023-06-17,-1.0,-0.5907528468213199,-0.34509643417444813
MSFT,2023-06-18,1.0,0.20462357658934005,0.1032690438837012
MSFT,2023-06-20,0.7142857142857143,0.4594546454375272,0.3069412673510389
MSFT,2023-06-21,0.5555555555555556,0.5075051004965414,0.38981269675254443
MSFT,2023-06-22,0.1111111111111111,0.3093081058038263,0.2969121682054
MSFT,2023-06-23,0.0,0.15465405290191314,0.19794144547026668
MSFT,2023-06-25,1.0,0.5773270264509566,0.46529429698017777
MSFT,2023-06-26,0.6,0.5886635132254783,0.5101961979867852
MSFT,2023-06-27,0.3333333333333333,0.46099842327940577,0.45124190976896794
MSFT,2023-06-28,0.09090909090909091,0.27595375709424835,0.33113097014900894
MSFT,2023-06-29,0.6,0.4379768785471242,0.4207539800993393
MSFT,2023-06-30,0.8181818181818182,0.6280793483644712,0.5532299261268323
MSFT,2023-07-02,1.0,0.8140396741822356,0.7021532840845549
MSFT,2023-07-03,1.0,0.9070198370911178,0.8014355227230366
MSFT,2023-07-04,1.0,0.9535099185455589,0.8676236818153578
MSFT,2023-07-05,0.5,0.7267549592727794,0.7450824545435719
MSFT,2023-07-06,-0.2,0.2633774796363897,0.43005496969571466
MSFT,2023-07-07,-1.0,-0.36831126018180516,-0.046630020202856844
MSFT,2023-07-08,-1.0,-0.6841556300909026,-0.3644200134685712
MSFT,2023-07-10,1.0,0.15792218495454868,0.09038665768761914
MSFT,2023-07-11,-0.125,0.01646109247727434,0.018591105125079433
MSFT,2023-07-12,0.6521739130434783,0.3343175027603763,0.22978537443121236
MSFT,2023-07-13,0.375,0.35465875138018815,0.27819024962080824
MSFT,2023-07-14,0.14285714285714285,0.2487579471186655,0.23307921403291978
MSFT,2023-07-15,0.0,0.12437897355933275,0.1553861426886132
MSFT,2023-07-16,-0.2,-0.03781051322033363,0.03692409512574214
MSFT,2023-07-17,-0.07692307692307693,-0.05736679507170528,-0.0010249622238642088
MSFT,2023-07-18,-0.1111111111111111,-0.08423895309140819,-0.03772034518627984
MSFT,2023-07-19,-0.06666666666666667,-0.07545280987903744,-0.04736911901307545
MSFT,2023-07-20,0.5555555555555556,0.24005137283825906,0.15360577250980154
MSFT,2023-07-21,1.0,0.6200256864191296,0.435737181673201
MSFT,2023-07-22,1.0,0.8100128432095648,0.623824787782134
MSFT,2023-07-24,0.5,0.6550064216047824,0.5825498585214227
MSFT,2023-07-25,-0.06666666666666667,0.29416987746905787,0.366144350125393
MSFT,2023-07-26,-0.1111111111111111,0.09152938317897338,0.20705919637989165
MSFT,2023-07-27,0.6,0.3457646915894867,0.3380394642532611
MSFT,2023-07-28,0.0,0.17288234579474335,0.2253596428355074
MSFT,2023-07-29,-1.0,-0.4135588271026283,-0.183093571442995
MSFT,2023-07-30,0.3333333333333333,-0.0401127468846475,-0.010951269850885584
MSFT,2023-07-31,0.0,-0.02005637344232375,-0.007300846567257057
MSFT,2023-08-01,1.0,0.4899718132788381,0.32846610228849527
MSFT,2023-08-02,1.0,0.7449859066394191,0.5523107348589968
MSFT,2023-08-03,0.14285714285714285,0.44392152474828095,0.41582620419171223
MSFT,2023-08-04,0.0,0.22196076237414047,0.2772174694611415
MSFT,2023-08-05,1.0,0.6109803811870702,0.518144979640761
MSFT,2023-08-07,1.0,0.8054901905935351,0.6787633197605074
MSFT,2023-08-08,0.0,0.40274509529676755,0.45250887984033833
MSFT,2023-08-09,1.0,0.7013725476483837,0.6350059198935589
MSFT,2023-08-10,-0.5,0.10068627382419187,0.25667061326237267
MSFT,2023-08-11,0.6,0.35034313691209595,0.3711137421749151
MSFT,2023-08-13,1.0,0.675171568456048,0.5807424947832768
MSFT,2023-08-14,0.3333333333333333,0.5042524508946906,0.4982727742999623
MSFT,2023-08-15,1.0,0.7521262254473453,0.6655151828666416
MSFT,2023-08-16,0.3333333333333333,0.5427297793903393,0.5547878996888722
MSFT,2023-08-17,0.3333333333333333,0.4380315563618363,0.4809697109036926
MSFT,2023-08-18,1.0,0.7190157781809181,0.6539798072691284
MSFT,2023-08-21,0.2,0.45950788909045903,0.5026532048460857
MSFT,2023-08-22,0.6842105263157895,0.5718592077031243,0.5631723120026536
MSFT,2023-08-23,0.0,0.28592960385156213,0.3754482080017691
MSFT,2023-08-24,-0.6,-0.15703519807421892,0.050298805334512774
MSFT,2023-08-25,0.5,0.17148240096289052,0.20019920355634185
MSFT,2023-08-27,1.0,0.5857412004814453,0.46679946903756125
MSFT,2023-08-28,1.0,0.7928706002407226,0.6445329793583742
MSFT,2023-08-29,1.0,0.8964353001203613,0.7630219862389162
MSFT,2023-08-30,0.3333333333333333,0.6148843167268473,0.6197924352703886
MSFT,2023-08-31,0.7142857142857143,0.6645850155062808,0.6512901949421639
MSFT,2023-09-01,1.0,0.8322925077531405,0.7675267966281093
MSFT,2023-09-04,-1.0,-0.08385374612342977,0.17835119775207295
MSFT,2023-09-05,-1.0,-0.5419268730617148,-0.21443253483195135
MSFT,2023-09-06,0.3333333333333333,-0.10429676986419076,-0.03184391211018981
MSFT,2023-09-07,-0.09090909090909091,-0.09760293038664083,-0.05153230504315685
MSFT,2023-09-08,1.0,0.4511985348066796,0.29897846330456207
MSFT,2023-09-10,-1.0,-0.2744007325966602,-0.13401435779695858
MSFT,2023-09-11,0.0,-0.1372003662983301,-0.0893429051979724
MSFT,2023-09-12,0.3333333333333333,0.09806648351750161,0.05154917431246283
MSFT,2023-09-13,-0.1111111111111111,-0.006522313796804749,-0.002670920828728478
MSFT,2023-09-14,-0.6,-0.3032611568984024,-0.20178061388581897
MSFT,2023-09-15,0.0,-0.1516305784492012,-0.13452040925721268
MSFT,2023-09-16,1.0,0.42418471077539943,0.24365306049519153
MSFT,2023-09-17,1.0,0.7120923553876997,0.4957687069967944
MSFT,2023-09-18,1.0,0.8560461776938498,0.6638458046645296
MSFT,2023-09-19,-0.3333333333333333,0.26135642218025823,0.331452758665242
MSFT,2023-09-20,0.42857142857142855,0.3449639253758434,0.3638256486339709
MSFT,2023-09-21,0.2727272727272727,0.30884559905155806,0.3334595233317382
MSFT,2023-09-22,0.0,0.15442279952577903,0.22230634888782547
MSFT,2023-09-23,-1.0,-0.4227886002371105,-0.18512910074144964
MSFT,2023-09-24,0.0,-0.21139430011855526,-0.12341940049429978
MSFT,2023-09-25,0.2,-0.0056971500592776225,-0.01561293366286653
MSFT,2023-09-26,0.0,-0.0028485750296388113,-0.010408622441911021
MSFT,2023-09-27,-0.42857142857142855,-0.21571000180053368,-0.14979622448508353
MSFT,2023-09-28,-0.6666666666666666,-0.44118833423360015,-0.32208637187894457
MSFT,2023-09-29,-0.5,-0.4705941671168001,-0.3813909145859631
MSFT,2023-09-30,1.0,0.26470291644159993,0.0790727236093579
MSFT,2023-10-02,-1.0,-0.36764854177920003,-0.28061818426042806
MSFT,2023-10-03,0.5,0.06617572911039998,-0.020412122840285405
MSFT,2023-10-04,1.0,0.5330878645552,0.31972525143980973
MSFT,2023-10-05,0.6,0.5665439322776,0.41315016762653983
MSFT,2023-10-06,1.0,0.7832719661388,0.6087667784176932
MSFT,2023-10-08,1.0,0.8916359830694001,0.7391778522784622
MSFT,2023-10-09,0.3333333333333333,0.6124846582013667,0.6038963459634193
MSFT,2023-10-10,0.3333333333333333,0.47290899576735,0.513708675086724
MSFT,2023-10-11,0.7142857142857143,0.5935973550265321,0.5805676881530542
MSFT,2023-10-12,0.6363636363636364,0.6149804956950842,0.5991663375565816
MSFT,2023-10-13,0.6,0.6074902478475421,0.5994442250377211
MSFT,2023-10-14,1.0,0.8037451239237711,0.7329628166918141
MSFT,2023-10-16,-0.4,0.20187256196188552,0.3553085444612094
MSFT,2023-10-17,0.2,0.20093628098094277,0.3035390296408063
MSFT,2023-10-18,0.3333333333333333,0.26713480715713805,0.313470464204982
MSFT,2023-10-19,0.3333333333333333,0.3002340702452357,0.32009142058109913
MSFT,2023-10-20,0.0,0.15011703512261784,0.21339428038739944
MSFT,2023-10-21,1.0,0.5750585175613089,0.47559618692493294
MSFT,2023-10-22,1.0,0.7875292587806544,0.6503974579499553
MSFT,2023-10-23,0.2,0.49376462939032717,0.5002649719666369
MSFT,2023-10-24,0.23076923076923078,0.36226693007977895,0.4104330582341682
MSFT,2023-10-25,0.0,0.18113346503988947,0.27362203882277886
MSFT,2023-10-26,-0.25,-0.03443326748005526,0.09908135921518593
MSFT,2023-10-27,0.5,0.23278336625997237,0.23272090614345728
MSFT,2023-10-28,0.0,0.11639168312998618,0.15514727076230486
MSFT,2023-10-29,1.0,0.5581958415649931,0.4367648471748699
MSFT,2023-10-30,0.6666666666666666,0.6124312541158299,0.5133987870054688
MSFT,2023-10-31,0.6666666666666666,0.6395489603912483,0.5644880802258682
MSFT,2023-11-01,1.0,0.8197744801956242,0.7096587201505788
MSFT,2023-11-02,0.2,0.5098872400978121,0.5397724801003859
MSFT,2023-11-03,0.0,0.25494362004890603,0.35984832006692397
MSFT,2023-11-05,1.0,0.627471810024453,0.5732322133779493
MSFT,2023-11-06,0.0,0.3137359050122265,0.3821548089186329
MSFT,2023-11-07,0.0,0.15686795250611324,0.25476987261242195
MSFT,2023-11-08,0.2,0.17843397625305663,0.23651324840828133
MSFT,2023-11-09,0.0,0.08921698812652831,0.15767549893885424
MSFT,2023-11-10,0.14285714285714285,0.11603706549183558,0.15273604691161713
MSFT,2023-11-11,0.0,0.05801853274591779,0.10182403127441143
MSFT,2023-11-12,1.0,0.5290092663729589,0.4012160208496076
MSFT,2023-11-13,1.0,0.7645046331864794,0.6008106805664051
MSFT,2023-11-14,1.0,0.8822523165932397,0.7338737870442701
MSFT,2023-11-15,0.17647058823529413,0.5293614524142669,0.5480727207746114
MSFT,2023-11-16,0.23076923076923078,0.3800653415917489,0.4423048907728179
MSFT,2023-11-17,0.7777777777777778,0.5789215596847633,0.5541291864411378
MSFT,2023-11-18,1.0,0.7894607798423816,0.7027527909607586
MSFT,2023-11-19,0.0,0.3947303899211908,0.4685018606405058
MSFT,2023-11-20,0.16279069767441862,0.2787605437978047,0.3665981396518101
MSFT,2023-11-21,0.5652173913043478,0.42198896755107623,0.4328045568693227
MSFT,2023-11-22,0.23076923076923078,0.3263790991601535,0.3654594481692921
MSFT,2023-11-23,0.5,0.41318954958007675,0.41030629877952807
MSFT,2023-11-24,0.2,0.3065947747900384,0.3402041991863521
MSFT,2023-11-26,1.0,0.6532973873950192,0.5601361327909014
MSFT,2023-11-27,0.5,0.5766486936975096,0.5400907551939342
MSFT,2023-11-28,-1.0,-0.2116756531512452,0.02672717012928955
MSFT,2023-11-29,1.0,0.3941621734243774,0.3511514467528597
MSFT,2023-11-30,0.3333333333333333,0.36374775337885534,0.3452120756130176
MSFT,2023-12-01,-1.0,-0.31812612331057233,-0.10319194959132157
MSFT,2023-12-02,1.0,0.34093693834471384,0.26453870027245224
MSFT,2023-12-03,1.0,0.6704684691723569,0.5096924668483015
MSFT,2023-12-04,-1.0,-0.16476576541382154,0.006461644565534387
MSFT,2023-12-05,-0.3333333333333333,-0.24904954937357743,-0.10680334806742152
MSFT,2023-12-06,0.0,-0.12452477468678871,-0.07120223204494769
MSFT,2023-12-07,1.0,0.43773761265660566,0.2858651786367015
MSFT,2023-12-08,0.6923076923076923,0.565022652482149,0.4213460165270318
MSFT,2023-12-09,0.3333333333333333,0.4491779929077412,0.39200845546246565
MSFT,2023-12-10,0.0,0.2245889964538706,0.2613389703083105
MSFT,2023-12-11,0.42857142857142855,0.32658021251264957,0.3170831230626832
MSFT,2023-12-12,1.0,0.6632901062563248,0.5447220820417888
MSFT,2023-12-13,0.0,0.3316450531281624,0.36314805469452593
MSFT,2023-12-14,0.5,0.4158225265640812,0.40876536979635064
MSFT,2023-12-15,1.0,0.7079112632820406,0.6058435798642338
MSFT,2023-12-16,0.0,0.3539556316410203,0.4038957199094892
MSFT,2023-12-17,0.0,0.17697781582051014,0.2692638132729928
MSFT,2023-12-18,-1.0,-0.4115110920897449,-0.15382412448467142
MSFT,2023-12-19,-0.6666666666666666,-0.5390888793782058,-0.3247716385453365
MSFT,2023-12-20,0.6,0.03045556031089708,-0.016514425696891058
MSFT,2023-12-21,0.2,0.11522778015544854,0.055657049535405956
MSFT,2023-12-23,1.0,0.5576138900777243,0.37043803302360395
MSFT,2023-12-24,1.0,0.7788069450388622,0.5802920220157359
MSFT,2023-12-26,0.0,0.3894034725194311,0.38686134801049066
MSFT,2023-12-27,1.0,0.6947017362597155,0.5912408986736605
MSFT,2023-12-28,-0.2,0.24735086812985776,0.327493932449107
MSFT,2023-12-29,0.0,0.12367543406492888,0.2183292882994047
MSFT,2023-12-31,-1.0,-0.43816228296753557,-0.1877804744670635
MSFT,2024-01-01,-1.0,-0.7190811414837678,-0.4585203163113757
MSFT,2024-01-02,1.0,0.1404594292581161,0.027653122459082823
MSFT,2024-01-03,0.3333333333333333,0.2368963812957247,0.129546526083833
MSFT,2024-01-04,0.38461538461538464,0.3107558829555547,0.21456947892768352
MSFT,2024-01-05,0.3333333333333333,0.322044608144444,0.25415743039623345
MSFT,2024-01-06,1.0,0.6610223040722221,0.5027716202641557
MSFT,2024-01-07,0.0,0.33051115203611103,0.3351810801761038
MSFT,2024-01-08,-0.6,-0.13474442398194447,0.02345405345073592
MSFT,2024-01-09,0.0,-0.06737221199097224,0.015636035633823948
MSFT,2024-01-10,0.2,0.06631389400451389,0.0770906904225493
MSFT,2024-01-11,-0.3333333333333333,-0.13350971966440972,-0.05971731749607823
MSFT,2024-01-12,0.0,-0.06675485983220486,-0.03981154499738549
MSFT,2024-01-13,0.0,-0.03337742991610243,-0.026541029998257
MSFT,2024-01-15,0.0,-0.016688714958051215,-0.017694019998838
MSFT,2024-01-16,-0.5,-0.2583443574790256,-0.17846267999922533
MSFT,2024-01-17,0.23076923076923078,-0.01378756335489742,-0.042052043076406635
MSFT,2024-01-18,-0.3333333333333333,-0.17356044834411538,-0.1391458064953822
MSFT,2024-01-19,0.7777777777777778,0.3021086647168312,0.16649538826233778
MSFT,2024-01-20,1.0,0.6510543323584156,0.4443302588415585
MSFT,2024-01-22,1.0,0.8255271661792078,0.6295535058943723
MSFT,2024-01-23,0.0,0.4127635830896039,0.41970233726291495
MSFT,2024-01-24,-0.06666666666666667,0.17304845821146864,0.25757933595305443
MSFT,2024-01-25,-0.06666666666666667,0.053190895772400985,0.14949733507981408
MSFT,2024-01-26,0.3333333333333333,0.19326211455286715,0.2107760011643205
MSFT,2024-01-27,0.0,0.09663105727643358,0.140517334109547
MSFT,2024-01-28,1.0,0.5483155286382168,0.4270115560730313
MSFT,2024-01-29,1.0,0.7741577643191084,0.6180077040486875
MSFT,2024-01-30,-0.1111111111111111,0.33152332660399864,0.3749680989954214
MSFT,2024-01-31,0.0,0.16576166330199932,0.24997873266361428
MSFT,2024-02-01,-0.2,-0.017119168349000347,0.09998582177574288
MSFT,2024-02-02,0.0,-0.008559584174500173,0.06665721451716193
MSFT,2024-02-03,1.0,0.4957202079127499,0.3777714763447746
MSFT,2024-02-04,1.0,0.7478601039563749,0.5851809842298498
MSFT,2024-02-05,0.3333333333333333,0.5405967186448541,0.5012317672643444
MSFT,2024-02-06,0.42857142857142855,0.4845840736081414,0.4770116543667058
MSFT,2024-02-07,0.6,0.5422920368040707,0.5180077695778039
MSFT,2024-02-08,0.7142857142857143,0.6282888755448925,0.5834337511471074
MSFT,2024-02-09,1.0,0.8141444377724463,0.7222891674314049
MSFT,2024-02-10,-1.0,-0.09292778111377686,0.14819277828760336
MSFT,2024-02-11,1.0,0.45353610944311157,0.43212851885840226
MSFT,2024-02-12,0.0,0.22676805472155578,0.28808567923893486
MSFT,2024-02-13,0.6666666666666666,0.4467173606941112,0.4142793417148455
MSFT,2024-02-14,1.0,0.7233586803470556,0.6095195611432304
MSFT,2024-02-15,-0.23076923076923078,0.24629472478891243,0.32942329717241003
MSFT,2024-02-16,-1.0,-0.37685263760554377,-0.11371780188505994
MSFT,2024-02-17,1.0,0.3115736811972281,0.25752146540996
MSFT,2024-02-18,1.0,0.655786840598614,0.5050143102733067
MSFT,2024-02-19,0.0,0.327893420299307,0.3366762068488712
MSFT,2024-02-20,-0.2,0.0639467101496535,0.15778413789924747
MSFT,2024-02-21,1.0,0.5319733550748268,0.4385227585994983
MSFT,2024-02-22,-0.3333333333333333,0.09932001087074674,0.1812373946218878
MSFT,2024-02-23,1.0,0.5496600054353734,0.4541582630812585
MSFT,2024-02-24,0.0,0.2748300027176867,0.3027721753875057
MSFT,2024-02-25,1.0,0.6374150013588433,0.5351814502583372
MSFT,2024-02-26,0.3333333333333333,0.4853741673460883,0.46789874461666925
MSFT,2024-02-27,0.0,0.24268708367304415,0.31193249641111287
MSFT,2024-02-28,0.6,0.42134354183652206,0.4079549976074086
MSFT,2024-02-29,1.0,0.7106717709182611,0.6053033317382724
MSFT,2024-03-01,0.42857142857142855,0.5696215997448448,0.5463926973493245
MSFT,2024-03-02,0.0,0.2848107998724224,0.364261798232883
MSFT,2024-03-03,-1.0,-0.3575946000637888,-0.09049213451141128
MSFT,2024-03-04,0.42857142857142855,0.03548841425381988,0.08252905318286866
MSFT,2024-03-05,0.0,0.01774420712690994,0.05501936878857911
MSFT,2024-03-06,-0.14285714285714285,-0.06255646786511646,-0.010939468426661538
MSFT,2024-03-07,0.6,0.26872176606744175,0.19270702104889229
MSFT,2024-03-08,1.0,0.6343608830337208,0.4618046806992615
MSFT,2024-03-09,1.0,0.8171804415168604,0.6412031204661743
MSFT,2024-03-10,1.0,0.9085902207584302,0.7608020803107829
MSFT,2024-03-11,-0.5,0.2042951103792151,0.34053472020718867
MSFT,2024-03-12,0.3333333333333333,0.26881422185627424,0.33813425791590357
MSFT,2024-03-13,0.5,0.3844071109281371,0.39208950527726905
MSFT,2024-03-14,-1.0,-0.30779644453593147,-0.07194032981515393
MSFT,2024-03-15,-0.3333333333333333,-0.3205648889346324,-0.1590713309878804
MSFT,2024-03-16,0.3333333333333333,0.006384222199350448,0.005063557119190827
MSFT,2024-03-17,1.0,0.5031921110996752,0.3367090380794605
MSFT,2024-03-18,1.0,0.7515960555498375,0.557806025386307
MSFT,2024-03-19,0.7142857142857143,0.7329408849177759,0.6099659216861094
MSFT,2024-03-20,-0.2,0.26647044245888796,0.339977281124073
MSFT,2024-03-21,1.0,0.633235221229444,0.5599848540827154
MSFT,2024-03-22,0.3333333333333333,0.4832842772813887,0.4844343471662547
MSFT,2024-03-23,1.0,0.7416421386406944,0.6562895647775031
MSFT,2024-03-24,1.0,0.8708210693203472,0.7708597098516687
MSFT,2024-03-25,-1.0,-0.0645894653398264,0.18057313990111257
MSFT,2024-03-26,0.4,0.1677052673300868,0.2537154266007417
MSFT,2024-03-27,0.7142857142857143,0.44099549080790057,0.4072388558290659
MSFT,2024-03-28,1.0,0.7204977454039503,0.604825903886044
MSFT,2024-03-29,-1.0,-0.13975112729802486,0.06988393592402938
MSFT,2024-03-30,1.0,0.43012443635098757,0.3799226239493529
MSFT,2024-03-31,1.0,0.7150622181754938,0.586615082632902
MSFT,2024-04-01,0.6363636363636364,0.675712927269565,0.6031979338764801
MSFT,2024-04-02,0.75,0.7128564636347825,0.6521319559176535
MSFT,2024-04-03,1.0,0.8564282318173913,0.768087970611769
MSFT,2024-04-04,-0.5,0.17821411590869563,0.3453919804078461
MSFT,2024-04-05,1.0,0.5891070579543478,0.5635946536052308
MSFT,2024-04-07,-1.0,-0.2054464710228261,0.042396435736820566
MSFT,2024-04-08,0.7142857142857143,0.2544196216314441,0.2663595285864518
MSFT,2024-04-09,-0.42857142857142855,-0.08707590346999222,0.0347158762004917
MSFT,2024-04-10,-0.6,-0.3435379517349961,-0.17685608253300553
MSFT,2024-04-11,-0.5,-0.42176897586749806,-0.28457072168867037
MSFT,2024-04-12,1.0,0.28911551206625097,0.14361951887421973
MSFT,2024-04-13,1.0,0.6445577560331255,0.4290796792494798
MSFT,2024-04-14,-1.0,-0.17772112198343726,-0.04728021383368007
MSFT,2024-04-15,1.0,0.41113943900828137,0.3018131907775466
MSFT,2024-04-16,0.0,0.20556971950414069,0.20120879385169774
MSFT,2024-04-17,0.42857142857142855,0.3170705740377846,0.2769963387582747
MSFT,2024-04-18,1.0,0.6585352870188923,0.5179975591721832
MSFT,2024-04-19,1.0,0.8292676435094462,0.6786650394481222
MSFT,2024-04-20,1.0,0.9146338217547231,0.7857766929654149
MSFT,2024-04-21,1.0,0.9573169108773616,0.8571844619769433
MSFT,2024-04-22,-0.6363636363636364,0.16047663725686262,0.35933509586341683
MSFT,2024-04-23,0.3333333333333333,0.24690498529509797,0.3506678416867223
MSFT,2024-04-24,0.2,0.223452492647549,0.30044522779114824
MSFT,2024-04-25,-0.6,-0.1882737536762255,0.0002968185274321985
MSFT,2024-04-26,-0.5789473684210527,-0.3836105610486391,-0.19278457712206273
MSFT,2024-04-27,1.0,0.30819471947568045,0.2048102819186248
MSFT,2024-04-28,1.0,0.6540973597378402,0.4698735212790832
MSFT,2024-04-29,0.09090909090909091,0.3725032253234656,0.34355204448908583
MSFT,2024-04-30,0.0,0.1862516126617328,0.22903469632605725
MSFT,2024-05-01,0.5555555555555556,0.3709035841086442,0.33787498273589
MSFT,2024-05-02,-0.4,-0.014548207945677905,0.09191665515726002
MSFT,2024-05-03,1.0,0.49272589602716105,0.39461110343817335
MSFT,2024-05-04,1.0,0.7463629480135805,0.5964074022921155
MSFT,2024-05-05,1.0,0.8731814740067902,0.7309382681947437
MSFT,2024-05-06,-0.2727272727272727,0.30022710063975877,0.39638308788740495
MSFT,2024-05-07,0.7777777777777778,0.5390024392087682,0.5235146511841959
MSFT,2024-05-08,0.2,0.3695012196043841,0.4156764341227973
MSFT,2024-05-09,0.2,0.284750609802192,0.34378428941519823
MSFT,2024-05-10,0.5,0.392375304901096,0.3958561929434655
MSFT,2024-05-11,1.0,0.696187652450548,0.5972374619623103
MSFT,2024-05-13,0.7142857142857143,0.7052366833681312,0.6362535460701116
MSFT,2024-05-14,1.0,0.8526183416840656,0.7575023640467411
MSFT,2024-05-15,1.0,0.9263091708420328,0.8383349093644941
MSFT,2024-05-16,0.5,0.7131545854210164,0.7255566062429961
MSFT,2024-05-17,0.6666666666666666,0.6899106260438415,0.7059266263842197
MSFT,2024-05-18,1.0,0.8449553130219207,0.8039510842561465
MSFT,2024-05-19,-1.0,-0.07752234348903964,0.20263405617076438
MSFT,2024-05-20,0.0,-0.03876117174451982,0.13508937078050962
MSFT,2024-05-21,0.23076923076923078,0.09600402951235548,0.16698265744341667
MSFT,2024-05-22,0.5555555555555556,0.3257797925339555,0.29650695681412964
MSFT,2024-05-23,-0.1111111111111111,0.1073343407114222,0.16063426750571608
MSFT,2024-05-24,1.0,0.5536671703557111,0.44042284500381074
MSFT,2024-05-25,-1.0,-0.22316641482214444,-0.039718103330792794
MSFT,2024-05-26,1.0,0.3884167925889278,0.30685459777947144
MSFT,2024-05-27,1.0,0.6942083962944638,0.5379030651863143
MSFT,2024-05-28,0.3333333333333333,0.5137708648138986,0.469713154568654
MSFT,2024-05-29,0.0,0.2568854324069493,0.31314210304576934
MSFT,2024-05-30,1.0,0.6284427162034747,0.5420947353638462
MSFT,2024-05-31,-0.14285714285714285,0.24279278667316592,0.3137774426235166
MSFT,2024-06-01,-1.0,-0.378603606663417,-0.12414837158432224
MSFT,2024-06-03,0.0,-0.1893018033317085,-0.08276558105621483
MSFT,2024-06-04,0.0,-0.09465090166585426,-0.05517705403747656
MSFT,2024-06-06,0.6666666666666666,0.2860078825004062,0.18543751953057117
MSFT,2024-06-07,1.0,0.6430039412502031,0.45695834635371413
MSFT,2024-06-08,-1.0,-0.17849802937489845,-0.028694435764190528
MSFT,2024-06-10,0.09090909090909091,-0.04379446923290377,0.011173406460236616
MSFT,2024-06-11,0.5,0.22810276538354812,0.1741156043068244
MSFT,2024-06-12,0.6,0.41405138269177405,0.31607706953788295
MSFT,2024-06-13,0.6,0.507025691345887,0.41071804635858866
MSFT,2024-06-14,1.0,0.7535128456729435,0.6071453642390591
MSFT,2024-06-16,0.0,0.37675642283647176,0.40476357615937275
MSFT,2024-06-17,-0.4,-0.011621788581764131,0.1365090507729152
MSFT,2024-06-18,0.3333333333333333,0.16085577237578458,0.20211714495972125
MSFT,2024-06-19,-1.0,-0.4195721138121077,-0.19858857002685246
MSFT,2024-06-20,0.3333333333333333,-0.043119390239387184,-0.021281268906790548
MSFT,2024-06-21,1.0,0.4784403048803064,0.31914582072880626
MSFT,2024-06-22,-1.0,-0.2607798475598468,-0.12056945284746245
MSFT,2024-06-23,1.0,0.3696100762200766,0.25295369810169166
MSFT,2024-06-24,1.0,0.6848050381100383,0.5019691320677945
MSFT,2024-06-25,1.0,0.8424025190550192,0.6679794213785297
MSFT,2024-06-26,0.0,0.4212012595275096,0.4453196142523532
MSFT,2024-06-27,-1.0,-0.2893993702362452,-0.03645359049843113
MSFT,2024-06-28,-1.0,-0.6446996851181226,-0.3576357269989541
MSFT,2024-07-01,1.0,0.1776501574409387,0.09490951533403057
MSFT,2024-07-02,0.2,0.18882507872046936,0.1299396768893537
MSFT,2024-07-03,0.5,0.3444125393602347,0.2532931179262358
MSFT,2024-07-04,-1.0,-0.3277937303198827,-0.16447125471584276
MSFT,2024-07-05,1.0,0.33610313484005866,0.22368583018943813
MSFT,2024-07-07,1.0,0.6680515674200294,0.4824572201262921
MSFT,2024-07-08,0.6,0.6340257837100147,0.5216381467508614
MSFT,2024-07-09,0.2,0.41701289185500734,0.41442543116724095
MSFT,2024-07-10,0.2727272727272727,0.34487008229114,0.36719271168725154
MSFT,2024-07-11,0.6,0.47243504114557,0.44479514112483437
MSFT,2024-07-13,0.0,0.236217520572785,0.29653009408322295
MSFT,2024-07-14,-1.0,-0.3818912397136075,-0.135646603944518
MSFT,2024-07-15,0.0,-0.19094561985680375,-0.09043106929634534
MSFT,2024-07-16,1.0,0.4045271900715981,0.2730459538024364
MSFT,2024-07-17,0.3333333333333333,0.3689302617024657,0.29314174697940204
MSFT,2024-07-18,0.3333333333333333,0.35113179751789947,0.3065389424307125
MSFT,2024-07-19,1.0,0.6755658987589497,0.5376926282871417
MSFT,2024-07-20,-1.0,-0.16221705062052516,0.02512841885809453
MSFT,2024-07-21,1.0,0.4188914746897374,0.350085612572063
MSFT,2024-07-22,0.0,0.2094457373448687,0.23339040838137537
MSFT,2024-07-23,-1.0,-0.39527713132756565,-0.17773972774574973
MSFT,2024-07-24,0.3333333333333333,-0.030971898997116165,-0.007382040719388726
MSFT,2024-07-25,0.0,-0.015485949498558083,-0.004921360479592484
MSFT,2024-07-26,1.0,0.49225702525072096,0.3300524263469383
MSFT,2024-07-27,1.0,0.7461285126253605,0.5533682842312923
MSFT,2024-07-28,1.0,0.8730642563126803,0.7022455228208615
MSFT,2024-07-29,-0.3333333333333333,0.2698654614896735,0.3570525707694633
MSFT,2024-07-30,0.14285714285714285,0.20636130217340817,0.2856540947986898
MSFT,2024-07-31,0.3333333333333333,0.26984731775337073,0.30154717431023764
MSFT,2024-08-01,-1.0,-0.36507634112331466,-0.13230188379317487
MSFT,2024-08-02,1.0,0.31746182943834267,0.24513207747121674
MSFT,2024-08-03,1.0,0.6587309147191713,0.49675471831414447
MSFT,2024-08-05,0.5,0.5793654573595857,0.49783647887609633
MSFT,2024-08-06,1.0,0.7896827286797928,0.6652243192507309
MSFT,2024-08-07,1.0,0.8948413643398965,0.7768162128338206
MSFT,2024-08-08,-0.5,0.19742068216994824,0.3512108085558805
MSFT,2024-08-09,1.0,0.5987103410849741,0.567473872370587
MSFT,2024-08-11,1.0,0.7993551705424871,0.711649248247058
MSFT,2024-08-13,1.0,0.8996775852712435,0.8077661654980387
MSFT,2024-08-14,0.5,0.6998387926356218,0.7051774436653592
MSFT,2024-08-15,0.0,0.3499193963178109,0.47011829577690617
MSFT,2024-08-16,1.0,0.6749596981589054,0.6467455305179375
MSFT,2024-08-17,-1.0,-0.16252015092054728,0.09783035367862505
MSFT,2024-08-19,1.0,0.41873992453972636,0.39855356911908335
MSFT,2024-08-21,1.0,0.7093699622698632,0.5990357127460556
MSFT,2024-08-22,1.0,0.8546849811349315,0.7326904751640371
MSFT,2024-08-23,1.0,0.9273424905674658,0.8217936501093581
MSFT,2024-08-24,1.0,0.9636712452837328,0.8811957667395721
MSFT,2024-08-25,0.0,0.4818356226418664,0.5874638444930481
MSFT,2024-08-27,-0.3333333333333333,0.07425114465426655,0.2805314518842543
MSFT,2024-08-28,-1.0,-0.46287442767286674,-0.14631236541049708
MSFT,2024-08-29,1.0,0.26856278616356666,0.23579175639300193
MSFT,2024-09-02,0.3333333333333333,0.30094805974844996,0.2683056153731124
MSFT,2024-09-03,0.0,0.15047402987422498,0.17887041024874165
MSFT,2024-09-04,0.0,0.07523701493711249,0.11924694016582778
MSFT,2024-09-05,1.0,0.5376185074685562,0.4128312934438852
MSFT,2024-09-07,1.0,0.7688092537342781,0.6085541956292568
MSFT,2024-09-09,-0.3333333333333333,0.2177379602004724,0.29459168597506014
MSFT,2024-09-10,-1.0,-0.3911310198997638,-0.13693887601662655
MSFT,2024-09-11,0.3333333333333333,-0.028898843283215236,0.01981852710002673
MSFT,2024-09-12,1.0,0.4855505783583924,0.3465456847333511
MSFT,2024-09-13,1.0,0.7427752891791962,0.5643637898222341
MSFT,2024-09-16,-0.2,0.2713876445895981,0.30957585988148945
MSFT,2024-09-17,-0.2,0.03569382229479903,0.139717239920993
MSFT,2024-09-18,1.0,0.5178469111473996,0.4264781599473287
MSFT,2024-09-19,-1.0,-0.24107654442630022,-0.04901456003511416
MSFT,2024-09-20,0.5,0.1294617277868499,0.13399029330992387
MSFT,2024-09-21,-1.0,-0.435269136106575,-0.2440064711267174
MSFT,2024-09-22,1.0,0.2823654319467125,0.17066235258218837
MSFT,2024-09-23,-0.3333333333333333,-0.025483950693310414,0.002663790610347821
MSFT,2024-09-24,0.0,-0.012741975346655207,0.0017758604068985476
MSFT,2024-09-25,0.3333333333333333,0.16029567899333905,0.11229501804904347
MSFT,2024-09-26,1.0,0.5801478394966695,0.4081966786993623
MSFT,2024-09-27,1.0,0.7900739197483347,0.6054644524662416
MSFT,2024-09-28,1.0,0.8950369598741674,0.7369763016441611
MSFT,2024-09-29,1.0,0.9475184799370837,0.8246508677627741
MSFT,2024-09-30,-1.0,-0.026240760031458144,0.21643391184184946
MSFT,2024-10-02,1.0,0.48687961998427093,0.4776226078945663
MSFT,2024-10-03,-0.6,-0.056560190007864525,0.11841507192971092
MSFT,2024-10-04,0.0,-0.028280095003932262,0.07894338128647395
MSFT,2024-10-05,0.0,-0.014140047501966131,0.05262892085764931
MSFT,2024-10-07,-1.0,-0.5070700237509831,-0.2982473860949004
MSFT,2024-10-08,-0.14285714285714285,-0.32496358330406294,-0.24645063834898126
MSFT,2024-10-09,-0.3333333333333333,-0.3291484583186981,-0.2754115366770986
MSFT,2024-10-10,0.0,-0.16457422915934905,-0.18360769111806577
MSFT,2024-10-11,1.0,0.4177128854203255,0.21092820592128947
MSFT,2024-10-12,1.0,0.7088564427101627,0.47395213728085966
MSFT,2024-10-14,-0.3333333333333333,0.18776155468841468,0.20485698040946204
MSFT,2024-10-15,1.0,0.5938807773442073,0.469904653606308
MSFT,2024-10-17,0.6,0.5969403886721036,0.5132697690708721
MSFT,2024-10-18,0.0,0.2984701943360518,0.3421798460472481
MSFT,2024-10-19,1.0,0.6492350971680259,0.5614532306981654
MSFT,2024-10-21,-1.0,-0.17538245141598707,0.04096882046544369
MSFT,2024-10-22,0.5,0.16230877429200646,0.1939792136436291
MSFT,2024-10-23,1.0,0.5811543871460032,0.46265280909575274
MSFT,2024-10-24,1.0,0.7905771935730016,0.6417685393971685
MSFT,2024-10-25,0.3333333333333333,0.5619552634531675,0.5389568040425569
MSFT,2024-10-28,0.7142857142857143,0.638120488869441,0.5973997741236093
MSFT,2024-10-29,0.3333333333333333,0.4857269111013871,0.5093776271935174
MSFT,2024-10-30,-1.0,-0.25713654444930645,0.006251751462345005
MSFT,2024-10-31,-1.0,-0.6285682722246533,-0.32916549902510334
MSFT,2024-11-01,1.0,0.18571586388767336,0.11388966731659773
MSFT,2024-11-02,-0.3333333333333333,-0.07380873472282998,-0.03518466623337927
MSFT,2024-11-03,1.0,0.463095632638585,0.30987688917774714
MSFT,2024-11-04,1.0,0.7315478163192926,0.5399179261184981
MSFT,2024-11-05,1.0,0.8657739081596463,0.6932786174123321
MSFT,2024-11-06,0.3333333333333333,0.5995536207464898,0.5732968560526659
MSFT,2024-11-07,0.3333333333333333,0.4664434770399115,0.4933090151462217
MSFT,2024-11-09,1.0,0.7332217385199558,0.6622060100974811
MSFT,2024-11-10,-1.0,-0.13338913074002212,0.1081373400649875
MSFT,2024-11-11,0.5,0.18330543462998894,0.23875822670999167
MSFT,2024-11-12,1.0,0.5916527173149945,0.49250548447332776
MSFT,2024-11-13,0.0,0.29582635865749723,0.3283369896488852
MSFT,2024-11-14,0.3333333333333333,0.3145798459954153,0.33000243754370123
MSFT,2024-11-15,1.0,0.6572899229977076,0.5533349583624675
MSFT,2024-11-18,1.0,0.8286449614988538,0.7022233055749784
MSFT,2024-11-19,-0.14285714285714285,0.3428939093208555,0.42052982276427137
MSFT,2024-11-20,-0.1111111111111111,0.1158913991048722,0.2433161781391439
MSFT,2024-11-21,0.0,0.0579456995524361,0.16221078542609596
MSFT,2024-11-22,0.3333333333333333,0.19563951644288471,0.21925163472850842
MSFT,2024-11-23,1.0,0.5978197582214424,0.47950108981900563
MSFT,2024-11-24,0.0,0.2989098791107212,0.31966739321267046
MSFT,2024-11-25,-1.0,-0.3505450604446394,-0.12022173785821966
MSFT,2024-11-26,1.0,0.3247274697776803,0.25318550809452023
MSFT,2024-11-27,1.0,0.6623637348888401,0.5021236720630134
MSFT,2024-11-28,0.0,0.3311818674444201,0.3347491147086757
MSFT,2024-11-29,1.0,0.66559093372221,0.5564994098057838
MSFT,2024-12-02,1.0,0.8327954668611051,0.7043329398705226
MSFT,2024-12-03,0.3333333333333333,0.5830644000972192,0.5806664043581262
MSFT,2024-12-04,0.0,0.2915322000486096,0.38711093623875087
MSFT,2024-12-05,0.3333333333333333,0.3124327666909714,0.3691850686036117
MSFT,2024-12-06,1.0,0.6562163833454857,0.5794567124024078
MSFT,2024-12-09,1.0,0.8281081916727429,0.719637808268272
MSFT,2024-12-10,1.0,0.9140540958363714,0.813091872178848
MSFT,2024-12-11,0.3333333333333333,0.6236937145848523,0.6531723592303432
MSFT,2024-12-12,0.3333333333333333,0.47851352395909286,0.5465593505980066
MSFT,2024-12-13,1.0,0.7392567619795465,0.6977062337320045
MSFT,2024-12-16,1.0,0.8696283809897732,0.798470822488003
MSFT,2024-12-17,-1.0,-0.06518580950511338,0.19898054832533543
MSFT,2024-12-18,0.5,0.2174070952474433,0.2993203655502236
MSFT,2024-12-20,-1.0,-0.39129645237627836,-0.13378642296651755
MSFT,2024-12-23,1.0,0.30435177381186085,0.24414238468898827
MSFT,2024-12-24,-0.3333333333333333,-0.014490779760736233,0.05165047868154776
MSFT,2024-12-25,1.0,0.4927546101196319,0.3677669857876985
MSFT,2024-12-26,1.0,0.7463773050598159,0.5785113238584657
MSFT,2024-12-28,1.0,0.873188652529908,0.7190075492389771
MSFT,2024-12-29,1.0,0.936594326264954,0.8126716994926515
MSFT,2024-12-31,1.0,0.968297163132477,0.8751144663284344
