date,sp500_adj_close
1999-11-01,85.8606847176409
1999-11-02,85.2470822249773
1999-11-03,85.8210993397167
1999-11-04,86.4742289406283
1999-11-05,87.3253437008372
1999-11-08,87.4045144566857
1999-11-09,86.5830982304106
1999-11-10,87.2263511211885
1999-11-11,87.7211974800795
1999-11-12,88.5129050385639
1999-11-15,88.7207086383186
1999-11-16,89.4629541087453
1999-11-17,89.7004663762906
1999-11-18,90.3338324230782
1999-11-19,90.2546616672298
1999-11-22,90.2348398434295
1999-11-23,89.443132284945
1999-11-24,89.9181568200357
1999-11-26,89.581710242518
1999-11-29,89.2650272191242
1999-11-30,88.2159855692941
1999-12-01,88.9285223719301
1999-12-02,89.4629541087453
1999-12-03,91.1057181577624
1999-12-06,90.4327667330506
1999-12-07,89.7004663762906
1999-12-08,89.1264492615512
1999-12-09,89.5618884187177
1999-12-10,89.8588078879875
1999-12-13,90.0171493996844
1999-12-14,89.1462710853515
1999-12-15,89.6212956204422
1999-12-16,90.0171493996844
1999-12-17,90.5935454372956
1999-12-20,89.9387665601318
1999-12-21,91.3078178060522
1999-12-22,91.5459085956377
1999-12-23,93.0041664287824
1999-12-27,92.8752196316867
1999-12-28,92.8157261400939
1999-12-29,93.2125441227364
1999-12-30,93.1033994953378
1999-12-31,93.2522259210007
2000-01-03,92.3395445609228
2000-01-04,88.7285009188755
2000-01-05,88.8872281119326
2000-01-06,87.4586833744194
2000-01-07,92.5379535522441
2000-01-10,92.8554079383581
2000-01-11,91.744317586959
2000-01-12,90.8316362268811
2000-01-13,92.061771973073
2000-01-14,93.3117194125935
2000-01-18,92.5776353505083
2000-01-19,93.3315895175292
2000-01-20,91.903044780016
2000-01-21,91.7046357886947
2000-01-24,89.1054487965825
2000-01-25,90.1173638581245
2000-01-26,89.4030914893679
2000-01-27,89.0459553049896
2000-01-28,86.2682294264917
2000-01-31,88.6094555240828
2000-02-01,89.4824550858964
2000-02-02,89.5618186824249
2000-02-03,90.9109998234096
2000-02-04,90.5339935340957
2000-02-07,90.3951364459743
2000-02-08,91.6252721921662
2000-02-09,89.7006757705463
2000-02-10,89.879273068539
2000-02-11,88.0539103483832
2000-02-14,88.5697737258185
2000-02-15,89.571719449819
2000-02-16,88.2523193397045
2000-02-17,87.795949453862
2000-02-18,85.9110932421134
2000-02-22,85.6928141458565
2000-02-23,86.7047292073985
2000-02-24,84.9587300837713
2000-02-25,84.6511764650513
2000-02-28,86.4269566195487
2000-02-29,87.2602743830981
2000-03-01,87.8951831553262
2000-03-02,87.954676646919
2000-03-03,89.6015004806892
2000-03-06,88.7285009188755
2000-03-07,87.0122148908798
2000-03-08,86.9031381987198
2000-03-09,89.4427732876321
2000-03-10,88.9665917084611
2000-03-13,87.9943584451833
2000-03-14,86.7444110056628
2000-03-15,88.7681827171398
2000-03-16,92.914901429951
2000-03-17,93.5273464949089
2000-03-20,93.0499631865554
2000-03-21,94.9594964199692
2000-03-22,95.53630530472
2000-03-23,97.1673649415942
2000-03-24,97.7442323853641
2000-03-27,96.7099018839317
2000-03-28,96.1529546908527
2000-03-29,96.2523802672501
2000-03-30,94.6412408810669
2000-03-31,95.7153533248621
2000-04-03,96.2723005179411
2000-04-04,95.5562255554109
2000-04-05,94.9594964199692
2000-04-06,95.784923349155
2000-04-07,96.3916463450294
2000-04-10,96.0136886130734
2000-04-11,95.7352150165339
2000-04-12,93.10960682059
2000-04-13,91.8167229733091
2000-04-14,86.5655065814214
2000-04-17,89.5889342009931
2000-04-18,91.9559304920693
2000-04-19,91.100648010779
2000-04-20,91.5382493767696
2000-04-24,90.5437008177
2000-04-25,94.3030650914736
2000-04-26,93.2388790379368
2000-04-27,92.9306173594671
2000-04-28,92.3537499156971
2000-05-01,93.6069103796344
2000-05-02,91.7371590885835
2000-05-03,89.5889342009931
2000-05-04,90.2652272211605
2000-05-05,91.3592013566275
2000-05-08,90.6729723985356
2000-05-09,89.9469716822582
2000-05-10,87.9180926217561
2000-05-11,89.9270514315672
2000-05-12,90.901738298965
2000-05-15,92.4730957427855
2000-05-16,93.3682187254577
2000-05-17,92.3935318580599
2000-05-18,91.2597757802301
2000-05-19,89.8276258551698
2000-05-22,89.1513328350025
2000-05-23,87.8385287370305
2000-05-24,89.2706786620908
2000-05-25,87.739044601614
2000-05-26,87.8385287370305
2000-05-30,90.7028285871511
2000-05-31,90.901738298965
2000-06-01,92.4930159934764
2000-06-02,94.1041553796597
2000-06-05,93.6466923219972
2000-06-06,93.2289526476784
2000-06-07,93.8753901157413
2000-06-08,93.5074262442179
2000-06-09,93.308516532404
2000-06-12,92.2145423969369
2000-06-13,93.9450276102085
2000-06-14,94.1041553796597
2000-06-15,94.3030650914736
2000-06-16,93.5302820839997
2000-06-19,94.7265768369278
2000-06-20,94.3876560060295
2000-06-21,94.3477795142652
2000-06-22,92.9122258107515
2000-06-23,92.114695975466
2000-06-26,93.3009731156391
2000-06-27,92.6131227734215
2000-06-28,92.8723493189872
2000-06-29,91.9950665001732
2000-06-30,92.69287575695
2000-07-03,93.9689234934067
2000-07-05,92.2742019425231
2000-07-06,92.99197879428
2000-07-07,94.4873178863422
2000-07-10,94.3278119192851
2000-07-11,94.5271943781065
2000-07-12,95.1453093495506
2000-07-13,95.5639831639775
2000-07-14,96.5011100695358
2000-07-17,96.3416041024788
2000-07-18,95.5540236113945
2000-07-19,94.7864209236722
2000-07-20,96.1023451518931
2000-07-21,94.2281500389724
2000-07-24,93.6897880510568
2000-07-25,93.9888910883868
2000-07-26,93.0717317778085
2000-07-27,92.7527198436944
2000-07-28,90.6591746769722
2000-07-31,91.2374131566521
2000-08-01,91.7956840413519
2000-08-02,92.254234347543
2000-08-03,92.8922582157714
2000-08-04,93.3907437119227
2000-08-07,94.5072854813223
2000-08-08,94.8661739072007
2000-08-09,94.0686440719153
2000-08-10,93.6100350675283
2000-08-11,94.0486764769352
2000-08-14,95.2449712298634
2000-08-15,95.1652182463348
2000-08-16,94.8262974154365
2000-08-17,95.8232097095432
2000-08-18,95.5041977754291
2000-08-21,96.0225921683646
2000-08-22,95.8630862013075
2000-08-23,96.2418835239701
2000-08-24,96.5409865613001
2000-08-25,96.5011100695358
2000-08-28,96.8300713478512
2000-08-29,96.8499808826592
2000-08-30,95.922871589856
2000-08-31,97.1989193263126
2000-09-01,97.2986399048213
2000-09-05,96.52101896632
2000-09-06,95.4244447919005
2000-09-07,96.2418835239701
2000-09-08,95.5839507589576
2000-09-11,95.4443536886847
2000-09-12,94.7465444319079
2000-09-13,94.9957527266947
2000-09-14,95.4742706278659
2000-09-15,93.3909472415367
2000-09-18,92.5313692871573
2000-09-19,93.3709283162978
2000-09-20,92.6813001373213
2000-09-21,91.2720601679915
2000-09-22,92.9311593010337
2000-09-25,92.2715352026826
2000-09-26,91.0921252372021
2000-09-27,91.5718732538538
2000-09-28,92.7512832193343
2000-09-29,91.8717451888062
2000-10-02,92.0116422691179
2000-10-03,91.1521231638286
2000-10-04,91.9117241901938
2000-10-05,92.231556201295
2000-10-06,90.2326061319128
2000-10-09,89.5529631083228
2000-10-10,88.07374005698
2000-10-11,87.3340991067635
2000-10-12,85.155272955682
2000-10-13,87.9937820542047
2000-10-16,88.3935720680811
2000-10-17,86.1947269917607
2000-10-18,85.8748949806596
2000-10-19,89.1131940930587
2000-10-20,89.4929651816963
2000-10-23,89.8927551955728
2000-10-24,89.2930701747581
2000-10-25,87.1942020264518
2000-10-26,87.4340760347777
2000-10-27,89.0931751678199
2000-10-30,89.8927551955728
2000-10-31,91.4419510943043
2000-11-01,91.1321042385897
2000-11-02,91.2820350887537
2000-11-03,91.331999245528
2000-11-06,91.9716632677303
2000-11-07,91.9517031915815
2000-11-08,89.9127741208116
2000-11-09,89.5729231844716
2000-11-10,87.39409703339
2000-11-13,86.7144540098001
2000-11-14,88.9932570888958
2000-11-15,89.2731100986093
2000-11-16,87.8738450500418
2000-11-17,87.4040719541522
2000-11-20,86.1547479903731
2000-11-21,86.5945170056371
2000-11-22,84.5255838542419
2000-11-24,86.2546660692972
2000-11-27,87.0142670956624
2000-11-28,85.5150839681708
2000-11-29,85.3551679626202
2000-11-30,84.6155270124037
2000-12-01,84.5755480110161
2000-12-04,85.2951700359937
2000-12-05,88.0937001331288
2000-12-06,86.6844499291747
2000-12-07,85.4950650429319
2000-12-08,85.6949600498701
2000-12-11,88.6734250777946
2000-12-12,88.293595140067
2000-12-13,87.0842399430511
2000-12-14,85.9748130595837
2000-12-15,84.0390809855157
2000-12-18,85.1620087326258
2000-12-19,83.4274960340596
2000-12-20,81.011216041516
2000-12-21,81.572679915071
2000-12-22,84.0190582212752
2000-12-26,84.9213813582451
2000-12-27,85.5430315923532
2000-12-28,85.8036817309744
2000-12-29,84.1794764708624
2001-01-02,82.6555030997844
2001-01-03,86.6258547770666
2001-01-04,85.6933749341933
2001-01-05,82.8961304741651
2001-01-08,83.5378034725137
2001-01-09,83.3171988623735
2001-01-10,84.7810449068142
2001-01-11,84.8612540316078
2001-01-12,84.7008357820206
2001-01-16,85.2422178574194
2001-01-17,85.6332469658831
2001-01-18,86.4854592917199
2001-01-19,85.9941880274542
2001-01-22,86.5656684165135
2001-01-23,87.2474459772589
2001-01-24,87.508155149796
2001-01-25,87.2875505396557
2001-01-26,87.1873186506216
2001-01-29,87.6525354244624
2001-01-30,88.4225410974618
2001-01-31,87.9220368004228
2001-02-01,88.5059521705171
2001-02-02,86.4975221024158
2001-02-05,87.132771954051
2001-02-06,86.8761066047495
2001-02-07,86.4269374309245
2001-02-08,85.4195063318061
2001-02-09,84.5981655355929
2001-02-12,85.5670981798293
2001-02-13,84.8676675532263
2001-02-14,84.7393348785756
2001-02-15,85.5606750331158
2001-02-16,83.6741551346248
2001-02-20,82.384395616309
2001-02-21,80.6069639775753
2001-02-22,80.7288786388965
2001-02-23,80.1834572319732
2001-02-26,81.8903099742726
2001-02-27,81.1331351945482
2001-02-28,79.5353662202951
2001-03-01,79.9524543108947
2001-03-02,79.3171999675485
2001-03-05,80.0422885306635
2001-03-06,80.9021329151427
2001-03-07,81.4796392553295
2001-03-08,81.5694734750983
2001-03-09,79.1567817179614
2001-03-12,75.7687489283535
2001-03-13,77.0135913367849
2001-03-14,75.4928295390636
2001-03-15,75.5120784456681
2001-03-16,74.0012670711322
2001-03-19,75.5068984590995
2001-03-20,73.4800828672231
2001-03-21,72.2318254494756
2001-03-22,71.4983121115676
2001-03-23,73.6602480565735
2001-03-26,74.5996600559106
2001-03-27,76.1245944433869
2001-03-28,74.0205694272079
2001-03-29,74.3036813735396
2001-03-30,75.0822350436352
2001-04-02,73.4800828672231
2001-04-03,71.0286032164491
2001-04-04,71.3245818988202
2001-04-05,74.0270050472442
2001-04-06,72.9009967425536
2001-04-09,73.7117195047642
2001-04-10,75.0564977109565
2001-04-11,75.1079730197471
2001-04-12,76.4720484345486
2001-04-16,75.667756788341
2001-04-17,76.7358586682379
2001-04-18,79.7857313037904
2001-04-19,80.847397563651
2001-04-20,80.1074479622734
2001-04-23,78.6532873790635
2001-04-24,78.2286239635992
2001-04-25,79.2516803638419
2001-04-26,79.6055706184732
2001-04-27,80.9310419645566
2001-04-30,81.4972665006533
2001-05-01,81.7482048508368
2001-05-02,81.6002132576346
2001-05-03,80.564284973886
2001-05-04,81.9347960087237
2001-05-07,81.2270206469277
2001-05-08,81.1884159347764
2001-05-09,80.847397563651
2001-05-10,81.0854646737618
2001-05-11,80.525680905168
2001-05-14,80.6865392344095
2001-05-15,81.0597312016831
2001-05-16,82.9707242924724
2001-05-17,83.0994090255656
2001-05-18,83.4790417603421
2001-05-21,84.7079923179808
2001-05-22,84.5986099409632
2001-05-23,83.1637562178621
2001-05-24,83.4082640954758
2001-05-25,82.4238117639511
2001-05-29,81.7675072069124
2001-05-30,80.6221965461462
2001-05-31,81.0404243415742
2001-06-01,81.5423061894076
2001-06-04,81.9347960087237
2001-06-05,82.8742131555274
2001-06-06,82.1857395063737
2001-06-07,82.4817181887448
2001-06-08,81.7160312546885
2001-06-11,81.1369399825524
2001-06-12,80.9953840093866
2001-06-13,80.3004798876632
2001-06-14,78.4988646698583
2001-06-15,78.6252594237765
2001-06-18,78.2445570083444
2001-06-19,78.5865455972104
2001-06-20,78.9995130837257
2001-06-21,79.8964282449311
2001-06-22,79.2705221296796
2001-06-25,78.5413772077972
2001-06-26,78.431683838319
2001-06-27,78.3865154489058
2001-06-28,78.8188408165982
2001-06-29,79.1092064532038
2001-07-02,80.096457747973
2001-07-03,80.0771005120586
2001-07-05,78.5155660542983
2001-07-06,76.8185270735611
2001-07-09,77.2379439608219
2001-07-10,76.3087688906349
2001-07-11,76.3861971890297
2001-07-12,78.1993886189312
2001-07-13,78.8769118790787
2001-07-16,77.8896605843095
2001-07-17,78.618805506192
2001-07-18,78.0832413318686
2001-07-19,78.7672185096006
2001-07-20,78.2961741532404
2001-07-23,76.7539969313945
2001-07-24,76.0119486911821
2001-07-25,76.8507869825427
2001-07-26,77.6573653649217
2001-07-27,77.9541862096372
2001-07-30,77.9799967178733
2001-07-31,78.3026280708249
2001-08-01,78.7930296630994
2001-08-02,79.115661016051
2001-08-03,78.6833356483586
2001-08-06,77.6251054559401
2001-08-07,77.9283750561383
2001-08-08,76.4829878854406
2001-08-09,76.7088285419813
2001-08-10,76.9733888324525
2001-08-13,76.9927460683668
2001-08-14,76.9604809972836
2001-08-15,76.295861055466
2001-08-16,76.5604213459371
2001-08-17,75.3344209141957
2001-08-20,76.0313059270965
2001-08-21,74.7343265977057
2001-08-22,75.5086399090014
2001-08-23,75.2376302177848
2001-08-24,76.7991653208078
2001-08-27,76.3410294448792
2001-08-28,75.2247275447176
2001-08-29,74.5536536853155
2001-08-30,73.1211698329478
2001-08-31,73.6567391693728
2001-09-04,73.1856948130127
2001-09-05,73.3663677254029
2001-09-06,71.4757479971066
2001-09-07,70.1529620310559
2001-09-10,71.0111627204325
2001-09-17,67.3009021614893
2001-09-18,67.1395864850135
2001-09-19,65.7845309310406
2001-09-20,63.6938810544397
2001-09-21,63.0092573234764
2001-09-24,65.2244252536053
2001-09-25,65.9045230115979
2001-09-26,65.6713466559351
2001-09-27,66.2413304243986
2001-09-28,67.6468650136642
2001-10-01,67.5367510241351
2001-10-02,68.3852547555141
2001-10-03,69.5316993954397
2001-10-04,69.5899959132691
2001-10-05,69.453977398007
2001-10-08,69.0005775972581
2001-10-09,68.6313827263331
2001-10-10,70.1599796817326
2001-10-11,71.2481329855113
2001-10-12,70.9242778355772
2001-10-15,70.7947377187344
2001-10-16,71.241654587092
2001-10-17,69.7260150762414
2001-10-18,69.5770391164305
2001-10-19,69.5316993954397
2001-10-22,70.9048471742914
2001-10-23,70.5421313494961
2001-10-24,70.354294714824
2001-10-25,71.6173278564362
2001-10-26,71.4554002814691
2001-10-29,69.5964697777163
2001-10-30,68.7609280248583
2001-10-31,68.5277516691954
2001-11-01,70.2830459341282
2001-11-02,70.7623502606101
2001-11-05,71.6885759894217
2001-11-06,72.8026390006158
2001-11-07,72.7054811602149
2001-11-08,72.9321784697482
2001-11-09,73.0099056488633
2001-11-12,72.5629842465336
2001-11-13,74.1952167930429
2001-11-14,74.2664655737387
2001-11-15,74.4024840890007
2001-11-16,74.0721505406473
2001-11-19,74.9854194726204
2001-11-20,74.35714436801
2001-11-21,73.8648832446895
2001-11-23,74.9271274887632
2001-11-26,75.0890550637302
2001-11-27,74.7651999137961
2001-11-28,73.4114827962302
2001-11-29,74.4024840890007
2001-11-30,73.8713616431088
2001-12-03,73.4309186391983
2001-12-04,74.6745211195248
2001-12-05,76.0411904999572
2001-12-06,76.0023239957033
2001-12-07,75.4971112572266
2001-12-10,74.0851021558035
2001-12-11,73.9361320253853
2001-12-12,74.0203324212373
2001-12-13,72.5824149078194
2001-12-14,73.2754642809681
2001-12-17,74.0332892180758
2001-12-18,74.4737322219863
2001-12-19,74.998376269459
2001-12-20,74.2599871753194
2001-12-21,74.7086982012077
2001-12-24,74.5657189425647
2001-12-26,74.9751694138802
2001-12-27,75.4301138765125
2001-12-28,75.391119769582
2001-12-31,74.2862518606602
2002-01-02,75.0856550999025
2002-01-03,75.9370528647714
2002-01-04,76.4439977023413
2002-01-07,75.9045599420741
2002-01-08,75.7290780118822
2002-01-09,75.1116526876775
2002-01-10,75.443114945132
2002-01-11,74.702202216362
2002-01-14,74.2342566851101
2002-01-15,74.8386861400828
2002-01-16,73.3243632103814
2002-01-17,73.8767968398806
2002-01-18,73.5388392475038
2002-01-22,73.0318996093214
2002-01-23,73.5908337731304
2002-01-24,73.8183063294083
2002-01-25,73.7988092759431
2002-01-28,74.0002842444459
2002-01-29,71.6735570068826
2002-01-30,72.7069378861767
2002-01-31,73.5583356510456
2002-02-01,73.2138775243591
2002-02-04,71.3940892750547
2002-02-05,70.9521413315778
2002-02-06,70.6466766618983
2002-02-07,70.2047287184214
2002-02-08,71.5500696023173
2002-02-11,72.4274701543488
2002-02-12,72.1999930486068
2002-02-13,72.9669033651518
2002-02-14,72.8304200913545
2002-02-15,72.0700103091192
2002-02-19,70.6856753182929
2002-02-20,71.875031325462
2002-02-21,70.3867111829232
2002-02-22,71.2576060012573
2002-02-25,72.4339661391944
2002-02-26,72.2844863462416
2002-02-27,72.5639540780696
2002-02-28,72.2389923549248
2002-03-01,73.9222914811208
2002-03-04,75.2286389080096
2002-03-05,74.9881652831122
2002-03-06,75.8785623542991
2002-03-07,75.7160814927267
2002-03-08,76.0345426815617
2002-03-11,76.1970235431341
2002-03-12,76.1515289018938
2002-03-13,75.417117357357
2002-03-14,75.3131270062569
2002-03-15,76.02868297177
2002-03-18,76.0417157151788
2002-03-19,76.5500937320887
2002-03-20,75.1096881559368
2002-03-21,75.1422784874366
2002-03-22,74.9793366064503
2002-03-25,74.0473090472083
2002-03-26,74.4774730059422
2002-03-27,74.6730052184284
2002-03-28,74.6404148869286
2002-04-01,74.6730052184284
2002-04-02,74.2623929818778
2002-04-03,73.7409770074189
2002-04-04,73.434645619397
2002-04-05,73.447683576946
2002-04-08,73.6041064791579
2002-04-09,73.0892094834735
2002-04-10,73.9169574977218
2002-04-11,72.0789678660555
2002-04-12,72.6199362144652
2002-04-15,72.0659351226467
2002-04-16,73.7800817553206
2002-04-17,73.6236588531087
2002-04-18,73.3042940699105
2002-04-19,73.5715161476581
2002-04-22,72.3461951579432
2002-04-23,72.0333447911468
2002-04-24,71.3098874019401
2002-04-25,71.3489914980742
2002-04-26,69.9933137447327
2002-04-29,69.6478782605766
2002-04-30,70.2996457845221
2002-05-01,71.1599782643625
2002-05-02,70.8862372078405
2002-05-03,70.1171515295849
2002-05-06,68.7419214022925
2002-05-07,68.5007654631301
2002-05-08,71.0491790888268
2002-05-09,70.2279507051205
2002-05-10,68.9048632832788
2002-05-13,70.3061647632966
2002-05-14,71.8378171410333
2002-05-15,71.5575571057368
2002-05-16,71.9290645943857
2002-05-17,72.2810197090837
2002-05-20,71.4988954215116
2002-05-21,70.8471278975661
2002-05-22,71.0035553621507
2002-05-23,71.7596030828573
2002-05-24,70.8406134811643
2002-05-28,70.4560680349664
2002-05-29,69.9346572746477
2002-05-30,69.7391250621615
2002-05-31,69.882514569197
2002-06-03,68.0249784294875
2002-06-04,68.1944340751082
2002-06-05,68.8331688556448
2002-06-06,67.4318673756271
2002-06-07,67.3536533174511
2002-06-10,67.6143616305643
2002-06-11,66.454216089709
2002-06-12,66.8583139098577
2002-06-13,66.1869940119614
2002-06-14,66.0892282316021
2002-06-17,67.8620365485012
2002-06-18,68.4160376403198
2002-06-19,66.8192045995834
2002-06-20,65.9653904467499
2002-06-21,64.9377942154718
2002-06-24,65.2779222682856
2002-06-25,63.8127632715411
2002-06-26,63.9174192142538
2002-06-27,65.0359079762316
2002-06-28,64.7284862545707
2002-07-01,63.4660976153861
2002-07-02,62.1186789252602
2002-07-03,62.4718867633681
2002-07-05,64.9574161827189
2002-07-08,64.146349142402
2002-07-09,62.530752011022
2002-07-10,60.2545312066597
2002-07-11,60.7450967400216
2002-07-12,60.0779243442125
2002-07-15,60.3984258511676
2002-07-16,59.2341516268301
2002-07-17,59.3518873548369
2002-07-18,57.4288737344952
2002-07-19,55.4077411206946
2002-07-22,53.765980494202
2002-07-23,52.2942838941163
2002-07-24,55.4142833026475
2002-07-25,54.9433397365327
2002-07-26,55.9898782328634
2002-07-29,58.7174219442682
2002-07-30,59.4827074467496
2002-07-31,59.6266079780439
2002-08-01,58.0698767484052
2002-08-02,56.7682441747264
2002-08-05,54.792897677373
2002-08-06,56.6374234287263
2002-08-07,57.625096677403
2002-08-08,59.4892450500909
2002-08-09,59.7116373748978
2002-08-12,59.2734001399359
2002-08-13,58.194154658365
2002-08-14,60.3199386362665
2002-08-15,61.1571698257835
2002-08-16,60.9740260140824
2002-08-19,62.3999371518084
2002-08-20,61.7393069379522
2002-08-21,62.6288664258692
2002-08-22,63.2371676872379
2002-08-23,61.8766646332062
2002-08-26,62.3083649189141
2002-08-27,61.5888701114915
2002-08-28,60.2414461886665
2002-08-29,60.2676103378665
2002-08-30,60.0321388818528
2002-09-03,57.7428330594973
2002-09-04,58.56698446372
2002-09-05,58.0698767484052
2002-09-06,58.8678640034279
2002-09-09,59.2995642891359
2002-09-10,59.9798105834528
2002-09-11,59.6069807780977
2002-09-12,58.5081139833671
2002-09-13,58.652013860574
2002-09-16,58.7959137377808
2002-09-17,57.4484957017423
2002-09-18,56.8728955388274
2002-09-19,55.4011989387417
2002-09-20,55.4195794481457
2002-09-23,54.9662400502984
2002-09-24,54.0792600082541
2002-09-25,55.4195794481457
2002-09-26,56.3262694131691
2002-09-27,54.3683498289361
2002-09-30,53.7376119260064
2002-10-01,56.3196979057976
2002-10-02,54.6311588762868
2002-10-03,54.0792600082541
2002-10-04,53.0871641000977
2002-10-07,51.9899378714038
2002-10-08,52.8046457867872
2002-10-09,51.3132086151445
2002-10-10,52.9754668713241
2002-10-11,55.2947497169385
2002-10-14,55.6035442044448
2002-10-15,58.2776128908952
2002-10-16,56.8650252664588
2002-10-17,57.9950945775848
2002-10-18,58.2381930449371
2002-10-21,59.2434319678365
2002-10-22,58.816368744185
2002-10-23,59.2631418908155
2002-10-24,58.0542289456573
2002-10-25,59.2631418908155
2002-10-28,58.8755031122575
2002-10-29,58.1922023486268
2002-10-30,58.7572389752478
2002-10-31,58.1593494109048
2002-11-01,59.3091332441451
2002-11-04,59.8741698707661
2002-11-05,60.3472244477472
2002-11-06,61.1290794254086
2002-11-07,59.6310760025491
2002-11-08,58.9017845426081
2002-11-11,57.9885276693486
2002-11-12,58.4484392315868
2002-11-13,58.5075735996593
2002-11-14,59.61136607957
2002-11-15,60.0515683758484
2002-11-18,59.44711124625
2002-11-19,59.3682676122177
2002-11-20,60.6888777861495
2002-11-21,61.8189464402561
2002-11-22,61.3787448009971
2002-11-25,61.4181692460906
2002-11-26,60.2486708907358
2002-11-27,61.9437820846374
2002-11-29,61.7466789127307
2002-12-02,61.8452278706067
2002-12-03,61.0173874527896
2002-12-04,60.741435390696
2002-12-05,60.0712776418082
2002-12-06,60.465488584757
2002-12-09,58.8032303285774
2002-12-10,59.5916515574556
2002-12-11,59.6442144181567
2002-12-12,59.6376429107852
2002-12-13,58.6981046071752
2002-12-16,60.2158232091685
2002-12-17,59.690205114467
2002-12-18,59.0003380996195
2002-12-19,58.5798463833395
2002-12-20,59.4115237940629
2002-12-23,59.4313291762376
2002-12-24,58.9889948900373
2002-12-26,59.0154036067403
2002-12-27,57.6883974471323
2002-12-30,58.1703471190921
2002-12-31,58.2495726089997
2003-01-02,60.1245426400088
2003-01-03,60.3093977151171
2003-01-06,61.3723226495078
2003-01-07,61.2204789654293
2003-01-08,60.3358064318201
2003-01-09,61.2732917774254
2003-01-10,61.4383421305604
2003-01-13,61.4185367483856
2003-01-14,61.6165991527518
2003-01-15,61.0026118390897
2003-01-16,60.7517320013174
2003-01-17,59.8538627016731
2003-01-21,58.9229760691862
2003-01-22,58.2099572232402
2003-01-23,58.5664666462132
2003-01-24,57.0281960345924
2003-01-27,56.2491583677953
2003-01-28,56.6650885587025
2003-01-29,57.0942201370549
2003-01-30,55.7408052607438
2003-01-31,56.816932242781
2003-02-03,56.9291697839199
2003-02-04,56.3679946220525
2003-02-05,56.0180885336078
2003-02-06,55.7540073083904
2003-02-07,55.0740005136757
2003-02-10,55.4635219878799
2003-02-11,55.0806038482039
2003-02-12,54.202534649123
2003-02-13,54.367585002258
2003-02-14,55.5559501856355
2003-02-18,56.5330449751875
2003-02-19,56.2359563201488
2003-02-20,55.6747864398927
2003-02-21,56.2359563201488
2003-02-24,55.3248803514479
2003-02-25,55.7672139774468
2003-02-26,54.9551642594185
2003-02-27,55.6813844928096
2003-02-28,56.0511012450404
2003-03-03,55.5163341396746
2003-03-04,54.6316668876768
2003-03-05,55.0938058958505
2003-03-06,54.6316668876768
2003-03-07,55.0079816928245
2003-03-10,53.6875788677447
2003-03-11,53.1594157571086
2003-03-12,53.5159251800815
2003-03-13,55.3644911157975
2003-03-14,55.5427428563776
2003-03-17,57.2922779200112
2003-03-18,57.6289819608094
2003-03-19,58.0713155868083
2003-03-20,58.1967558357951
2003-03-21,59.434221518626
2003-03-24,57.4590487034262
2003-03-25,58.0091781535166
2003-03-26,57.7175448215176
2003-03-27,57.7639415606622
2003-03-28,57.4723029261787
2003-03-31,56.1665654617269
2003-04-01,57.02822117713
2003-04-02,58.4068684659052
2003-04-03,58.1284840541742
2003-04-04,58.473148196205
2003-04-07,58.3604717267606
2003-04-08,58.4532645422393
2003-04-09,57.6844023051255
2003-04-10,58.0025533619774
2003-04-11,57.7639415606622
2003-04-14,58.9569972531851
2003-04-15,59.5071313429495
2003-04-16,58.4930318501707
2003-04-17,59.361312357113
2003-04-21,59.420967958684
2003-04-22,60.5411138268834
2003-04-23,61.097877347861
2003-04-24,60.5543733521204
2003-04-25,59.8053987458357
2003-04-28,60.8393818925802
2003-04-29,61.051481271527
2003-04-30,60.9189211481169
2003-05-01,60.9122917169037
2003-05-02,61.7805715610355
2003-05-05,61.6612656603779
2003-05-06,62.2445422665344
2003-05-07,61.899877461693
2003-05-08,61.2768342104157
2003-05-09,62.1252357030662
2003-05-12,62.8874638692929
2003-05-13,62.7747873998485
2003-05-14,62.6422272764385
2003-05-15,63.0399129491532
2003-05-16,62.8808397405642
2003-05-19,61.4093996363102
2003-05-20,61.2834636416289
2003-05-21,61.4093996363102
2003-05-22,62.0191840251612
2003-05-23,62.1451193570319
2003-05-27,63.2321286741343
2003-05-28,63.4110848738784
2003-05-29,63.2453822340762
2003-05-30,64.259481726855
2003-06-02,64.5246066133491
2003-06-03,64.7897321626537
2003-06-04,65.7242977023802
2003-06-05,66.0490735507714
2003-06-06,65.79057743268
2003-06-09,65.121137442258
2003-06-10,65.7839480014668
2003-06-11,66.4799010770676
2003-06-12,66.6853710248012
2003-06-13,65.9894179492003
2003-06-16,67.381324100402
2003-06-17,67.381324100402
2003-06-18,67.321668498831
2003-06-19,66.2943101436258
2003-06-20,66.1486608372925
2003-06-23,65.470142159782
2003-06-24,65.5366626726745
2003-06-25,64.8781043398659
2003-06-26,65.722925962637
2003-06-27,64.9645851974604
2003-06-30,64.9446241875466
2003-07-01,65.5433161209084
2003-07-02,66.3681773989776
2003-07-03,65.6830099297156
2003-07-07,66.9868243553472
2003-07-08,67.2861729828752
2003-07-09,66.907002267681
2003-07-10,66.0555318531583
2003-07-11,66.6808276012794
2003-07-14,67.0067847000491
2003-07-15,66.860437443008
2003-07-16,66.4679598313458
2003-07-17,65.5233604326889
2003-07-18,66.1952256619655
2003-07-21,65.3770131756478
2003-07-22,65.9690509955639
2003-07-23,66.0156158202369
2003-07-24,65.516706984455
2003-07-25,66.6741788095279
2003-07-28,66.4280491201186
2003-07-29,66.1220523660508
2003-07-30,65.9624028690241
2003-07-31,66.115398252605
2003-08-01,65.5300138809229
2003-08-04,65.5300138809229
2003-08-05,64.1397185976969
2003-08-06,64.5122405211396
2003-08-07,65.1907545421677
2003-08-08,65.3770131756478
2003-08-11,65.6231435302689
2003-08-12,66.221834798419
2003-08-13,65.8825754596637
2003-08-14,66.0621806449098
2003-08-15,66.2683996230919
2003-08-18,66.8404817547885
2003-08-19,67.0932609011611
2003-08-20,66.8205214100865
2003-08-21,67.0333891800201
2003-08-22,66.3681773989776
2003-08-25,66.4746132795798
2003-08-26,66.5943520653792
2003-08-27,66.6143070883869
2003-08-28,67.0267403882686
2003-08-29,67.4790843993775
2003-09-02,68.3837730868072
2003-09-03,68.7562903537674
2003-09-04,68.7895529384549
2003-09-05,68.4037287750267
2003-09-08,68.9691574584892
2003-09-09,68.5168134473803
2003-09-10,67.8249925298843
2003-09-11,68.0245580598324
2003-09-12,68.1509449721716
2003-09-15,67.9114680657845
2003-09-16,68.9026376108085
2003-09-17,68.7695919285411
2003-09-18,69.5811509666248
2003-09-19,69.2286286353791
2003-09-22,68.4807196990977
2003-09-23,68.741152769996
2003-09-24,67.5191168668857
2003-09-25,66.9648591131177
2003-09-26,66.7444907679101
2003-09-29,67.3989160120252
2003-09-30,66.7444907679101
2003-10-01,68.166862987272
2003-10-02,68.4139378107127
2003-10-03,69.0416512343641
2003-10-06,69.3555086139686
2003-10-07,69.6226208085958
2003-10-08,69.4489969805867
2003-10-09,69.6359743816018
2003-10-10,69.8296309063457
2003-10-13,70.0499992515532
2003-10-14,70.2970740749939
2003-10-15,70.1100966739789
2003-10-16,70.3905677838426
2003-10-17,69.6226208085958
2003-10-20,70.1434876181714
2003-10-21,70.0232874310896
2003-10-22,69.1418193924898
2003-10-23,69.0149394139004
2003-10-24,69.1685312129535
2003-10-27,69.2019168149155
2003-10-28,70.1434876181714
2003-10-29,70.2369759847895
2003-10-30,70.3838886601138
2003-10-31,70.3171114461805
2003-11-03,70.7778754910999
2003-11-04,70.6242890342773
2003-11-05,70.6777073329741
2003-11-06,71.0516674772348
2003-11-07,70.5241215439304
2003-11-10,70.2369759847895
2003-11-11,70.2169439558335
2003-11-12,71.0049229600363
2003-11-13,71.0249556567711
2003-11-14,70.4239533858046
2003-11-17,70.0700312805093
2003-11-18,69.3421496987321
2003-11-19,69.9297983966926
2003-11-20,69.3020849730413
2003-11-21,69.5892298644033
2003-11-24,70.5107626286939
2003-11-25,70.7778754910999
2003-11-26,71.0316347805
2003-11-28,71.0850530791968
2003-12-01,71.8529993866647
2003-12-02,71.6727017771573
2003-12-03,71.5591807138044
2003-12-04,71.8529993866647
2003-12-05,71.352165273824
2003-12-08,71.8329673577088
2003-12-09,71.2787096039407
2003-12-10,71.2720351546635
2003-12-11,72.0733677318723
2003-12-12,72.2136006156889
2003-12-15,71.8529993866647
2003-12-16,72.2269595309254
2003-12-17,72.4540016576313
2003-12-18,73.2686924822978
2003-12-19,73.0654146003568
2003-12-22,73.5753306720489
2003-12-23,73.6222958314858
2003-12-24,73.54849238375
2003-12-26,73.6021635928243
2003-12-29,74.5817413229921
2003-12-30,74.5951574479096
2003-12-31,74.6622508203654
2004-01-02,74.628706482429
2004-01-05,75.4405437365827
2004-01-06,75.514347855259
2004-01-07,75.7693032073433
2004-01-08,76.071224389805
2004-01-09,75.4069947020633
2004-01-12,75.9638766041328
2004-01-13,75.5210539048964
2004-01-14,76.1517392547017
2004-01-15,76.3396019052707
2004-01-16,76.6415277843154
2004-01-20,76.6213955456539
2004-01-21,77.2252426071603
2004-01-22,77.0239638316738
2004-01-23,76.7757138582865
2004-01-26,77.7418700960133
2004-01-27,76.943448966777
2004-01-28,76.0645190111079
2004-01-29,76.1383224588438
2004-01-30,76.1383224588438
2004-02-02,76.4670819296043
2004-02-03,76.3396019052707
2004-02-04,75.7156266307455
2004-02-05,75.9370383158338
2004-02-06,76.7891306541444
2004-02-09,76.8092628928059
2004-02-10,77.0575074986697
2004-02-11,77.8760561699844
2004-02-12,77.5942625296012
2004-02-13,77.2453701492387
2004-02-17,77.9431488714997
2004-02-18,77.6009732758217
2004-02-19,77.3124682182775
2004-02-20,77.0776350407482
2004-02-23,76.8830616439587
2004-02-24,76.7488755699876
2004-02-25,77.0709296620511
2004-02-26,77.1178948214881
2004-02-27,77.1715667015029
2004-03-01,77.9364434928027
2004-03-02,77.480203326768
2004-03-03,77.6211001469597
2004-03-04,77.8223795933866
2004-03-05,78.0840456916914
2004-03-08,77.131311617346
2004-03-09,76.8226796886639
2004-03-10,75.5344753973374
2004-03-11,74.5549030346932
2004-03-12,75.5344753973374
2004-03-15,74.6085742437675
2004-03-16,75.0044317835669
2004-03-17,75.8431073260196
2004-03-18,75.863234868098
2004-03-19,74.7795036996641
2004-03-22,73.8301177551541
2004-03-23,73.7021839329201
2004-03-24,73.7627859009751
2004-03-25,74.7391055298121
2004-03-26,74.7593046147381
2004-03-29,75.8096900238299
2004-03-30,76.0655569949728
2004-03-31,76.1530872607526
2004-04-01,76.6109491211073
2004-04-02,77.1900088576446
2004-04-05,77.6142024342714
2004-04-06,77.3650754491317
2004-04-07,77.1832742582436
2004-04-08,77.008213726684
2004-04-12,77.3112080804777
2004-04-13,76.2271537143326
2004-04-14,76.3483522638404
2004-04-15,76.0588223955718
2004-04-16,76.6446174048353
2004-04-19,76.6446174048353
2004-04-20,75.3585634362014
2004-04-21,75.863557392484
2004-04-22,76.927412673703
2004-04-23,77.001479127283
2004-04-26,76.893744389975
2004-04-27,76.961080957431
2004-04-28,75.964557530391
2004-04-29,75.2979668547486
2004-04-30,74.7121718454851
2004-05-03,75.5134309427625
2004-05-04,75.4528289747075
2004-05-05,75.937623846064
2004-05-06,75.2844976559467
2004-05-07,74.0388465704417
2004-05-10,73.2779910296186
2004-05-11,73.8974489360079
2004-05-12,74.3687746085624
2004-05-13,74.0590456553678
2004-05-14,74.0927139390958
2004-05-17,73.4597861605792
2004-05-18,73.8301177551541
2004-05-19,73.5742507840113
2004-05-20,73.8099186702281
2004-05-21,73.93784710586
2004-05-24,74.2475760590546
2004-05-25,75.3114306669484
2004-05-26,75.5740275242153
2004-05-27,75.998225814119
2004-05-28,75.991491214718
2004-06-01,75.890491076811
2004-06-02,76.1732863456786
2004-06-03,75.4730273863082
2004-06-04,76.0722915943738
2004-06-07,77.2304070274967
2004-06-08,77.3381417648047
2004-06-09,76.6176837205083
2004-06-10,76.9947438545568
2004-06-14,76.2338883137336
2004-06-15,76.7725458404672
2004-06-16,76.7590813549422
2004-06-17,76.6446174048353
2004-06-18,76.7885440490022
2004-06-21,76.497959917938
2004-06-22,76.8831528358603
2004-06-23,77.5454163711982
2004-06-24,77.302135957786
2004-06-25,76.9304565535123
2004-06-28,76.6669041801847
2004-06-29,76.9845200689854
2004-06-30,77.3967447446442
2004-07-01,76.3222612640868
2004-07-02,76.2817112622624
2004-07-06,75.6126933353199
2004-07-07,75.8357011130395
2004-07-08,75.3085956906071
2004-07-09,75.5045717105902
2004-07-12,75.5383578599313
2004-07-13,75.5924213754044
2004-07-14,75.3626544756408
2004-07-15,74.8760990550328
2004-07-16,74.8152764175158
2004-07-19,74.4976605287151
2004-07-20,75.4437490730732
2004-07-21,74.0516503794922
2004-07-22,74.2543801153029
2004-07-23,73.6326665817895
2004-07-26,73.4907540772794
2004-07-27,74.1800446399144
2004-07-28,74.403051741857
2004-07-29,74.7206683064347
2004-07-30,74.9031254065529
2004-08-02,75.058556830928
2004-08-03,74.4773878930226
2004-08-04,74.4706287709786
2004-08-05,73.2542334616882
2004-08-06,72.206776332651
2004-08-09,72.308144241553
2004-08-10,73.2407145418232
2004-08-11,73.0920483214855
2004-08-12,72.2946307279044
2004-08-13,72.4365432324146
2004-08-16,73.1866564325666
2004-08-17,73.5988811082254
2004-08-18,74.355748024205
2004-08-19,74.1394993685293
2004-08-20,74.6598503993571
2004-08-23,74.4706287709786
2004-08-24,74.5719960041036
2004-08-25,75.0788287908435
2004-08-26,75.0788287908435
2004-08-27,75.3153500822117
2004-08-30,74.6936365486983
2004-08-31,75.0855885886645
2004-09-01,75.2275010931746
2004-09-02,76.0789815264517
2004-09-03,75.7681247596949
2004-09-07,76.2681984243908
2004-09-08,76.0789815264517
2004-09-09,76.0114044973301
2004-09-10,76.403351806857
2004-09-13,76.6533906665361
2004-09-14,76.8088220909112
2004-09-15,76.2276531530057
2004-09-16,76.4574146465529
2004-09-17,76.7809652093978
2004-09-20,76.319532313238
2004-09-21,76.6520335834604
2004-09-22,75.6952430230732
2004-09-23,75.2880928772745
2004-09-24,75.6341683976154
2004-09-27,75.1523795548922
2004-09-28,75.512024575314
2004-09-29,75.8920255422991
2004-09-30,75.8377434705148
2004-10-01,77.1202536046795
2004-10-04,77.2491791234258
2004-10-05,77.2898978023204
2004-10-06,77.8191863418062
2004-10-07,76.9845348536829
2004-10-08,76.3466760634373
2004-10-11,76.6588207085196
2004-10-12,76.3602455635182
2004-10-13,75.688455898014
2004-10-14,75.0777354293534
2004-10-15,75.4984550752331
2004-10-18,75.7834559701161
2004-10-19,75.145592429833
2004-10-20,74.9963048573322
2004-10-21,75.4848808251146
2004-10-22,74.6366598369105
2004-10-25,74.5484468898676
2004-10-26,75.688455898014
2004-10-27,76.5977460830618
2004-10-28,76.8284649061605
2004-10-29,76.814890656042
2004-11-01,77.0252528540006
2004-11-02,77.0523966042
2004-11-03,78.0227614147056
2004-11-04,79.08812697589
2004-11-05,79.5834853186941
2004-11-08,79.4681286214519
2004-11-09,79.3120532453152
2004-11-10,79.3731278707731
2004-11-11,79.9770612143745
2004-11-12,80.6081376295984
2004-11-15,80.8056184043417
2004-11-16,80.2271187939492
2004-11-17,80.7035302778362
2004-11-18,80.812420831155
2004-11-19,79.9140513070362
2004-11-22,80.2951811747288
2004-11-23,80.4176867904189
2004-11-24,80.6082486616417
2004-11-26,80.5469934717563
2004-11-29,80.179478666435
2004-11-30,80.2339259848433
2004-12-01,81.1459098907503
2004-12-02,81.2139675074491
2004-12-03,81.1595195084578
2004-12-06,81.1322955089621
2004-12-07,80.376847728552
2004-12-08,80.8464520215448
2004-12-09,81.1322955089621
2004-12-10,81.2139675074491
2004-12-13,81.921774479762
2004-12-14,82.2076179671793
2004-12-15,82.268867712401
2004-12-16,82.2212275848867
2004-12-17,81.6753278988922
2004-12-20,81.6958417813487
2004-12-21,82.3249537794909
2004-12-22,82.5232619373056
2004-12-23,82.5848035846753
2004-12-27,82.4138488657134
2004-12-28,82.8651713752295
2004-12-29,82.988259456701
2004-12-30,82.8309783799805
2004-12-31,82.6531895751733
2005-01-03,82.2634128159401
2005-01-04,81.2581983846251
2005-01-05,80.6974669064299
2005-01-06,81.1077575481197
2005-01-07,80.9915090230444
2005-01-10,81.3744462258814
2005-01-11,80.8137147476863
2005-01-12,81.0804041092669
2005-01-13,80.4307782286682
2005-01-14,80.8547425125994
2005-01-18,81.6958417813487
2005-01-19,80.8410681865391
2005-01-20,80.3487179121098
2005-01-21,79.8563676376806
2005-01-24,79.6990920315111
2005-01-25,79.9247481576276
2005-01-26,80.1640888670875
2005-01-27,80.3008505908005
2005-01-28,80.3008505908005
2005-01-31,80.8000411054448
2005-02-01,81.3129052623306
2005-02-02,81.5590752709037
2005-02-03,81.3470927870286
2005-02-04,82.2155454946308
2005-02-07,82.1061324230385
2005-02-08,82.2018663818383
2005-02-09,81.5864287097565
2005-02-10,81.880470826371
2005-02-11,82.5848035846753
2005-02-14,82.5232619373056
2005-02-15,82.8309783799805
2005-02-16,82.8856852576861
2005-02-17,82.2155454946308
2005-02-18,82.3249537794909
2005-02-22,81.1009173079046
2005-02-23,81.6821626685563
2005-02-24,82.2223802642949
2005-02-25,83.0361260941914
2005-02-28,82.4890689420566
2005-03-01,82.8993643704785
2005-03-02,82.8583318188333
2005-03-03,82.8925248140823
2005-03-04,83.9250926842501
2005-03-07,83.9661204491633
2005-03-08,83.6515644500922
2005-03-09,82.7215700951204
2005-03-10,82.9061991401426
2005-03-11,82.3249537794909
2005-03-14,82.8378179363767
2005-03-15,82.153999060529
2005-03-16,81.4565065424398
2005-03-17,81.6206217050055
2005-03-18,81.3792951855301
2005-03-21,81.0772272446034
2005-03-22,80.2534139505116
2005-03-23,80.3220639141636
2005-03-24,80.4181750990005
2005-03-28,80.5348816848411
2005-03-29,79.99940194526
2005-03-30,81.1321496869731
2005-03-31,80.9811160597664
2005-04-01,80.6172646618823
2005-04-04,80.7545652756998
2005-04-05,81.1390161936677
2005-04-06,81.4204839279972
2005-04-07,81.8598524827414
2005-04-08,81.0085772809513
2005-04-11,81.0703607379088
2005-04-12,81.4891345781626
2005-04-13,80.52801998374
2005-04-14,79.4776504134746
2005-04-15,78.3655021918453
2005-04-18,78.6057804971943
2005-04-19,79.2305104070246
2005-04-20,78.125223199983
2005-04-21,79.6424170540705
2005-04-22,79.3403497996572
2005-04-25,79.8621013314426
2005-04-26,79.0863377944056
2005-04-27,79.3952722420269
2005-04-28,78.3998244276179
2005-04-29,79.463922205679
2005-05-02,79.9101572671177
2005-05-03,80.0474571944218
2005-05-04,80.6653205975575
2005-05-05,80.6378593763726
2005-05-06,80.383847371121
2005-05-09,80.8850048749295
2005-05-10,80.0474571944218
2005-05-11,80.4868257491659
2005-05-12,79.6012228194964
2005-05-13,79.4433274911887
2005-05-16,80.1847633003462
2005-05-17,80.7202430399272
2005-05-18,81.550923527227
2005-05-19,81.8941802106209
2005-05-20,81.7774743112937
2005-05-23,82.2305703873201
2005-05-24,82.0383473311329
2005-05-25,81.9765638741755
2005-05-26,82.4159317424063
2005-05-27,82.5532323562237
2005-05-31,82.0246191233373
2005-06-01,82.7248606979206
2005-06-02,82.9033555463122
2005-06-03,82.4845823925717
2005-06-06,82.4090652357117
2005-06-07,82.4708486926691
2005-06-08,82.3198205575693
2005-06-09,82.711132490125
2005-06-10,82.5189046283442
2005-06-13,82.7797831402904
2005-06-14,82.9720061964776
2005-06-15,83.1299008382719
2005-06-16,83.3427241010563
2005-06-17,83.6500205277845
2005-06-20,83.6775920871414
2005-06-21,83.7258404205188
2005-06-22,83.7947669064601
2005-06-23,82.6161128995893
2005-06-24,82.0095551362583
2005-06-27,82.1267306448486
2005-06-28,82.8160023969788
2005-06-29,82.5954354362971
2005-06-30,82.1474074188691
2005-07-01,82.3886518428428
2005-07-05,83.050352035616
2005-07-06,82.3541910123233
2005-07-07,82.678144600194
2005-07-08,83.6224489684275
2005-07-11,84.0497988332917
2005-07-12,84.2703657939734
2005-07-13,84.387540613292
2005-07-14,84.7183938114015
2005-07-15,84.6701392745783
2005-07-18,84.3323974945781
2005-07-19,84.7942088792335
2005-07-20,85.0837064614869
2005-07-21,84.5874301106815
2005-07-22,85.1526329474282
2005-07-25,84.9113885234544
2005-07-26,85.0147751506434
2005-07-27,85.3249508854607
2005-07-28,85.8625821628505
2005-07-29,85.2904852300389
2005-08-01,85.2284535294342
2005-08-02,85.7385125581953
2005-08-03,85.9659736149417
2005-08-04,85.2767018628116
2005-08-05,84.6977108339353
2005-08-08,84.5391817773041
2005-08-09,85.0492408060652
2005-08-10,85.0078865687526
2005-08-11,85.3456283487529
2005-08-12,84.8217804385905
2005-08-15,85.3456283487529
2005-08-16,84.2359001385516
2005-08-17,84.2290060424868
2005-08-18,84.2221167713243
2005-08-19,84.4151121726489
2005-08-22,84.4151121726489
2005-08-23,84.2565776018437
2005-08-24,83.5052741491089
2005-08-25,83.8085495844157
2005-08-26,83.2364581657782
2005-08-29,83.8774808952592
2005-08-30,83.4363476631677
2005-08-31,84.490932754655
2005-09-01,84.4288955398763
2005-09-02,84.2772550651359
2005-09-06,85.262913670682
2005-09-07,85.4076655635316
2005-09-08,85.1250613880712
2005-09-09,85.8832589368709
2005-09-12,85.7109409988383
2005-09-13,85.235347625499
2005-09-14,84.9251718906817
2005-09-15,84.8838176533692
2005-09-16,85.48464756844
2005-09-19,85.2008496134469
2005-09-20,84.4809837423647
2005-09-21,83.6918953800702
2005-09-22,83.9895286964852
2005-09-23,84.0587511876976
2005-09-26,84.1556568610545
2005-09-27,84.1348920518042
2005-09-28,84.2179505966219
2005-09-29,84.9032162970319
2005-09-30,85.1662439053077
2005-10-03,84.8616811410644
2005-10-04,83.9064701516676
2005-10-05,82.8058958069517
2005-10-06,82.5082569530697
2005-10-07,82.7920549080628
2005-10-10,82.0929476165805
2005-10-11,81.9752778261567
2005-10-12,81.3315472817142
2005-10-13,81.2830944450357
2005-10-14,82.141400453259
2005-10-17,82.4459632175023
2005-10-18,81.5530459636729
2005-10-19,82.9097246984866
2005-10-20,81.449217072138
2005-10-21,81.7676207352702
2005-10-24,83.0343177070884
2005-10-25,82.8681950799861
2005-10-26,82.6259322809605
2005-10-27,81.74685592602
2005-10-28,82.9235711348425
2005-10-31,83.1519874975122
2005-11-01,83.4011742068991
2005-11-02,84.2733266514783
2005-11-03,84.6332599331111
2005-11-04,84.5225133608652
2005-11-07,84.6055767509665
2005-11-08,84.6055767509665
2005-11-09,84.7163233232123
2005-11-10,85.3738954587271
2005-11-11,85.6646166318982
2005-11-14,85.6161637952197
2005-11-15,85.3046785049818
2005-11-16,85.477724350262
2005-11-17,86.2737359307345
2005-11-18,86.612904403117
2005-11-21,87.0489833941402
2005-11-22,87.4227631121289
2005-11-23,87.9280542116137
2005-11-25,87.997271165359
2005-11-28,87.3743102754504
2005-11-29,87.2773997568098
2005-11-30,86.8067205951146
2005-12-01,87.6927139385827
2005-12-02,87.8034605108285
2005-12-05,87.6165737666593
2005-12-06,87.7826963937616
2005-12-07,87.2704820760989
2005-12-08,87.2151060212424
2005-12-09,87.4435279213791
2005-12-12,87.5265864661967
2005-12-13,88.1218648661441
2005-12-14,88.4679565567046
2005-12-15,88.2118514744234
2005-12-16,87.9292115422269
2005-12-19,87.4768993951189
2005-12-20,87.5604050067777
2005-12-21,87.6995754593073
2005-12-22,88.1588469292838
2005-12-23,88.207557318325
2005-12-27,87.3098937387031
2005-12-28,87.5047345990052
2005-12-29,87.115052878401
2005-12-30,86.6418662420008
2006-01-03,88.1658020769762
2006-01-04,88.5833238725055
2006-01-05,88.6389887133764
2006-01-06,89.3766066553137
2006-01-09,89.6062427382333
2006-01-10,89.6966979306828
2006-01-11,89.9820044213749
2006-01-12,89.6271179233883
2006-01-13,89.5436074406906
2006-01-17,89.300061758249
2006-01-18,88.9451703892234
2006-01-19,89.2861417207864
2006-01-20,87.6578250889974
2006-01-23,87.9709612166741
2006-01-24,88.0614268470641
2006-01-25,88.1379724399915
2006-01-26,88.6250742428154
2006-01-27,89.4461866626082
2006-01-30,89.3766066553137
2006-01-31,88.7224943250351
2006-02-01,89.3418114326962
2006-02-02,88.3049780964074
2006-02-03,87.8665811157231
2006-02-06,88.09621650278
2006-02-07,87.3168537574344
2006-02-08,88.1101372361053
2006-02-09,87.9640067648444
2006-02-10,88.1240517066663
2006-02-13,87.9640067648444
2006-02-14,88.8964600001822
2006-02-15,89.2095961278589
2006-02-16,89.8776291914628
2006-02-17,89.6340730710806
2006-02-21,89.4114018779312
2006-02-22,89.9541740885276
2006-02-23,89.8219587836903
2006-02-24,90.0515948666099
2006-02-27,90.0863900892275
2006-02-28,89.2304713130139
2006-03-01,90.0237540958221
2006-03-02,90.0167996439924
2006-03-03,89.5992778484631
2006-03-06,89.188720942704
2006-03-07,89.0495504901744
2006-03-08,89.2374362027841
2006-03-09,88.6389887133764
2006-03-10,89.4809818852258
2006-03-13,89.6479931085432
2006-03-14,90.5874014915734
2006-03-15,90.9910032496401
2006-03-16,91.1788889622498
2006-03-17,91.2550622686325
2006-03-20,91.1083562319276
2006-03-21,90.5354739477048
2006-03-22,91.0873980270755
2006-03-23,90.8987651012147
2006-03-24,90.9686323046029
2006-03-27,90.8358904866582
2006-03-28,90.2769842979074
2006-03-29,90.8428732946684
2006-03-30,90.6821911624915
2006-03-31,90.7031493673436
2006-04-03,90.6332821639554
2006-04-04,91.2131465575583
2006-04-05,91.5275280139019
2006-04-06,91.4297197976513
2006-04-07,90.5005403460107
2006-04-10,90.6402747527872
2006-04-11,89.8717774333234
2006-04-12,90.0394528529622
2006-04-13,89.9206871304896
2006-04-17,89.8857535287955
2006-04-18,91.3109540751787
2006-04-19,91.4856116041976
2006-04-20,91.6113706141321
2006-04-21,91.6253355315224
2006-04-24,91.4576712899654
2006-04-25,91.0804047396136
2006-04-26,91.1013629444657
2006-04-27,91.5415034107439
2006-04-28,91.8489020590773
2006-05-01,91.1013629444657
2006-05-02,91.786028143151
2006-05-03,91.4436951944933
2006-05-04,91.772052746309
2006-05-05,92.582465776847
2006-05-08,92.4706828623845
2006-05-09,92.6523225007835
2006-05-10,92.6034239816991
2006-05-11,91.4856116041976
2006-05-12,90.2909596947494
2006-05-15,90.4726000317785
2006-05-16,90.3398589124639
2006-05-17,88.6212288269181
2006-05-18,88.1741062512599
2006-05-19,88.795886355937
2006-05-22,88.1182144447137
2006-05-23,87.4475302319113
2006-05-24,88.1461603479868
2006-05-25,89.2360268222152
2006-05-26,89.6901377949245
2006-05-30,88.0972562398615
2006-05-31,89.0823274980484
2006-06-01,89.9346520478799
2006-06-02,90.1232849737407
2006-06-05,88.8098624514091
2006-06-06,88.5932836222751
2006-06-07,87.9295871078937
2006-06-08,87.8527370964953
2006-06-09,87.5732836528049
2006-06-12,86.6231466949422
2006-06-13,85.617122820944
2006-06-14,86.2808193353254
2006-06-15,88.1112323353336
2006-06-16,87.4723134366489
2006-06-19,86.784602119507
2006-06-20,87.0793329346638
2006-06-21,87.7249410526292
2006-06-22,87.3389800896515
2006-06-23,87.3249473273271
2006-06-26,87.7109033781012
2006-06-27,86.9530247406207
2006-06-28,87.5424863709345
2006-06-29,89.3108775775661
2006-06-30,89.3178964148301
2006-07-03,89.6828057782195
2006-07-05,89.1705310072517
2006-07-06,89.4301774604959
2006-07-07,88.8477297552425
2006-07-10,89.0161460606659
2006-07-11,89.409126562651
2006-07-12,88.4547548672044
2006-07-13,87.0161788376423
2006-07-14,86.6793399111052
2006-07-17,86.5530254013717
2006-07-18,86.995127238054
2006-07-19,88.2021265494808
2006-07-20,87.5986272446391
2006-07-21,86.981089563526
2006-07-24,88.5670310006666
2006-07-25,88.8828190293588
2006-07-26,89.0021140000849
2006-07-27,88.917902689528
2006-07-28,89.8091195862096
2006-07-31,89.7178894383888
2006-08-01,89.2757932156535
2006-08-02,89.8792932222386
2006-08-03,90.1178831636908
2006-08-04,89.9634989188484
2006-08-07,89.7529794142484
2006-08-08,89.409126562651
2006-08-09,89.1073762084867
2006-08-10,89.3810561257987
2006-08-11,89.128427808075
2006-08-14,89.198601444104
2006-08-15,90.2652541852163
2006-08-16,91.0161139854328
2006-08-17,91.2476907035681
2006-08-18,91.7108434380954
2006-08-21,91.3178692518007
2006-08-22,91.3108448005897
2006-08-23,91.0582171846094
2006-08-24,90.9810247113165
2006-08-25,91.0933064587257
2006-08-28,91.528383844197
2006-08-29,91.6336516665459
2006-08-30,91.6897925402505
2006-08-31,91.6757541639791
2006-09-01,92.2231132968596
2006-09-05,92.3985491412903
2006-09-06,91.5845247179016
2006-09-07,91.1634850069583
2006-09-08,91.4231265479989
2006-09-11,91.5143566958197
2006-09-12,92.4125868158183
2006-09-13,92.7845101042681
2006-09-14,92.7915240293284
2006-09-15,93.0086090449704
2006-09-18,93.1354717660312
2006-09-19,92.9028790685069
2006-09-20,93.3962539082465
2006-09-21,92.9451664072525
2006-09-22,92.6632409480765
2006-09-25,93.3751098864616
2006-09-26,94.1504207577404
2006-09-27,94.2631947474615
2006-09-28,94.2279514219737
2006-09-29,94.1504207577404
2006-10-02,93.7980086475888
2006-10-03,93.9953587244495
2006-10-04,95.0948823936497
2006-10-05,95.2781331668074
2006-10-06,95.1583144590043
2006-10-09,95.2147011014528
2006-10-10,95.3415750997011
2006-10-11,95.2288011099799
2006-10-12,96.0534440380861
2006-10-13,96.3001367441376
2006-10-16,96.4481434869832
2006-10-17,96.1450747108466
2006-10-18,96.2719374319075
2006-10-19,96.4270001700226
2006-10-20,96.4481434869832
2006-10-23,96.8921862698953
2006-10-24,97.1811670195165
2006-10-25,97.5124351078832
2006-10-26,97.815504588844
2006-10-27,97.2023110413013
2006-10-30,97.1318243903257
2006-10-31,97.1177243817986
2006-11-01,96.4622434955104
2006-11-02,96.4058561482377
2006-11-03,96.2366941064196
2006-11-06,97.3221297491044
2006-11-07,97.6956858810409
2006-11-08,97.9071352616045
2006-11-09,97.3926058277168
2006-11-10,97.4349037388256
2006-11-13,97.674541859256
2006-11-14,98.4075541146017
2006-11-15,98.6894901461409
2006-11-16,98.9432275702743
2006-11-17,98.9714156053169
2006-11-20,99.0278029525896
2006-11-21,99.1264776386078
2006-11-22,99.3238277154684
2006-11-24,98.9220835484894
2006-11-27,97.5617671647106
2006-11-28,97.9846659258378
2006-11-29,99.0066589308047
2006-11-30,99.0489469743744
2006-12-01,98.8304528757289
2006-12-04,99.5846091528595
2006-12-05,100.014552632069
2006-12-06,99.9299772497533
2006-12-07,99.4929897572865
2006-12-08,99.67623982562
2006-12-11,99.9652205752412
2006-12-12,99.8876892061836
2006-12-13,99.9934086102837
2006-12-14,100.874438885663
2006-12-15,100.883355616874
2006-12-18,100.606944144955
2006-12-19,100.798309258876
2006-12-20,100.741607906881
2006-12-21,100.373055497661
2006-12-22,99.756447253764
2006-12-26,100.344710491658
2006-12-27,101.003842268928
2006-12-28,100.791226019559
2006-12-29,100.373055497661
2007-01-03,100.195868202361
2007-01-04,100.408495082969
2007-01-05,99.6076049644679
2007-01-08,100.06829831099
2007-01-09,99.9832519529919
2007-01-10,100.316354145667
2007-01-11,100.755786434251
2007-01-12,101.521236258695
2007-01-16,101.322787905458
2007-01-17,101.365310730083
2007-01-18,101.025103326866
2007-01-19,101.22356302009
2007-01-22,100.911711962864
2007-01-23,101.20938520147
2007-01-24,102.024442507353
2007-01-25,100.826654973629
2007-01-26,100.734524667565
2007-01-29,100.67782331557
2007-01-30,101.202290622166
2007-01-31,101.882694797361
2007-02-01,102.492219801941
2007-02-02,102.633967511934
2007-02-05,102.662323149175
2007-02-06,102.690668155179
2007-02-07,102.917473563156
2007-02-08,102.782809092481
2007-02-09,102.017358559287
2007-02-12,101.670067916754
2007-02-13,102.527659387249
2007-02-14,103.20096898314
2007-02-15,103.335632745067
2007-02-16,103.286015341138
2007-02-20,103.505725461063
2007-02-21,103.463202636438
2007-02-22,103.385239517757
2007-02-23,102.981258154467
2007-02-26,102.889117217165
2007-02-27,98.8705107772652
2007-02-28,99.8840171451355
2007-03-01,99.5863439065303
2007-03-02,98.2822475393716
2007-03-05,97.3467042901824
2007-03-06,99.0122584872575
2007-03-07,98.9130343106388
2007-03-08,99.7493633056979
2007-03-09,99.7777090204508
2007-03-12,99.9265506009977
2007-03-13,97.9845743007664
2007-03-14,98.7145852486522
2007-03-15,98.8492490105784
2007-03-16,98.5737355238725
2007-03-19,99.7620553272777
2007-03-20,100.309966763041
2007-03-21,101.960802534905
2007-03-22,101.882529879264
2007-03-23,102.031963763996
2007-03-26,101.896764117477
2007-03-27,101.654833300866
2007-03-28,100.914805189681
2007-03-29,101.021536359774
2007-03-30,101.042882736106
2007-04-02,101.156736717862
2007-04-03,102.245436777724
2007-04-04,102.35929075948
2007-04-05,102.636802190636
2007-04-09,102.779113975274
2007-04-10,102.900080095149
2007-04-11,102.480256167785
2007-04-12,102.935660709695
2007-04-13,103.405298778247
2007-04-16,104.387257706043
2007-04-17,104.664769137199
2007-04-18,104.792857357168
2007-04-19,104.764388880742
2007-04-20,105.753469908632
2007-04-23,105.35499306917
2007-04-24,105.397685110265
2007-04-25,106.365420473392
2007-04-26,106.486385881697
2007-04-27,106.401001087937
2007-04-30,105.51865051857
2007-05-01,105.789050523177
2007-05-02,106.408112514487
2007-05-03,106.984493138245
2007-05-04,107.390082115827
2007-05-07,107.411428492159
2007-05-08,107.269116707521
2007-05-09,107.56086308846
2007-05-10,106.436581702483
2007-05-11,107.347390074731
2007-05-14,107.11257068467
2007-05-15,107.141039161096
2007-05-16,107.873955134162
2007-05-17,107.660482120433
2007-05-18,108.599748295564
2007-05-21,108.542821304686
2007-05-22,108.457436510926
2007-05-23,108.471670749139
2007-05-24,107.489701859369
2007-05-25,107.937993551589
2007-05-29,108.329358964501
2007-05-30,109.211698860324
2007-05-31,109.097855552112
2007-06-01,109.638644887782
2007-06-04,109.652879125995
2007-06-05,109.218820960418
2007-06-06,108.044724721682
2007-06-07,106.095031142329
2007-06-08,107.475466909587
2007-06-11,107.660482120433
2007-06-12,106.486385881697
2007-06-13,108.080305336227
2007-06-14,108.770529268198
2007-06-15,109.386468180547
2007-06-18,109.257831357762
2007-06-19,109.529389487637
2007-06-20,108.007251162022
2007-06-21,108.607527512125
2007-06-22,107.585629840213
2007-06-25,107.071104702206
2007-06-26,105.970587698399
2007-06-27,107.478430820451
2007-06-28,107.464146336147
2007-06-29,107.499868623475
2007-07-02,108.471748089879
2007-07-03,108.86478972382
2007-07-05,108.750448819215
2007-07-06,109.322144766834
2007-07-09,109.407905983571
2007-07-10,107.850034651369
2007-07-11,108.614680116228
2007-07-12,110.329757239825
2007-07-13,110.658486179311
2007-07-16,110.644190975748
2007-07-17,110.587020166137
2007-07-18,110.386928049436
2007-07-19,110.815702689964
2007-07-20,109.693748597751
2007-07-23,110.029619422082
2007-07-24,108.121592781244
2007-07-25,108.34312270097
2007-07-26,105.777648900418
2007-07-27,103.698110545364
2007-07-30,105.320294572022
2007-07-31,104.134027070737
2007-08-01,104.641399604642
2007-08-02,105.477511082675
2007-08-03,102.761963370931
2007-08-06,104.484193813247
2007-08-07,105.598994586741
2007-08-08,107.071104702206
2007-08-09,103.898201947448
2007-08-10,103.412267931185
2007-08-13,103.783861042843
2007-08-14,102.197410022773
2007-08-15,100.789612601763
2007-08-16,101.547116181778
2007-08-17,103.412267931185
2007-08-20,103.362239006417
2007-08-21,103.569473722579
2007-08-22,104.798616115295
2007-08-23,104.705723018355
2007-08-24,105.999178820143
2007-08-27,105.013003435559
2007-08-28,102.70479256132
2007-08-29,104.72000750266
2007-08-30,104.44130748794
2007-08-31,105.470357763955
2007-09-04,106.535141761174
2007-09-05,105.613279071045
2007-09-06,105.856257513053
2007-09-07,104.384147397588
2007-09-10,104.184044561628
2007-09-11,105.39890247004
2007-09-12,105.670449880656
2007-09-13,106.413658257108
2007-09-14,106.406504938389
2007-09-17,105.834819710029
2007-09-18,108.950551655175
2007-09-19,109.593702896709
2007-09-20,108.82191483239
2007-09-21,109.113994625969
2007-09-24,108.912956202726
2007-09-25,108.697554968835
2007-09-26,109.271954669226
2007-09-27,109.918147600944
2007-09-28,109.551973473095
2007-10-01,110.786928915852
2007-10-02,110.636144533943
2007-10-03,110.413567638704
2007-10-04,110.585890492609
2007-10-05,111.899826315992
2007-10-08,111.303887425609
2007-10-09,112.352157203813
2007-10-10,112.165481591218
2007-10-11,111.626983891468
2007-10-12,112.244461971844
2007-10-15,111.296700994306
2007-10-16,110.413567638704
2007-10-17,110.751026915211
2007-10-18,110.348950068725
2007-10-19,107.462599526078
2007-10-22,108.087253267804
2007-10-23,108.963210962057
2007-10-24,108.762172538814
2007-10-25,109.020651434694
2007-10-26,110.298685257437
2007-10-29,110.664870873236
2007-10-30,109.896609128948
2007-10-31,111.038221380429
2007-11-01,108.439076072955
2007-11-02,108.561134115571
2007-11-05,107.735441950603
2007-11-06,109.18579862725
2007-11-07,106.19892923198
2007-11-08,105.660431532231
2007-11-09,104.210074137586
2007-11-12,103.176157118073
2007-11-13,106.320987274597
2007-11-14,106.026605660079
2007-11-15,104.497268602805
2007-11-16,104.676767836055
2007-11-19,103.219235498059
2007-11-20,103.851075671087
2007-11-21,101.725800441426
2007-11-23,103.484901543238
2007-11-26,101.201665552324
2007-11-27,102.364827763753
2007-11-28,105.638892342238
2007-11-29,105.674783572924
2007-11-30,106.73742693173
2007-12-03,106.033782039424
2007-12-04,105.08603183184
2007-12-05,106.845122163699
2007-12-06,108.374458502976
2007-12-07,108.35292003098
2007-12-10,109.192975006596
2007-12-11,106.19892923198
2007-12-12,107.247198292188
2007-12-13,107.024621396949
2007-12-14,105.667607193579
2007-12-17,104.159820096252
2007-12-18,104.741396175988
2007-12-19,104.741396175988
2007-12-20,105.401951918354
2007-12-21,106.913631277055
2007-12-24,107.707555723233
2007-12-26,107.938522504096
2007-12-27,106.58161873994
2007-12-28,106.314572850052
2007-12-31,105.527862349114
2008-01-02,104.604005330238
2008-01-03,104.553488226155
2008-01-04,101.991254384507
2008-01-07,101.904646623313
2008-01-08,100.259045750725
2008-01-09,101.312802141551
2008-01-10,101.976815667694
2008-01-11,101.1540152314
2008-01-14,101.969602444209
2008-01-15,99.7249424228628
2008-01-16,98.8660520512129
2008-01-17,96.3038182095652
2008-01-18,95.3150169178795
2008-01-22,94.3478668447369
2008-01-23,96.6141788063814
2008-01-24,97.4297652974343
2008-01-25,96.0223336028641
2008-01-28,97.6102041478837
2008-01-29,98.0937795453326
2008-01-30,97.372024143535
2008-01-31,99.1475359361585
2008-02-01,100.742620426419
2008-02-04,99.4723345280323
2008-02-05,96.8090556518883
2008-02-06,96.0295583744361
2008-02-07,96.664695910464
2008-02-08,96.0439963694937
2008-02-11,96.5347849904282
2008-02-12,97.4297652974343
2008-02-13,98.4257805343609
2008-02-14,97.55967621747
2008-02-15,97.5380242771715
2008-02-19,97.8122949386316
2008-02-20,98.1009927688182
2008-02-21,97.2854055560099
2008-02-22,97.8844639830127
2008-02-25,99.1186707723744
2008-02-26,99.8620781144706
2008-02-27,99.7610323582189
2008-02-28,98.7866582352597
2008-02-29,96.5853129208419
2008-03-03,96.3543461399788
2008-03-04,95.9862544938391
2008-03-05,96.5925268660829
2008-03-06,94.5932615160819
2008-03-07,93.6188982194538
2008-03-10,92.3846914300921
2008-03-11,95.7047706088934
2008-03-12,94.8097903018874
2008-03-13,95.0190943161209
2008-03-14,93.5467183487416
2008-03-17,92.6012202158976
2008-03-18,96.4481779509895
2008-03-19,94.0591690145503
2008-03-20,95.792785793121
2008-03-24,97.7074803333365
2008-03-25,97.801768196211
2008-03-26,96.6050771279165
2008-03-27,96.3004679680261
2008-03-28,95.37938060214
2008-03-31,95.7130060984627
2008-04-01,99.0782280802135
2008-04-02,99.1434988813923
2008-04-03,99.3900855221051
2008-04-04,99.2813003699648
2008-04-07,99.3320746071412
2008-04-08,99.2305377370022
2008-04-09,98.5125233861308
2008-04-10,98.6503248747033
2008-04-11,96.7356303344878
2008-04-14,96.4092531201664
2008-04-15,96.6340934643488
2008-04-16,99.2522949124829
2008-04-17,99.39734540832
2008-04-18,100.434466933611
2008-04-21,100.485240445524
2008-04-22,100.042829071798
2008-04-23,99.8832704077443
2008-04-24,100.318432774206
2008-04-25,101.246769147357
2008-04-28,101.268526322837
2008-04-29,100.869629300073
2008-04-30,100.274908269558
2008-05-01,102.349161473826
2008-05-02,102.632014183499
2008-05-05,102.13884017681
2008-05-06,103.023662199
2008-05-07,101.188746628179
2008-05-08,100.92765181925
2008-05-09,100.739076093501
2008-05-12,101.870496360617
2008-05-13,101.884993649883
2008-05-14,102.095325825849
2008-05-15,103.371785709851
2008-05-16,103.466073572726
2008-05-19,103.748925557136
2008-05-20,102.907617160644
2008-05-21,101.166989452698
2008-05-22,101.181487467228
2008-05-23,99.8252478885668
2008-05-27,100.565020140182
2008-05-28,101.029187964126
2008-05-29,101.536870139031
2008-05-30,101.790716665959
2008-06-02,100.739076093501
2008-06-03,100.151614223938
2008-06-04,100.100851590975
2008-06-05,102.102574833114
2008-06-06,98.8461380035031
2008-06-09,99.0854763622147
2008-06-10,98.5923023555257
2008-06-11,97.1417756392539
2008-06-12,97.5116563255864
2008-06-13,98.7446018586274
2008-06-16,98.802624377805
2008-06-17,98.3239585393322
2008-06-18,97.3666058297493
2008-06-19,97.4898991501057
2008-06-20,95.9155148585848
2008-06-23,95.8207474446947
2008-06-24,95.6312235511956
2008-06-25,96.0831709189291
2008-06-26,93.4735210496065
2008-06-27,92.9632567873027
2008-06-30,93.2912881347139
2008-07-01,93.5828704207095
2008-07-02,91.9791722214462
2008-07-03,92.0739345326717
2008-07-07,91.1335856331248
2008-07-08,92.7518599579844
2008-07-09,90.9659295727805
2008-07-10,91.3376965865012
2008-07-11,90.2734214613029
2008-07-14,89.4569987874072
2008-07-15,88.1959095190555
2008-07-16,90.3608978965866
2008-07-17,91.2647970057659
2008-07-18,91.8333839942566
2008-07-21,91.8844106391727
2008-07-22,92.9268120995996
2008-07-23,93.4297853832969
2008-07-24,91.4907757922971
2008-07-25,91.4689079591423
2008-07-28,90.1276332341134
2008-07-29,92.052066699517
2008-07-30,93.6922088575313
2008-07-31,92.4529925249989
2008-08-01,91.9645960958499
2008-08-04,91.11171779997
2008-08-05,93.5682884634966
2008-08-06,93.9837853119103
2008-08-07,92.5842038976401
2008-08-08,94.3045256807151
2008-08-11,95.2813302022463
2008-08-12,94.2899546577833
2008-08-13,93.721372771957
2008-08-14,94.4284460747498
2008-08-15,94.8876895237542
2008-08-18,93.5901555676993
2008-08-19,92.5696219404272
2008-08-20,92.9997065776704
2008-08-21,93.1600767620727
2008-08-22,94.508631531427
2008-08-25,92.591489773582
2008-08-26,92.8612034974707
2008-08-27,93.7651084382666
2008-08-28,94.902271480967
2008-08-29,93.8817320220784
2008-09-02,93.2985740106558
2008-09-03,93.2183885539786
2008-09-04,90.4119245415026
2008-09-05,90.6962151199397
2008-09-08,92.5696219404272
2008-09-09,89.8214748225215
2008-09-10,90.1859508576358
2008-09-11,91.4907757922971
2008-09-12,91.9135636193173
2008-09-15,87.5398511979456
2008-09-16,89.0050463170093
2008-09-17,85.0031016383104
2008-09-18,87.5252750723493
2008-09-19,90.9811807079938
2008-09-22,88.9214194566557
2008-09-23,86.898316026275
2008-09-24,87.1768575577758
2008-09-25,88.5402565507491
2008-09-26,88.5842349407507
2008-09-29,81.6426312390019
2008-09-30,85.0218072292331
2008-10-01,85.0731179164361
2008-10-02,81.9871465860885
2008-10-03,80.88030029612
2008-10-06,76.7607887885911
2008-10-07,73.3229712799752
2008-10-08,71.4757887396992
2008-10-09,66.4839882196224
2008-10-10,64.8713688208455
2008-10-13,74.2905435056492
2008-10-14,73.1910287798722
2008-10-15,65.9855415439368
2008-10-16,68.7343283583794
2008-10-17,68.3238443267756
2008-10-20,72.4286985700001
2008-10-21,70.2663218083347
2008-10-22,66.4400090966109
2008-10-23,67.2096716036843
2008-10-24,63.8011752207657
2008-10-27,61.5361719536257
2008-10-28,68.7270019252566
2008-10-29,68.228555249571
2008-10-30,70.5888475939156
2008-10-31,70.9773420640136
2008-11-03,71.1825840798155
2008-11-04,73.6015186755545
2008-11-05,70.5082157810155
2008-11-06,66.6012727224112
2008-11-07,68.8003021739653
2008-11-10,67.8986971667888
2008-11-11,65.8022890896406
2008-11-12,62.9069025107905
2008-11-13,66.828503566709
2008-11-14,63.4933125635677
2008-11-17,62.6503498077857
2008-11-18,63.8304963464629
2008-11-19,59.7403001005526
2008-11-20,55.3055885075558
2008-11-21,58.2889384634975
2008-11-24,62.3278240222048
2008-11-25,62.7896238720802
2008-11-26,65.2158841679321
2008-11-28,66.0368514981299
2008-12-01,60.1874368220451
2008-12-02,62.5037449123095
2008-12-03,64.0064172365676
2008-12-04,62.5257396048839
2008-12-05,64.4535532250502
2008-12-08,66.7038933638072
2008-12-09,65.6043786380302
2008-12-10,66.0515153595227
2008-12-11,64.4608847892417
2008-12-12,65.2305421652464
2008-12-15,64.321611457957
2008-12-16,67.3489398039003
2008-12-17,66.6965617996158
2008-12-18,65.4504473094312
2008-12-19,65.1714205254315
2008-12-22,64.3363602667933
2008-12-23,63.6712748136332
2008-12-24,64.0407691953514
2008-12-26,64.4102635770696
2008-12-29,64.2255163862105
2008-12-30,65.7478310219231
2008-12-31,66.686344534521
2009-01-02,68.6963947100567
2009-01-05,68.61510520709
2009-01-06,69.0732804573868
2009-01-07,67.0041097027987
2009-01-08,67.2775377622364
2009-01-09,65.8365059785917
2009-01-12,64.2550707638266
2009-01-13,64.3733119219315
2009-01-14,62.3484841880933
2009-01-15,62.3706531120077
2009-01-16,62.8583827399206
2009-01-20,59.5403246700688
2009-01-21,62.1120077837937
2009-01-22,61.1513201743601
2009-01-23,61.417356868186
2009-01-26,61.8385797243559
2009-01-27,62.4667194342881
2009-01-28,64.5802272977161
2009-01-29,62.4815021655119
2009-01-30,61.2104407534125
2009-02-02,61.0256935625534
2009-02-03,61.8829175721846
2009-02-04,61.5799351351307
2009-02-05,62.4962797238143
2009-02-06,64.2772448606623
2009-02-09,64.3659198173308
2009-02-10,61.417356868186
2009-02-11,61.7794591453035
2009-02-12,61.8238029050423
2009-02-13,61.158711539972
2009-02-17,58.5426905784185
2009-02-18,58.402281235388
2009-02-19,57.7741415254559
2009-02-20,57.2125085872667
2009-02-23,55.165512668503
2009-02-24,57.2568516080167
2009-02-25,56.8060684623205
2009-02-26,55.882332508025
2009-02-27,54.6334392808513
2009-03-02,52.1726052206306
2009-03-03,51.7809426539869
2009-03-04,53.0076662182575
2009-03-05,50.842429141389
2009-03-06,50.9311040980575
2009-03-09,50.3325254166403
2009-03-10,53.3328175792257
2009-03-11,53.6801430370296
2009-03-12,55.7936516394464
2009-03-13,56.2296520539188
2009-03-16,56.0596883332722
2009-03-17,57.7741415254559
2009-03-18,59.0673718614695
2009-03-19,58.335774463645
2009-03-20,57.1027177656717
2009-03-23,61.204348494337
2009-03-24,59.9984226007838
2009-03-25,60.6311595794156
2009-03-26,61.8668621102145
2009-03-27,60.7502661283986
2009-03-30,58.6510656825845
2009-03-31,59.194472749479
2009-04-01,60.3408453685407
2009-04-02,62.1050685086046
2009-04-03,62.7229197740041
2009-04-06,62.2316145644158
2009-04-07,60.7800427656443
2009-04-08,61.4351101751177
2009-04-09,63.8767326442913
2009-04-13,63.8916235683048
2009-04-14,62.7899125553238
2009-04-15,63.459871633208
2009-04-16,64.3903682847213
2009-04-17,64.8221202198181
2009-04-20,62.1050685086046
2009-04-21,63.3184346533833
2009-04-22,62.9313502795458
2009-04-23,63.5492015449452
2009-04-24,64.5094748337043
2009-04-27,63.899063075133
2009-04-28,63.6980787759954
2009-04-29,65.0528811562015
2009-04-30,65.0752123314405
2009-05-01,65.4250798168068
2009-05-04,67.650826318432
2009-05-05,67.4200653820487
2009-05-06,68.5887684319521
2009-05-07,67.6359413495971
2009-05-08,69.2140651593583
2009-05-11,67.9188100984652
2009-05-12,67.7178250549302
2009-05-13,66.0131544449605
2009-05-14,66.5788978978753
2009-05-15,66.0354856201995
2009-05-18,67.9113698472397
2009-05-19,67.8294861419065
2009-05-20,67.3754030315707
2009-05-21,66.4076842808049
2009-05-22,66.2662473009802
2009-05-26,67.9634776597244
2009-05-27,66.7501063041644
2009-05-28,67.6806029556778
2009-05-29,68.8790833872242
2009-06-01,70.5465318979414
2009-06-02,70.6060844280356
2009-06-03,69.7128106201721
2009-06-04,70.3678780296455
2009-06-05,70.382768953659
2009-06-08,70.0924547427842
2009-06-09,70.4497617349787
2009-06-10,70.2711086110801
2009-06-11,70.5837539971939
2009-06-12,70.7772987895033
2009-06-15,69.1545126292641
2009-06-16,68.2165697713467
2009-06-17,68.1495769900271
2009-06-18,68.6483217064436
2009-06-19,68.9000694365038
2009-06-22,66.83396418467
2009-06-23,66.886364618265
2009-06-24,67.4627813652233
2009-06-25,68.9300137177683
2009-06-26,68.7503480301812
2009-06-29,69.3941347313077
2009-06-30,68.8326934936291
2009-07-01,69.1171607969945
2009-07-02,67.2307152440412
2009-07-06,67.2232331038137
2009-07-07,65.9206856894578
2009-07-08,65.8757718876202
2009-07-09,66.0030304043174
2009-07-10,65.8458276063557
2009-07-13,67.4478058559436
2009-07-14,67.82958814333
2009-07-15,69.8133479317159
2009-07-16,69.7010589355919
2009-07-17,70.4646160244815
2009-07-20,71.2132043413863
2009-07-21,71.5425854465893
2009-07-22,71.5276159260162
2009-07-23,73.1071380232736
2009-07-24,73.4065688585056
2009-07-27,73.623659470408
2009-07-28,73.2793095932201
2009-07-29,73.0996506429279
2009-07-30,73.8632077318175
2009-07-31,73.9680100961842
2009-08-03,75.1882105499156
2009-08-04,75.3828435123108
2009-08-05,75.1657529004084
2009-08-06,74.776486975618
2009-08-07,75.7571376707632
2009-08-10,75.5999341242132
2009-08-11,74.6567128449132
2009-08-12,75.4577023440013
2009-08-13,76.034115348018
2009-08-14,75.4502164608323
2009-08-17,73.5937174349084
2009-08-18,74.1776163220941
2009-08-19,74.8288881578013
2009-08-20,75.5999341242132
2009-08-21,77.0821389916847
2009-08-24,77.0746531085156
2009-08-25,77.2243707718966
2009-08-26,77.2318566550656
2009-08-27,77.4040319679537
2009-08-28,77.3890602016156
2009-08-31,76.7003589500632
2009-09-01,75.0085493538584
2009-09-02,74.7240857934346
2009-09-03,75.3454140964656
2009-09-04,76.4009236233013
2009-09-08,77.0596813421775
2009-09-09,77.6510661125323
2009-09-10,78.4445697284514
2009-09-11,78.4295979621132
2009-09-14,78.8113780037347
2009-09-15,79.1407568631728
2009-09-16,80.3384981702204
2009-09-17,80.2187240395157
2009-09-18,80.2698750792098
2009-09-21,80.0667934987058
2009-09-22,80.5331289798631
2009-09-23,79.8637119182018
2009-09-24,78.9836917360178
2009-09-25,78.5624854949724
2009-09-28,79.9690134784631
2009-09-29,79.7283241978658
2009-09-30,79.4199410571004
2009-10-01,77.4492975722098
2009-10-02,77.0882636513138
2009-10-05,78.2390592741698
2009-10-06,79.3597687369511
2009-10-07,79.5778933974924
2009-10-08,80.1871381390044
2009-10-09,80.6760382402178
2009-10-12,80.9919429210018
2009-10-13,80.8264690405911
2009-10-14,82.2179539440444
2009-10-15,82.5188155447911
2009-10-16,81.9020492632604
2009-10-19,82.5789878649404
2009-10-20,82.1427385438577
2009-10-21,81.4056276220284
2009-10-22,82.2329970240817
2009-10-23,81.2928045217484
2009-10-26,80.4127843395644
2009-10-27,80.0442288786498
2009-10-28,78.5323993348978
2009-10-29,80.2172242990791
2009-10-30,77.8930684333111
2009-11-02,78.4647054747298
2009-11-03,78.7129162953458
2009-11-04,78.9159978758498
2009-11-05,80.3676550994524
2009-11-06,80.5782582199751
2009-11-09,82.4135139845297
2009-11-10,82.4285570645671
2009-11-11,82.8497633056124
2009-11-12,82.0073508235217
2009-11-13,82.4511216846231
2009-11-16,83.6470465475911
2009-11-17,83.7448265678337
2009-11-18,83.6921757877031
2009-11-19,82.6015524849964
2009-11-20,82.3082124242684
2009-11-23,83.3537064868631
2009-11-24,83.4815726671804
2009-11-25,83.7749127279084
2009-11-27,82.4135139845297
2009-11-30,82.6918109652204
2009-12-01,83.7147404077591
2009-12-02,83.6771327076657
2009-12-03,83.0227587260417
2009-12-04,83.4966157472177
2009-12-07,83.3687495669004
2009-12-08,82.4436001446044
2009-12-09,82.7519832853697
2009-12-10,83.2183187665271
2009-12-11,83.5718311474044
2009-12-14,84.1434681888231
2009-12-15,83.7523481078524
2009-12-16,83.8802142881697
2009-12-17,82.8723279256684
2009-12-18,83.3388063160861
2009-12-21,84.1857300351136
2009-12-22,84.4882027919091
2009-12-23,84.6545628081466
2009-12-24,85.0553392109007
2009-12-28,85.236822864978
2009-12-29,85.1158337622598
2009-12-30,85.0855864865802
2009-12-31,84.2689100432323
2010-01-04,85.6980938190912
2010-01-05,85.9249483866878
2010-01-06,85.9854429380469
2010-01-07,86.3484102462015
2010-01-08,86.6357593651573
2010-01-11,86.7567484678755
2010-01-12,85.9476338434475
2010-01-13,86.6735684597567
2010-01-14,86.9079848462733
2010-01-15,85.9325102056077
2010-01-19,87.0062884922318
2010-01-20,86.1215556786049
2010-01-21,84.4655173351494
2010-01-22,82.5826244240973
2010-01-25,83.006086283611
2010-01-26,82.6582426132962
2010-01-27,83.0514571971303
2010-01-28,82.0986680132245
2010-01-29,81.2063733806777
2010-02-01,82.469197140299
2010-02-02,83.4673572377242
2010-02-03,83.0514571971303
2010-02-04,80.4880005832883
2010-02-05,80.6543605995258
2010-02-08,80.0721005426945
2010-02-09,81.0778224590396
2010-02-10,80.9190242617219
2010-02-11,81.7659479807494
2010-02-12,81.6978916104704
2010-02-16,82.9834008268514
2010-02-17,83.3766154106855
2010-02-18,83.8681336404782
2010-02-19,84.0420554756357
2010-02-22,84.0571791134755
2010-02-23,83.0363335592906
2010-02-24,83.8000772701993
2010-02-25,83.6866499864009
2010-02-26,83.7395827188402
2010-03-01,84.6091918946273
2010-03-02,84.8436082811438
2010-03-03,84.9192264703427
2010-03-04,85.1763283136189
2010-03-05,86.3937811597209
2010-03-08,86.4089047975606
2010-03-09,86.5525793570385
2010-03-10,86.9382321219528
2010-03-11,87.3011994301074
2010-03-12,87.3087612490273
2010-03-15,87.331446705787
2010-03-16,88.0271340464167
2010-03-17,88.548899551889
2010-03-18,88.5035286383696
2010-03-19,88.0576686712152
2010-03-22,88.5284434800119
2010-03-23,89.1510811303559
2010-03-24,88.718272031946
2010-03-25,88.5740023324761
2010-03-26,88.5208503379345
2010-03-29,89.0827428516596
2010-03-30,89.1434879882785
2010-03-31,88.8397623051839
2010-04-01,89.4472136713732
2010-04-05,90.1761553108003
2010-04-06,90.3887632889666
2010-04-07,89.8724296277057
2010-04-08,90.1837484528777
2010-04-09,90.7760135349123
2010-04-12,90.9202832343822
2010-04-13,90.9886215130785
2010-04-14,92.0212888356003
2010-04-15,92.097220256374
2010-04-16,90.6317438354423
2010-04-19,90.9734352289238
2010-04-20,91.7859014312019
2010-04-21,91.6188523054999
2010-04-22,91.8922054202851
2010-04-23,92.492063644397
2010-04-26,92.1427791088382
2010-04-27,89.9635473326341
2010-04-28,90.646930119597
2010-04-29,91.7707151470472
2010-04-30,90.2141210211872
2010-05-03,91.3834649011015
2010-05-04,89.2346056932069
2010-05-05,88.7030857477913
2010-05-06,85.7569481404017
2010-05-07,84.4812987527757
2010-05-10,88.2019383706851
2010-05-11,87.9513646821321
2010-05-12,89.1814536986654
2010-05-13,88.0728549553699
2010-05-14,86.478295119123
2010-05-17,86.5238539715872
2010-05-18,85.3469169495955
2010-05-19,84.860955856644
2010-05-20,81.6566498999955
2010-05-21,82.848773206142
2010-05-24,81.7857333153107
2010-05-25,81.8692578781618
2010-05-26,81.375703643133
2010-05-27,84.1016416489074
2010-05-28,83.0461949001535
2010-06-01,81.6490567579181
2010-06-02,83.7751365395807
2010-06-03,84.0636759385206
2010-06-04,81.1099436704252
2010-06-07,80.1000557741355
2010-06-08,80.9580808288778
2010-06-09,80.525271730468
2010-06-10,82.8791457744515
2010-06-11,83.2815823045519
2010-06-14,83.1524988892367
2010-06-15,85.0431912665008
2010-06-16,85.0128186981914
2010-06-17,85.1494952555839
2010-06-18,85.2415848826982
2010-06-21,84.9974489553514
2010-06-22,83.593667373107
2010-06-23,83.334272950301
2010-06-24,81.9533791112454
2010-06-25,82.2966952590769
2010-06-28,82.0373008362708
2010-06-29,79.5043905900473
2010-06-30,78.749095064818
2010-07-01,78.3981496692569
2010-07-02,77.9709117963999
2010-07-06,78.4820713942824
2010-07-07,80.9539476586692
2010-07-08,81.755018670276
2010-07-09,82.3653584886432
2010-07-12,82.4187632227503
2010-07-13,83.6623306026733
2010-07-14,83.6547013549437
2010-07-15,83.6775890981325
2010-07-16,81.3735562837966
2010-07-19,81.8541988907607
2010-07-20,82.7620793705818
2010-07-21,81.6863554407097
2010-07-22,83.5097456480815
2010-07-23,84.2345241823925
2010-07-26,85.1118876712952
2010-07-27,85.1042584235656
2010-07-28,84.5549525870352
2010-07-29,84.1429732096374
2010-07-30,84.1277147141782
2010-08-02,86.0273973988459
2010-08-03,85.6154180214481
2010-08-04,86.1876116011673
2010-08-05,86.0960606284122
2010-08-06,85.7451152328511
2010-08-09,86.2028700966264
2010-08-10,85.7374859851215
2010-08-11,83.3876776844081
2010-08-12,82.8765180865256
2010-08-13,82.6323821591788
2010-08-16,82.5942359205308
2010-08-17,83.6089258685662
2010-08-18,83.761510823158
2010-08-19,82.3043245068065
2010-08-20,82.0373008362708
2010-08-23,81.7245016793577
2010-08-24,80.511451290353
2010-08-25,80.8242504472662
2010-08-26,80.2825738584654
2010-08-27,81.5261412383884
2010-08-30,80.3436078403021
2010-08-31,80.3436078403021
2010-09-01,82.7468208751226
2010-09-02,83.5173748958111
2010-09-03,84.6007280734128
2010-09-07,83.6470721072141
2010-09-08,84.2345241823925
2010-09-09,84.6236158166015
2010-09-10,85.0508536894585
2010-09-13,85.9968804079275
2010-09-14,85.9434756738204
2010-09-15,86.2715333261928
2010-09-16,86.248645583004
2010-09-17,86.2807876036887
2010-09-20,87.6000422456866
2010-09-21,87.4236302877451
2010-09-22,86.9941055205829
2010-09-23,86.2884576888166
2010-09-24,88.0679174384882
2010-09-27,87.646062756454
2010-09-28,87.9528661615698
2010-09-29,87.7994644590119
2010-09-30,87.5386815646635
2010-10-01,87.9068456508024
2010-10-04,87.2472183298035
2010-10-05,89.0036678240914
2010-10-06,88.9959977389635
2010-10-07,88.888616547173
2010-10-08,89.3871720804861
2010-10-11,89.471543016893
2010-10-12,89.7476660814972
2010-10-13,90.4456438281356
2010-10-14,90.0928199122525
2010-10-15,90.2769019553219
2010-10-18,90.7217668927398
2010-10-19,89.5329036979161
2010-10-20,90.4072934024961
2010-10-21,90.6067156158214
2010-10-22,90.7754574886351
2010-10-25,91.0439104681114
2010-10-26,91.0592506383672
2010-10-27,90.7984677440188
2010-10-28,90.8138079142746
2010-10-29,90.8828386804256
2010-11-01,90.9135190209372
2010-11-02,91.6345070229593
2010-11-03,92.0026711090983
2010-11-04,93.774460773642
2010-11-05,94.1272846895251
2010-11-08,93.9508727315835
2010-11-09,93.2759052403288
2010-11-10,93.6517394115956
2010-11-11,93.2989154957125
2010-11-12,92.1944232372956
2010-11-15,92.0640317901214
2010-11-16,90.6297258712051
2010-11-17,90.6757463819725
2010-11-18,92.0103411942261
2010-11-19,92.2634540034467
2010-11-22,92.1867531521677
2010-11-23,90.852158339914
2010-11-24,92.1944232372956
2010-11-26,91.1206113193903
2010-11-29,91.3967343839946
2010-11-30,90.8828386804256
2010-12-01,92.8157001326551
2010-12-02,94.0045633274788
2010-12-03,94.2576761366993
2010-12-06,94.1579650300367
2010-12-07,94.211655625932
2010-12-08,94.5568094566872
2010-12-09,94.9249735428262
2010-12-10,95.4772196720346
2010-12-13,95.5385803530578
2010-12-14,95.6229512894646
2010-12-15,95.1857564371746
2010-12-16,95.738002566383
2010-12-17,95.839830616541
2010-12-20,96.0711415512551
2010-12-21,96.6802603460022
2010-12-22,96.9809645611305
2010-12-23,96.842178000302
2010-12-27,96.8807298227544
2010-12-28,97.0195163835829
2010-12-29,97.0889096639971
2010-12-30,96.9347023741877
2010-12-31,96.9578334676591
2011-01-03,97.9601808514202
2011-01-04,97.9062082999869
2011-01-05,98.4150923563579
2011-01-06,98.2223332440962
2011-01-07,98.0295741318344
2011-01-10,97.9062082999869
2011-01-11,98.253174702058
2011-01-12,99.1398666184621
2011-01-13,98.9779489641622
2011-01-14,99.6950128617759
2011-01-18,99.8646408805663
2011-01-19,98.8854245902766
2011-01-20,98.7543483939386
2011-01-21,98.9779489641622
2011-01-24,99.5408055719665
2011-01-25,99.5947781233998
2011-01-26,99.9802963479233
2011-01-27,100.227028011618
2011-01-28,98.4767752722817
2011-01-31,99.2169702633668
2011-02-01,100.805305348404
2011-02-02,100.612546236142
2011-02-03,100.836146806365
2011-02-04,101.121430292513
2011-02-07,101.753680180731
2011-02-08,102.21630205016
2011-02-09,101.984991115445
2011-02-10,102.023542937898
2011-02-11,102.632661732645
2011-02-14,102.87939339634
2011-02-15,102.55555808774
2011-02-16,103.20322870494
2011-02-17,103.511643284559
2011-02-18,103.727533490292
2011-02-22,101.645735077865
2011-02-23,101.021195554137
2011-02-24,100.951802273723
2011-02-25,102.031253302388
2011-02-28,102.663503190607
2011-03-01,100.951802273723
2011-03-02,101.167692479456
2011-03-03,102.910234854302
2011-03-04,102.139198405255
2011-03-07,101.337320498246
2011-03-08,102.22401241465
2011-03-09,102.077515489331
2011-03-10,100.188476189166
2011-03-11,100.882408993308
2011-03-14,100.273290198561
2011-03-15,99.1244458894811
2011-03-16,97.2893791407493
2011-03-17,98.5770100106578
2011-03-18,98.9342466182302
2011-03-21,100.467510615601
2011-03-22,100.11904152529
2011-03-23,100.405560555101
2011-03-24,101.365786492849
2011-03-25,101.675536795348
2011-03-28,101.427736553348
2011-03-29,102.109187218847
2011-03-30,102.813869157032
2011-03-31,102.674481520908
2011-04-01,103.108131944406
2011-04-04,103.193313277594
2011-04-05,103.177825762469
2011-04-06,103.503063580093
2011-04-07,103.239775822968
2011-04-08,102.883562975094
2011-04-11,102.573812672595
2011-04-12,101.80718067391
2011-04-13,101.799436916347
2011-04-14,101.876874491972
2011-04-15,102.248574854971
2011-04-18,101.102498735724
2011-04-19,101.68328055291
2011-04-20,103.069413156594
2011-04-21,103.595988670843
2011-04-25,103.487576064968
2011-04-26,104.378108184653
2011-04-27,105.059558850151
2011-04-28,105.4002841829
2011-04-29,105.648084424899
2011-05-02,105.485465516087
2011-05-03,105.106021395526
2011-05-04,104.409083214903
2011-05-05,103.46434479228
2011-05-06,103.921226488467
2011-05-09,104.323901881716
2011-05-10,105.214434001401
2011-05-11,104.107076669966
2011-05-12,104.602677153965
2011-05-13,103.797326367467
2011-05-16,103.139106974656
2011-05-17,103.123619459531
2011-05-18,104.045126609466
2011-05-19,104.292926851466
2011-05-20,103.46434479228
2011-05-23,102.264062370096
2011-05-24,102.178881036909
2011-05-25,102.519606369658
2011-05-26,102.991975580969
2011-05-27,103.386907216656
2011-05-31,104.46328951784
2011-06-01,102.116930976409
2011-06-02,102.008518370534
2011-06-03,100.99408612985
2011-06-06,99.9254475862275
2011-06-07,99.8634975257277
2011-06-08,99.4453346173538
2011-06-09,100.204222858477
2011-06-10,98.8103464972306
2011-06-13,98.8877840728554
2011-06-14,100.142272797977
2011-06-15,98.3612085586068
2011-06-16,98.5780337703562
2011-06-17,98.8704535434305
2011-06-20,99.3762842778125
2011-06-21,100.738136254995
2011-06-22,100.131139373736
2011-06-23,99.8432049557036
2011-06-24,98.6836852722741
2011-06-27,99.5630525489689
2011-06-28,100.862648435766
2011-06-29,101.726451689864
2011-06-30,102.699203102137
2011-07-01,104.216695305283
2011-07-05,104.131093181003
2011-07-06,104.255605361774
2011-07-07,105.337304932222
2011-07-08,104.590231847596
2011-07-11,102.699203102137
2011-07-12,102.255628458141
2011-07-13,102.598036955261
2011-07-14,101.889873927126
2011-07-15,102.481306785788
2011-07-18,101.640849565584
2011-07-19,103.290635960799
2011-07-20,103.228379870414
2011-07-21,104.66026994928
2011-07-22,104.730308050963
2011-07-25,104.146657203599
2011-07-26,103.75755663869
2011-07-27,101.633067554286
2011-07-28,101.337351124955
2011-07-29,100.644752119417
2011-08-01,100.216741498016
2011-08-02,97.6564597809138
2011-08-03,98.1856365491903
2011-08-04,93.5864678719634
2011-08-05,93.4463916685961
2011-08-08,87.3608588334161
2011-08-09,91.4230687310682
2011-08-10,87.3842048673106
2011-08-11,91.3063385615955
2011-08-12,91.921117454152
2011-08-15,93.8666202786981
2011-08-16,93.0650731149851
2011-08-17,93.1273292053706
2011-08-18,89.1118113755075
2011-08-19,87.6565752627471
2011-08-22,87.7266133644307
2011-08-23,90.6137395560571
2011-08-24,91.8899894089593
2011-08-25,90.4892273752861
2011-08-26,91.8043872846793
2011-08-29,94.4424891147637
2011-08-30,94.6915134763056
2011-08-31,95.1117420864075
2011-09-01,94.11564464024
2011-09-02,91.711003149101
2011-09-06,91.0417501774572
2011-09-07,93.609813905858
2011-09-08,92.637062493585
2011-09-09,90.2090749685515
2011-09-12,90.7927258159153
2011-09-13,91.625401024821
2011-09-14,92.8938688664251
2011-09-15,94.496963193851
2011-09-16,95.0533415623917
2011-09-19,94.10687560378
2011-09-20,93.9973671457588
2011-09-21,91.2283675643659
2011-09-22,88.2794612305096
2011-09-23,88.8113594551839
2011-09-26,90.9233082884497
2011-09-27,91.9401725415036
2011-09-28,90.0628846897118
2011-09-29,90.7746896668495
2011-09-30,88.5063001792678
2011-10-03,85.9876056447804
2011-10-04,87.872715529288
2011-10-05,89.4996983341743
2011-10-06,91.1188591063447
2011-10-07,90.5087405545124
2011-10-10,93.5358672155267
2011-10-11,93.6297316081162
2011-10-12,94.4510450432752
2011-10-13,94.263316258096
2011-10-14,95.8746549975506
2011-10-17,94.0442993420536
2011-10-18,95.8824770302664
2011-10-19,94.7482822864755
2011-10-20,95.1628500204129
2011-10-21,96.9697395777625
2011-10-24,98.158688550564
2011-10-25,96.250112567909
2011-10-26,97.2278666573839
2011-10-27,100.614806823325
2011-10-28,100.591340725178
2011-10-31,98.1665105832798
2011-11-01,95.4287991327501
2011-11-02,96.9853836431941
2011-11-03,98.7531630369647
2011-11-04,98.1508665178482
2011-11-07,98.7609850696805
2011-11-08,100.02815436964
2011-11-09,96.3361549277828
2011-11-10,97.2435107228155
2011-11-11,99.0738663783125
2011-11-14,98.1352224524166
2011-11-15,98.6201884807961
2011-11-16,97.0557819376363
2011-11-17,95.5148414926238
2011-11-18,95.4131550673185
2011-11-21,93.598443477253
2011-11-22,93.2308079396105
2011-11-23,91.1736133353553
2011-11-25,91.0015286156077
2011-11-28,93.637553640832
2011-11-29,93.9035027531692
2011-11-30,97.767586914774
2011-12-01,97.7519428493424
2011-12-02,97.6659004894686
2011-12-05,98.7296969388173
2011-12-06,98.7609850696805
2011-12-07,99.1286206073231
2011-12-08,96.9540955123309
2011-12-09,98.5967223826487
2011-12-12,97.1574683629417
2011-12-13,96.250112567909
2011-12-14,95.2254262821393
2011-12-15,95.5695957216344
2011-12-16,95.7104939969441
2011-12-19,94.6871891018374
2011-12-20,97.5524428081362
2011-12-21,97.7413606349252
2011-12-22,98.6072340077078
2011-12-23,99.4888505327228
2011-12-27,99.5675662938849
2011-12-28,98.2608846585947
2011-12-29,99.2763179775853
2011-12-30,98.7882802583805
2012-01-03,100.362595481622
2012-01-04,100.520027003946
2012-01-05,100.787660591897
2012-01-06,100.527898580062
2012-01-09,100.771917439664
2012-01-10,101.645662388563
2012-01-11,101.700763421377
2012-01-12,101.944782280979
2012-01-13,101.417386681193
2012-01-17,101.810965487003
2012-01-18,102.936600871621
2012-01-19,103.479739623639
2012-01-20,103.865446853333
2012-01-23,103.597813265382
2012-01-24,103.479739623639
2012-01-25,104.345612996422
2012-01-26,103.81034582052
2012-01-27,103.763116363822
2012-01-30,103.408895438593
2012-01-31,103.369537558012
2012-02-01,104.274768811376
2012-02-02,104.440071909816
2012-02-03,105.90418506743
2012-02-06,105.833340882385
2012-02-07,106.100974470336
2012-02-08,106.415837514984
2012-02-09,106.549654308959
2012-02-10,105.762496697339
2012-02-13,106.549654308959
2012-02-14,106.415837514984
2012-02-15,105.919928219663
2012-02-16,107.092793060977
2012-02-17,107.376169801161
2012-02-21,107.423399257858
2012-02-22,107.077049908745
2012-02-23,107.549344475717
2012-02-24,107.785491759204
2012-02-27,107.966538009876
2012-02-28,108.281401054524
2012-02-29,107.856335944249
2012-03-01,108.4152178485
2012-03-02,108.084611651619
2012-03-05,107.643803389112
2012-03-06,106.069488165871
2012-03-07,106.809416320794
2012-03-08,107.872079096482
2012-03-09,108.289272630641
2012-03-12,108.297144206757
2012-03-13,110.249295083576
2012-03-14,110.131221441833
2012-03-15,110.768819107245
2012-03-16,110.921441096563
2012-03-19,111.356272120106
2012-03-20,111.032125357101
2012-03-21,110.850286929074
2012-03-22,110.051779049476
2012-03-23,110.407549886921
2012-03-26,111.957129534456
2012-03-27,111.609264715622
2012-03-28,111.05584341293
2012-03-29,110.866098966293
2012-03-30,111.324648045666
2012-04-02,112.138967962484
2012-04-03,111.680418883111
2012-04-04,110.573576277728
2012-04-05,110.518234147459
2012-04-09,109.276989225708
2012-04-10,107.442792908217
2012-04-11,108.312454955303
2012-04-12,109.727632286471
2012-04-13,108.423139215842
2012-04-16,108.351985048353
2012-04-17,109.956906826158
2012-04-18,109.585323951494
2012-04-19,108.881688295215
2012-04-20,109.063526723242
2012-04-23,108.146428564496
2012-04-24,108.55754153221
2012-04-25,110.043873030866
2012-04-26,110.810756836024
2012-04-27,110.992595264051
2012-04-30,110.581482296338
2012-05-01,111.269305915397
2012-05-02,110.937253133782
2012-05-03,110.091309142526
2012-05-04,108.312454955303
2012-05-07,108.391515141402
2012-05-08,107.956684117859
2012-05-09,107.316296610459
2012-05-10,107.537665131536
2012-05-11,107.213518368531
2012-05-14,106.027615577049
2012-05-15,105.418852144089
2012-05-16,105.015645194985
2012-05-17,103.458159528839
2012-05-18,102.572685444533
2012-05-21,104.335727594536
2012-05-22,104.517566022563
2012-05-23,104.572908152832
2012-05-24,104.778464636689
2012-05-25,104.438505836464
2012-05-29,105.703468814044
2012-05-30,104.169701203728
2012-05-31,103.940426664042
2012-06-01,101.323534504173
2012-06-04,101.276098392514
2012-06-05,102.042982197672
2012-06-06,104.335727594536
2012-06-07,104.398975743415
2012-06-08,105.229107697452
2012-06-11,103.892990552383
2012-06-12,105.086799362474
2012-06-13,104.414787780634
2012-06-14,105.521630386017
2012-06-15,106.595473269722
2012-06-18,106.802084444988
2012-06-19,107.835140321316
2012-06-20,107.660315480706
2012-06-21,105.244554046832
2012-06-22,106.055105580566
2012-06-25,104.354536676457
2012-06-26,104.879011198285
2012-06-27,105.824654654308
2012-06-28,105.522684475074
2012-06-29,108.153003667878
2012-07-02,108.478813598105
2012-07-03,109.19400612787
2012-07-05,108.701317940699
2012-07-06,107.668262064371
2012-07-09,107.533170142081
2012-07-10,106.595473269722
2012-07-11,106.61136643705
2012-07-12,106.094838498886
2012-07-13,107.874873239636
2012-07-16,107.620582562386
2012-07-17,108.359614843144
2012-07-18,109.162219793214
2012-07-19,109.44829680512
2012-07-20,108.447027263449
2012-07-23,107.350398717808
2012-07-24,106.428595012777
2012-07-25,106.452434763769
2012-07-26,108.208629753527
2012-07-27,110.203222253206
2012-07-30,110.203222253206
2012-07-31,109.432403637792
2012-08-01,109.337044633823
2012-08-02,108.582119185738
2012-08-03,110.735643358698
2012-08-06,110.950201117628
2012-08-07,111.506461974112
2012-08-08,111.641553896401
2012-08-09,111.73691290037
2012-08-10,111.919684324643
2012-08-13,111.864058238995
2012-08-14,111.879951406323
2012-08-15,112.007096744948
2012-08-16,112.833541446011
2012-08-17,112.984526535628
2012-08-20,112.992473119292
2012-08-21,112.650770021737
2012-08-22,112.698449523722
2012-08-23,111.77664581869
2012-08-24,112.452105430136
2012-08-27,112.475945181128
2012-08-28,112.364693009831
2012-08-29,112.452105430136
2012-08-30,111.641553896401
2012-08-31,112.173975001893
2012-09-04,112.070669414261
2012-09-05,111.975310410292
2012-09-06,114.248033338214
2012-09-07,114.693042023401
2012-09-10,114.041422162948
2012-09-11,114.35928550951
2012-09-12,114.740721525385
2012-09-13,116.488969931479
2012-09-14,117.005497869643
2012-09-17,116.60816868644
2012-09-18,116.512809682471
2012-09-19,116.576382351784
2012-09-20,116.584328935448
2012-09-21,116.536212371362
2012-09-24,116.360453361821
2012-09-25,115.122151249148
2012-09-26,114.475038532203
2012-09-27,115.553559727112
2012-09-28,115.018293652601
2012-10-01,115.321877396353
2012-10-02,115.441713084677
2012-10-03,115.913066792081
2012-10-04,116.743927564455
2012-10-05,116.751916610343
2012-10-08,116.352464315933
2012-10-09,115.20204170803
2012-10-10,114.467049486315
2012-10-11,114.53096185342
2012-10-12,114.155476696674
2012-10-15,115.106173157372
2012-10-16,116.272573857051
2012-10-17,116.799850885673
2012-10-18,116.496267141921
2012-10-19,114.554928991085
2012-10-22,114.570907082861
2012-10-23,112.981086951107
2012-10-24,112.661525115578
2012-10-25,112.989075996995
2012-10-26,112.925163629889
2012-10-31,112.925163629889
2012-11-01,114.107542421345
2012-11-02,113.092933593542
2012-11-05,113.3246159243
2012-11-06,114.211400017892
2012-11-07,111.622949150111
2012-11-08,110.280789440891
2012-11-09,110.37665799155
2012-11-12,110.46453749632
2012-11-13,110.081063293686
2012-11-14,108.595100758478
2012-11-15,108.411352703049
2012-11-16,108.946618777559
2012-11-19,111.151595442706
2012-11-20,111.199529718036
2012-11-21,111.407244911129
2012-11-23,112.925163629889
2012-11-26,112.685492253243
2012-11-27,112.110280949292
2012-11-28,113.01304313466
2012-11-29,113.540320163282
2012-11-30,113.564287300947
2012-12-03,113.005054088772
2012-12-04,112.845273171007
2012-12-05,113.044999318213
2012-12-06,113.428473520847
2012-12-07,113.77200249404
2012-12-10,113.819936769369
2012-12-11,114.594874220526
2012-12-12,114.650797541743
2012-12-13,113.947761503581
2012-12-14,113.524342071505
2012-12-17,114.858512734837
2012-12-18,116.136760076951
2012-12-19,115.273943121024
2012-12-20,115.937033929746
2012-12-21,114.891930913787
2012-12-24,114.537897370808
2012-12-26,114.055124357654
2012-12-27,113.902246236822
2012-12-28,112.671175053279
2012-12-31,114.586174672123
2013-01-02,117.523043835477
2013-01-03,117.257518678242
2013-01-04,117.77247655894
2013-01-07,117.450627883504
2013-01-08,117.112686774296
2013-01-09,117.410396799075
2013-01-10,118.343757957839
2013-01-11,118.335711740953
2013-01-14,118.255249572094
2013-01-15,118.335711740953
2013-01-16,118.319619307181
2013-01-17,119.084009911342
2013-01-18,119.349535068577
2013-01-22,119.993232419449
2013-01-23,120.186341624711
2013-01-24,120.218526492254
2013-01-25,120.89440871067
2013-01-28,120.749576806724
2013-01-29,121.224303602992
2013-01-30,120.749576806724
2013-01-31,120.451866781945
2013-02-01,121.690984182374
2013-02-04,120.323127311771
2013-02-05,121.538106061542
2013-02-06,121.626614447287
2013-02-07,121.465690109569
2013-02-08,122.141572327985
2013-02-11,122.117433677327
2013-02-12,122.318589099475
2013-02-13,122.423189918991
2013-02-14,122.535836955394
2013-02-15,122.391005051448
2013-02-19,123.30827377644
2013-02-20,121.771446351233
2013-02-21,121.03119439773
2013-02-22,122.213988279958
2013-02-25,119.888631599932
2013-02-26,120.709345722294
2013-02-27,122.23008071373
2013-02-28,121.988694207153
2013-03-01,122.391005051448
2013-03-04,123.042748619206
2013-03-05,124.145080332574
2013-03-06,124.314050887178
2013-03-07,124.539344959983
2013-03-08,125.070395274453
2013-03-11,125.545122070721
2013-03-12,125.263504479714
2013-03-13,125.440521251204
2013-03-14,126.108357252734
2013-03-15,125.942379890812
2013-03-18,125.247324723603
2013-03-19,124.956371397795
2013-03-20,125.82923137522
2013-03-21,124.754320477095
2013-03-22,125.756493043768
2013-03-25,125.231160649947
2013-03-26,126.23333321662
2013-03-27,126.23333321662
2013-03-28,126.621270984364
2013-04-01,126.120184701028
2013-04-02,126.742501536784
2013-04-03,125.457457681131
2013-04-04,125.966626001296
2013-04-05,125.400883423335
2013-04-08,126.249497290276
2013-04-09,126.685927278988
2013-04-10,128.237678349965
2013-04-11,128.657944265022
2013-04-12,128.342744828729
2013-04-15,125.368555276023
2013-04-16,127.219341709637
2013-04-17,125.360473239195
2013-04-18,124.576515666879
2013-04-19,125.659508601832
2013-04-22,126.217169142964
2013-04-23,127.518377072273
2013-04-24,127.599197440553
2013-04-25,128.116447797545
2013-04-26,127.890150766361
2013-04-29,128.74684667013
2013-04-30,129.053964069594
2013-05-01,127.922478913673
2013-05-02,129.11053832739
2013-05-03,130.419828293527
2013-05-06,130.751191803475
2013-05-07,131.413918823372
2013-05-08,132.011989548644
2013-05-09,131.640215854556
2013-05-10,132.06856380644
2013-05-13,132.173630285204
2013-05-14,133.539494509137
2013-05-15,134.25879578683
2013-05-16,133.628396914245
2013-05-17,134.921522806726
2013-05-20,134.913440769898
2013-05-21,135.10740965377
2013-05-22,134.105237087097
2013-05-23,133.717299319353
2013-05-24,133.604150803761
2013-05-28,134.404272449734
2013-05-29,133.531412472309
2013-05-30,134.024416718817
2013-05-31,132.100891953752
2013-06-03,132.828275268273
2013-06-04,132.18979435886
2013-06-05,130.339007925247
2013-06-06,131.518985302136
2013-06-07,133.191966925533
2013-06-10,133.191966925533
2013-06-11,131.818020664772
2013-06-12,130.726945692991
2013-06-13,132.71512675268
2013-06-14,131.882676959396
2013-06-17,132.901013599725
2013-06-18,133.951678387365
2013-06-19,132.100891953752
2013-06-20,128.82766703841
2013-06-21,129.239139697397
2013-06-24,127.6060808504
2013-06-25,128.832906153368
2013-06-26,130.108479481619
2013-06-27,130.872198544394
2013-06-28,130.335970266276
2013-07-01,131.09968932905
2013-07-02,130.977819265841
2013-07-03,131.034691962006
2013-07-05,132.448384695227
2013-07-08,133.203979087121
2013-07-09,134.162690251029
2013-07-10,134.211438276313
2013-07-11,136.039489224443
2013-07-12,136.096361920607
2013-07-15,136.616340856964
2013-07-16,136.104486591488
2013-07-17,136.453847439353
2013-07-18,137.201317160366
2013-07-19,137.445057286784
2013-07-22,137.713171425843
2013-07-23,137.420683274142
2013-07-24,136.916953679546
2013-07-25,137.25006518565
2013-07-26,137.3963092615
2013-07-29,136.97382637571
2013-07-30,136.97382637571
2013-07-31,137.071322426277
2013-08-01,138.65563324799
2013-08-02,138.891248703527
2013-08-05,138.688131931513
2013-08-06,137.900038856096
2013-08-07,137.453181957664
2013-08-08,137.95691155226
2013-08-09,137.558802679112
2013-08-12,137.3963092615
2013-08-13,137.802542805529
2013-08-14,137.095696438919
2013-08-15,135.178274111102
2013-08-16,134.73141721267
2013-08-19,133.870202099328
2013-08-20,134.528300440655
2013-08-21,133.699584010836
2013-08-22,134.918284642923
2013-08-23,135.373266212236
2013-08-26,134.86953661764
2013-08-27,132.700249492525
2013-08-28,133.171480403598
2013-08-29,133.382721846493
2013-08-30,132.960238960703
2013-09-03,133.561464605866
2013-09-04,134.666419845625
2013-09-05,134.837037934117
2013-09-06,134.902035301162
2013-09-09,136.193857971174
2013-09-10,137.201317160366
2013-09-11,137.631924717037
2013-09-12,137.266314527411
2013-09-13,137.575052020873
2013-09-16,138.37126976717
2013-09-17,138.988744754094
2013-09-18,140.597429588449
2013-09-19,140.361814132912
2013-09-20,139.385188069712
2013-09-23,138.740188663813
2013-09-24,138.413606686143
2013-09-25,138.013543763496
2013-09-26,138.544239477211
2013-09-27,137.907404620754
2013-09-30,137.172595170995
2013-10-01,138.258480246749
2013-10-02,138.127847455681
2013-10-03,136.854177742767
2013-10-04,137.89107552187
2013-10-07,136.699051303373
2013-10-08,135.10696416223
2013-10-09,135.204938755531
2013-10-10,138.119682906239
2013-10-11,139.009618795391
2013-10-14,139.564808157431
2013-10-15,138.552404026653
2013-10-16,140.487402244349
2013-10-17,141.426325430152
2013-10-18,142.381577714838
2013-10-21,142.389742264279
2013-10-22,143.214361757897
2013-10-23,142.528539604789
2013-10-24,143.002083472411
2013-10-25,143.655247427752
2013-10-28,143.883854812121
2013-10-29,144.651322459647
2013-10-30,143.932842108772
2013-10-31,143.524614636684
2013-11-01,143.867525713238
2013-11-04,144.373727778627
2013-11-05,143.916513009888
2013-11-06,144.651322459647
2013-11-07,142.822463384693
2013-11-08,144.749297052948
2013-11-11,144.773790701273
2013-11-12,144.47986692137
2013-11-13,145.639232942099
2013-11-14,146.365877842416
2013-11-15,147.002712698873
2013-11-18,146.488346084042
2013-11-19,146.169928655814
2013-11-20,145.712713887075
2013-11-21,146.888409006689
2013-11-22,147.623218456447
2013-11-25,147.476256566495
2013-11-26,147.517079313704
2013-11-27,147.876319489141
2013-11-29,147.77834489584
2013-12-02,147.394611072078
2013-12-03,146.75777621562
2013-12-04,146.741447116737
2013-12-05,146.096447710838
2013-12-06,147.72935759919
2013-12-09,148.104926873511
2013-12-10,147.574231159796
2013-12-11,145.916827623119
2013-12-12,145.435119206055
2013-12-13,145.418790107172
2013-12-16,146.325055095207
2013-12-17,145.859675777027
2013-12-18,148.349863356763
2013-12-19,148.178407818487
2013-12-20,149.035889623607
2013-12-23,149.832126751471
2013-12-24,150.160471958837
2013-12-26,150.923874565964
2013-12-27,150.91566593578
2013-12-30,150.891040045227
2013-12-31,151.605190871249
2014-01-02,150.152263328653
2014-01-03,150.127637438101
2014-01-06,149.69258003834
2014-01-07,150.611946618966
2014-01-08,150.644781139703
2014-01-09,150.743284701913
2014-01-10,151.153716211121
2014-01-13,149.142601816001
2014-01-14,150.767910592465
2014-01-15,151.580564980697
2014-01-16,151.383557856277
2014-01-17,150.743284701913
2014-01-21,151.186550731857
2014-01-22,151.285054294067
2014-01-23,150.045551136259
2014-01-24,146.844185364437
2014-01-27,146.121825908231
2014-01-28,146.991940707751
2014-01-29,145.580056316076
2014-01-30,147.123278790698
2014-01-31,146.261372621361
2014-02-03,142.969711917513
2014-02-04,143.971164799981
2014-02-05,143.790574935929
2014-02-06,145.68676850847
2014-02-07,147.492667148985
2014-02-10,147.763551945063
2014-02-11,149.380652091342
2014-02-12,149.454529762999
2014-02-13,150.22614100031
2014-02-14,151.055212648911
2014-02-18,151.235802512962
2014-02-19,150.234349630495
2014-02-20,151.120881690384
2014-02-21,150.948500456517
2014-02-24,151.785780735301
2014-02-25,151.728320324012
2014-02-26,151.736528954196
2014-02-27,152.532766082059
2014-02-28,152.918571700715
2014-03-03,151.84324114659
2014-03-04,153.977484994472
2014-03-05,154.117031707602
2014-03-06,154.470002805521
2014-03-07,154.535671846994
2014-03-10,154.453585545153
2014-03-11,153.690182938026
2014-03-12,153.731226088947
2014-03-13,152.007413750273
2014-03-14,151.580564980697
2014-03-17,152.951406221452
2014-03-18,154.043154035945
2014-03-19,153.222291017529
2014-03-20,154.117031707602
2014-03-21,153.521585882674
2014-03-24,152.886722181655
2014-03-25,153.612280697105
2014-03-26,152.50745295767
2014-03-27,152.185898615596
2014-03-28,152.936192080436
2014-03-31,154.189429516213
2014-04-01,155.211807424346
2014-04-02,155.731241361543
2014-04-03,155.525116783291
2014-04-04,153.686485545276
2014-04-07,151.988019020473
2014-04-08,152.614637738361
2014-04-09,154.255389381253
2014-04-10,151.01511101112
2014-04-11,149.654688794651
2014-04-14,150.833721382257
2014-04-15,151.872589256651
2014-04-16,153.463871000763
2014-04-17,153.678240562146
2014-04-21,154.214164465603
2014-04-22,154.914988031662
2014-04-23,154.552208773937
2014-04-24,154.865518132882
2014-04-25,153.595790730845
2014-04-28,154.082244735521
2014-04-29,154.799558267841
2014-04-30,155.261277323127
2014-05-01,155.277767289387
2014-05-02,155.055152744874
2014-05-05,155.351972137558
2014-05-06,153.99979490422
2014-05-07,154.906743048532
2014-05-08,154.74184338593
2014-05-09,154.972702913573
2014-05-12,156.481534826383
2014-05-13,156.621699539595
2014-05-14,155.879651057885
2014-05-15,154.510983858287
2014-05-16,155.046907761744
2014-05-19,155.615811597722
2014-05-20,154.634658605239
2014-05-21,155.937365939796
2014-05-22,156.316635163781
2014-05-23,156.94325388167
2014-05-27,157.907916907893
2014-05-28,157.792487144071
2014-05-29,158.608740473952
2014-05-30,158.864334950986
2014-06-02,159.045724579848
2014-06-03,158.963274748547
2014-06-04,159.284829090621
2014-06-05,160.323696965015
2014-06-06,161.090480396116
2014-06-09,161.255380058718
2014-06-10,161.271870024978
2014-06-11,160.711211172131
2014-06-12,159.573403500175
2014-06-13,160.059857504852
2014-06-16,160.191777234934
2014-06-17,160.63700632396
2014-06-18,161.816038911566
2014-06-19,161.997428540428
2014-06-20,162.324498776216
2014-06-23,162.27479238688
2014-06-24,161.297233396598
2014-06-25,162.026260440198
2014-06-26,161.91027886508
2014-06-27,162.225085997544
2014-06-30,162.142242015316
2014-07-01,163.227498182494
2014-07-02,163.393186146949
2014-07-03,164.196772774554
2014-07-07,163.625149297185
2014-07-08,162.573030722898
2014-07-09,163.302057766499
2014-07-10,162.655874705126
2014-07-11,162.879553457139
2014-07-14,163.69970888119
2014-07-15,163.393186146949
2014-07-16,163.997947217208
2014-07-17,162.133957617094
2014-07-18,163.79083726164
2014-07-21,163.484314527399
2014-07-22,164.196772774554
2014-07-23,164.561286296354
2014-07-24,164.569570694577
2014-07-25,163.799121659863
2014-07-28,163.865396845645
2014-07-29,163.161222996712
2014-07-30,163.186076191381
2014-07-31,159.963445282738
2014-08-01,159.474665787597
2014-08-04,160.626197140556
2014-08-05,159.068730274683
2014-08-06,159.118436664019
2014-08-07,158.256859248855
2014-08-08,160.087711256079
2014-08-11,160.551637556552
2014-08-12,160.327958804538
2014-08-13,161.413214971716
2014-08-14,162.175379608207
2014-08-15,162.142242015316
2014-08-18,163.500883323844
2014-08-19,164.354176340786
2014-08-20,164.793249446591
2014-08-21,165.273744543509
2014-08-22,165.016928198604
2014-08-25,165.8536524191
2014-08-26,165.961349595996
2014-08-27,165.895074410214
2014-08-28,165.803946029764
2014-08-29,166.27615672846
2014-09-02,166.193312746232
2014-09-03,166.102184365782
2014-09-04,165.861936817323
2014-09-05,166.607532657369
2014-09-08,166.176743949787
2014-09-09,165.1246253755
2014-09-10,165.745955242205
2014-09-11,165.936496401328
2014-09-12,164.967221809268
2014-09-15,164.842955835927
2014-09-16,166.085615569337
2014-09-17,166.309294321351
2014-09-18,167.195724931183
2014-09-19,167.045934726918
2014-09-22,165.755844050153
2014-09-23,164.807003165306
2014-09-24,166.097093842071
2014-09-25,163.417034500663
2014-09-26,164.715448343084
2014-09-29,164.415814379449
2014-09-30,163.983009765308
2014-10-01,161.76072453501
2014-10-02,161.785694031979
2014-10-03,163.566851482481
2014-10-06,163.37541867238
2014-10-07,160.853499478446
2014-10-08,163.666729470359
2014-10-09,160.420694864306
2014-10-10,158.589598419865
2014-10-13,155.984447569366
2014-10-14,156.225819373405
2014-10-15,155.168777335024
2014-10-16,155.035606684519
2014-10-17,156.86670312896
2014-10-20,158.389842444108
2014-10-21,161.527675896626
2014-10-22,160.379079036023
2014-10-23,162.24346814309
2014-10-24,163.491942991572
2014-10-27,163.267217518845
2014-10-28,165.139929791568
2014-10-29,164.890234821872
2014-10-30,165.947276860253
2014-10-31,167.844958629946
2014-11-03,167.936513452168
2014-11-04,167.35389185621
2014-11-05,168.410933894592
2014-11-06,169.085110312772
2014-11-07,169.243250460246
2014-11-10,169.775933062265
2014-11-11,169.942396375396
2014-11-12,169.759286730952
2014-11-13,169.950719541053
2014-11-14,169.992335369336
2014-11-17,170.100536522871
2014-11-18,171.082670070344
2014-11-19,170.808005603677
2014-11-20,171.107639567313
2014-11-21,172.023187789533
2014-11-24,172.505931397613
2014-11-25,172.381083912765
2014-11-26,172.822211692562
2014-11-28,172.455992403674
2014-12-01,171.257456549131
2014-12-02,172.364437581452
2014-12-03,173.030290833976
2014-12-04,172.838858023875
2014-12-05,173.121845656198
2014-12-08,171.964925629938
2014-12-09,171.848401310746
2014-12-10,169.093433478429
2014-12-11,169.950719541053
2014-12-12,167.204074874392
2014-12-15,166.055478013789
2014-12-16,164.723771508741
2014-12-17,167.953159783482
2014-12-18,172.106418613782
2014-12-19,172.834629855722
2014-12-22,173.629675848182
2014-12-23,173.864005193328
2014-12-24,173.880743003696
2014-12-26,174.44145965101
2014-12-29,174.675788996156
2014-12-30,173.738471615571
2014-12-31,172.01447714771
2015-01-02,171.922419190688
2015-01-05,168.8175553675
2015-01-06,167.227463382579
2015-01-07,169.311320773344
2015-01-08,172.315757734326
2015-01-09,170.934888379
2015-01-12,169.595863549593
2015-01-13,169.118835954117
2015-01-14,168.097829521694
2015-01-15,166.557950967876
2015-01-16,168.742235220846
2015-01-20,169.102098143749
2015-01-21,169.955726472496
2015-01-22,172.483135838002
2015-01-23,171.537449552234
2015-01-26,171.939157001056
2015-01-27,169.671183696247
2015-01-28,167.495268348461
2015-01-29,169.043515807463
2015-01-30,166.917813890779
2015-02-02,168.984933471176
2015-02-03,171.428653784844
2015-02-04,170.775879180508
2015-02-05,172.49987364837
2015-02-06,172.022846052894
2015-02-09,171.252906775985
2015-02-10,173.077328106052
2015-02-11,173.177754968257
2015-02-12,174.843167099832
2015-02-13,175.562892945639
2015-02-17,175.839066816704
2015-02-18,175.855804627071
2015-02-19,175.730271049314
2015-02-20,176.784753102473
2015-02-23,176.759646386921
2015-02-24,177.261780697949
2015-02-25,177.111140404641
2015-02-26,176.901917775046
2015-02-27,176.299356601813
2015-03-02,177.412420991257
2015-03-03,176.684326240267
2015-03-04,175.939493678909
2015-03-05,176.13198435637
2015-03-06,173.654782563734
2015-03-09,174.37450840954
2015-03-10,171.545818457417
2015-03-11,171.144111008595
2015-03-12,173.320026356382
2015-03-13,172.25717539804
2015-03-16,174.558624323583
2015-03-17,174.039752202188
2015-03-18,176.131978498137
2015-03-19,175.328563600492
2015-03-20,176.86912003563
2015-03-23,176.524477009089
2015-03-24,175.532577566847
2015-03-25,172.960363759001
2015-03-26,172.548473312646
2015-03-27,172.943551904047
2015-03-30,175.05343970068
2015-03-31,173.523560899934
2015-04-01,172.909928194141
2015-04-02,173.531966827411
2015-04-06,174.700390746662
2015-04-07,174.238064735447
2015-04-08,174.826479658811
2015-04-09,175.59982498666
2015-04-10,176.558100718995
2015-04-13,175.759537608716
2015-04-14,176.095774707781
2015-04-15,176.885931890584
2015-04-16,176.835496325724
2015-04-17,174.801261876381
2015-04-20,176.39838809694
2015-04-21,176.188239910024
2015-04-22,177.054050440116
2015-04-23,177.499564596377
2015-04-24,177.911455042732
2015-04-27,177.171733424789
2015-04-28,177.734930565723
2015-04-29,177.003614875256
2015-04-30,175.229964177689
2015-05-01,177.129703787406
2015-05-04,177.634059436003
2015-05-05,175.59982498666
2015-05-06,174.876915223671
2015-05-07,175.57460720423
2015-05-08,177.886237260302
2015-05-11,177.037238585163
2015-05-12,176.507665154136
2015-05-13,176.541288864042
2015-05-14,178.382186981423
2015-05-15,178.575523313385
2015-05-18,179.130314526842
2015-05-19,179.071473034506
2015-05-20,178.945384122356
2015-05-21,179.466551625907
2015-05-22,179.037849324599
2015-05-26,177.112891932453
2015-05-27,178.794077427777
2015-05-28,178.592335168338
2015-05-29,177.482752741424
2015-06-01,177.844207622919
2015-06-02,177.66768314591
2015-06-03,178.138415084601
2015-06-04,176.633754066285
2015-06-05,176.331140677127
2015-06-08,175.196340467782
2015-06-09,175.221558250212
2015-06-10,177.331446046845
2015-06-11,177.911455042732
2015-06-12,176.465635516753
2015-06-15,175.767943536193
2015-06-16,176.734625196004
2015-06-17,177.02042673021
2015-06-18,178.802483355254
2015-06-19,178.07122650628
2015-06-22,178.983502606212
2015-06-23,179.118654621017
2015-06-24,177.817816478521
2015-06-25,177.2434204156
2015-06-26,177.302549422078
2015-06-29,173.560528012169
2015-06-30,173.915302051032
2015-07-01,175.334398206482
2015-07-02,175.12322318335
2015-07-06,174.574168123205
2015-07-07,175.706066247196
2015-07-08,172.766509925191
2015-07-09,172.994578950174
2015-07-10,175.258375198155
2015-07-13,177.184291409123
2015-07-14,177.995203497952
2015-07-15,177.919180489624
2015-07-16,179.304488641374
2015-07-17,179.47342865988
2015-07-20,179.60013367376
2015-07-21,178.873691594184
2015-07-22,178.476682550694
2015-07-23,177.505277444285
2015-07-24,175.646937240718
2015-07-27,174.633297129682
2015-07-28,176.804176367485
2015-07-29,178.037438502579
2015-07-30,178.079673507205
2015-07-31,177.767134472969
2015-08-03,177.158950406347
2015-08-04,176.81262336841
2015-08-05,177.471489440584
2015-08-06,175.993264278656
2015-08-07,175.630043238868
2015-08-10,177.919180489624
2015-08-11,176.25512130734
2015-08-12,176.474743331398
2015-08-13,176.288909311041
2015-08-14,176.846411372111
2015-08-17,177.860051483147
2015-08-18,177.327890424853
2015-08-19,175.934135272179
2015-08-20,172.327265877075
2015-08-21,166.938079286733
2015-08-24,160.070667534463
2015-08-25,158.153198324419
2015-08-26,164.446214013769
2015-08-27,168.230470428304
2015-08-28,168.298046435706
2015-08-31,166.862056278405
2015-09-01,161.988136744506
2015-09-02,165.062845081316
2015-09-03,165.265573103523
2015-09-04,162.680790820381
2015-09-08,166.794480271002
2015-09-09,164.513790021171
2015-09-10,165.434513122029
2015-09-11,166.186296204381
2015-09-14,165.544324134058
2015-09-15,167.630733362607
2015-09-16,169.058276518983
2015-09-17,168.68660847827
2015-09-18,165.893548493313
2015-09-21,166.810650419873
2015-09-22,164.653762555555
2015-09-23,164.3990120204
2015-09-24,163.830069158552
2015-09-25,163.779119051521
2015-09-28,159.567243536949
2015-09-29,159.711602173537
2015-09-30,162.692183434858
2015-10-01,163.150734398138
2015-10-02,165.587847851126
2015-10-05,168.534462374425
2015-10-06,167.957027828073
2015-10-07,169.332680717913
2015-10-08,170.861183928846
2015-10-09,170.963084142909
2015-10-12,171.124426148507
2015-10-13,170.045982216349
2015-10-14,169.230780503851
2015-10-15,171.829235962438
2015-10-16,172.610470936915
2015-10-19,172.695387781967
2015-10-20,172.474603984832
2015-10-21,171.404651737178
2015-10-22,174.257857730921
2015-10-23,176.219436851619
2015-10-26,175.769377572844
2015-10-27,175.412726823626
2015-10-28,177.425256051355
2015-10-29,177.382797628829
2015-10-30,176.567595916331
2015-11-02,178.656550304607
2015-11-03,179.174543059423
2015-11-04,178.648058620102
2015-11-05,178.452749876483
2015-11-06,178.359341346926
2015-11-09,176.694971183909
2015-11-10,177.102572040158
2015-11-11,176.406253910733
2015-11-12,173.943665404229
2015-11-13,171.990577968036
2015-11-16,174.606016795633
2015-11-17,174.478641528056
2015-11-18,177.246930676746
2015-11-19,177.094080355653
2015-11-20,177.739448378047
2015-11-23,177.535647949923
2015-11-24,177.773415116068
2015-11-25,177.747940062552
2015-11-27,177.951740490677
2015-11-30,177.212963938725
2015-12-01,178.902809155258
2015-12-02,177.077096986643
2015-12-03,174.597525111128
2015-12-04,178.002690597708
2015-12-07,176.924246665549
2015-12-08,175.735410834823
2015-12-09,174.368249629488
2015-12-10,174.818308908263
2015-12-11,171.430126790694
2015-12-14,172.296278610223
2015-12-15,174.105007409827
2015-12-16,176.652512761383
2015-12-17,173.960648773239
2015-12-18,170.879483508955
2015-12-21,172.289098286426
2015-12-22,173.85248922144
2015-12-23,176.005355427032
2015-12-24,175.714889351674
2015-12-28,175.313362718092
2015-12-29,177.18430596819
2015-12-30,175.928467348261
2015-12-31,174.168584656388
2016-01-04,171.733798912549
2016-01-05,172.024262424971
2016-01-06,169.854315105524
2016-01-07,165.779243513405
2016-01-08,163.959554710927
2016-01-11,164.121876551269
2016-01-12,165.446062693042
2016-01-13,161.319734090366
2016-01-14,163.968093559231
2016-01-15,160.448332447045
2016-01-19,160.661910443631
2016-01-20,158.603015139289
2016-01-21,159.491506439585
2016-01-22,162.763523055915
2016-01-25,160.303100263678
2016-01-26,162.4901372401
2016-01-27,160.721718262859
2016-01-28,161.558940592231
2016-01-29,165.497318849286
2016-02-01,165.437511030058
2016-02-02,162.45597074083
2016-02-03,163.429885550953
2016-02-04,163.686181709793
2016-02-05,160.567935270821
2016-02-08,158.406526799677
2016-02-09,158.415065647981
2016-02-10,158.278385127597
2016-02-11,156.219490677567
2016-02-12,159.44025028334
2016-02-16,162.131327914459
2016-02-17,164.779700198004
2016-02-18,164.104786039982
2016-02-19,164.027901378459
2016-02-22,166.402887846189
2016-02-23,164.301287194274
2016-02-24,165.053073199138
2016-02-25,167.05215982994
2016-02-26,166.667721999021
2016-02-29,165.360626368535
2016-03-01,169.247748469346
2016-03-02,170.008085282882
2016-03-03,170.67444777792
2016-03-04,171.229745443173
2016-03-07,171.366437923924
2016-03-08,169.495492965202
2016-03-09,170.332728109254
2016-03-10,170.469407775325
2016-03-11,173.220294079984
2016-03-14,172.998177235094
2016-03-15,172.716252570975
2016-03-16,173.715795886376
2016-03-17,174.817866037571
2016-03-18,175.500977319101
2016-03-21,175.749994119525
2016-03-22,175.655537191093
2016-03-23,174.496300797729
2016-03-24,174.419007551893
2016-03-28,174.522060060812
2016-03-29,176.136406250646
2016-03-30,176.909243393379
2016-03-31,176.479893718691
2016-04-01,177.682067655622
2016-04-04,177.106740808939
2016-04-05,175.337821866621
2016-04-06,177.252717980934
2016-04-07,175.131729729274
2016-04-08,175.60401694753
2016-04-11,175.191844694626
2016-04-12,176.823368306246
2016-04-13,178.609464670348
2016-04-14,178.618047370345
2016-04-15,178.420549954786
2016-04-18,179.674256157072
2016-04-19,180.240988281967
2016-04-20,180.412738456235
2016-04-21,179.442403897943
2016-04-22,179.442403897943
2016-04-25,179.133272132167
2016-04-26,179.399466354376
2016-04-27,179.768713944202
2016-04-28,178.137177452093
2016-04-29,177.175438474288
2016-05-02,178.583704548566
2016-05-03,177.029461302292
2016-05-04,176.041949322215
2016-05-05,176.007606500436
2016-05-06,176.651631012468
2016-05-09,176.797608184464
2016-05-10,178.995876801469
2016-05-11,177.321415646283
2016-05-12,177.372935889847
2016-05-13,175.827274484871
2016-05-16,177.561850605409
2016-05-17,175.904566872007
2016-05-18,175.956087115571
2016-05-19,175.346404566618
2016-05-20,176.454133596909
2016-05-23,176.213699496482
2016-05-24,178.497829461432
2016-05-25,179.708598978851
2016-05-26,179.760118363715
2016-05-27,180.532955506448
2016-05-31,180.189468038404
2016-06-01,180.55871562823
2016-06-02,181.108283211831
2016-06-03,180.567298328227
2016-06-06,181.486112642956
2016-06-07,181.769472265159
2016-06-08,182.361976533627
2016-06-09,182.112959733203
2016-06-10,180.386978334453
2016-06-13,178.995876801469
2016-06-14,178.643806633427
2016-06-15,178.394789833004
2016-06-16,178.92717913612
2016-06-17,178.264650511808
2016-06-20,179.41268623289
2016-06-21,179.921961018414
2016-06-22,179.628482096559
2016-06-23,181.967702353255
2016-06-24,175.433409643664
2016-06-27,172.291422731838
2016-06-28,175.39887540001
2016-06-29,178.385496195462
2016-06-30,180.819666632173
2016-07-01,181.199469078596
2016-07-05,179.89606724114
2016-07-06,180.975046559482
2016-07-07,180.862828394457
2016-07-08,183.555956457119
2016-07-11,184.203344048124
2016-07-12,185.541280992418
2016-07-13,185.515386351961
2016-07-14,186.551203908018
2016-07-15,186.300886748447
2016-07-18,186.801534878525
2016-07-19,186.61163279213
2016-07-20,187.388492722235
2016-07-21,186.68068919487
2016-07-22,187.517978009087
2016-07-25,187.008690275812
2016-07-26,187.09501380038
2016-07-27,186.896485058539
2016-07-28,187.112280922207
2016-07-29,187.414387362691
2016-08-01,187.259020383134
2016-08-02,186.059196244322
2016-08-03,186.602993188932
2016-08-04,186.801534878525
2016-08-05,188.329360098278
2016-08-08,188.217154881005
2016-08-09,188.329360098278
2016-08-10,187.863246211855
2016-08-11,188.735057185158
2016-08-12,188.571063550155
2016-08-15,189.114859631581
2016-08-16,188.139471822818
2016-08-17,188.493366681033
2016-08-18,188.916331752923
2016-08-19,188.64010614196
2016-08-22,188.631479486514
2016-08-23,189.011281932937
2016-08-24,188.044520779621
2016-08-25,187.915035492769
2016-08-26,187.561126823619
2016-08-29,188.484740025587
2016-08-30,188.173993118721
2016-08-31,187.638823692741
2016-09-01,187.647450348187
2016-09-02,188.493366681033
2016-09-06,189.063071213851
2016-09-07,189.045804092023
2016-09-08,188.614212364687
2016-09-09,184.099766349481
2016-09-12,186.74110513123
2016-09-13,184.056604587197
2016-09-14,183.987548184456
2016-09-15,185.826133258827
2016-09-16,185.111472602099
2016-09-19,185.146182847592
2016-09-20,185.154853251587
2016-09-21,187.237007306324
2016-09-22,188.416878033594
2016-09-23,187.384490930342
2016-09-26,185.866259292132
2016-09-27,187.020117072294
2016-09-28,187.948400333454
2016-09-29,186.247975693294
2016-09-30,187.653433085417
2016-10-03,187.202297928391
2016-10-04,186.247975693294
2016-10-05,187.072168993339
2016-10-06,187.202297928391
2016-10-07,186.560297630297
2016-10-10,187.531975421922
2016-10-11,185.163524523144
2016-10-12,185.406453731111
2016-10-13,184.799150665095
2016-10-14,184.894582368069
2016-10-17,184.252595950949
2016-10-18,185.406453731111
2016-10-19,185.900956524211
2016-10-20,185.553937355129
2016-10-21,185.640685640693
2016-10-24,186.430168695245
2016-10-25,185.805523953677
2016-10-26,185.432478824072
2016-10-27,184.937963017557
2016-10-28,184.391395289997
2016-10-31,184.400079574968
2016-11-01,183.064028792856
2016-11-02,181.962235079593
2016-11-03,181.129371375552
2016-11-04,180.929835830488
2016-11-07,184.920608328591
2016-11-08,185.753472900193
2016-11-09,187.722839695429
2016-11-10,188.191316528007
2016-11-11,187.757536059947
2016-11-14,187.905019683966
2016-11-15,189.371200268691
2016-11-16,189.015496814638
2016-11-17,189.987173738702
2016-11-18,189.562064542198
2016-11-21,190.993534881431
2016-11-22,191.36659302445
2016-11-23,191.470695998979
2016-11-25,192.182102039524
2016-11-28,191.279831725472
2016-11-29,191.652889868491
2016-11-30,191.193083439908
2016-12-01,190.490360816773
2016-12-02,190.585780373893
2016-12-05,191.730966882498
2016-12-06,192.338256935099
2016-12-07,194.854191457895
2016-12-08,195.33133956203
2016-12-09,196.511223302714
2016-12-12,196.285661797128
2016-12-13,197.595674472864
2016-12-14,195.964668588568
2016-12-15,196.771494186233
2016-12-16,196.388834746334
2016-12-19,196.816455215371
2016-12-20,197.575686061441
2016-12-21,197.025903774513
2016-12-22,196.685557829149
2016-12-23,196.973545343635
2016-12-27,197.462245848934
2016-12-28,195.83031776376
2016-12-29,195.786694028528
2016-12-30,195.071086917689
2017-01-03,196.563382048312
2017-01-04,197.732776189706
2017-01-05,197.575686061441
2017-01-06,198.282571566896
2017-01-09,197.628058455266
2017-01-10,197.628058455266
2017-01-11,198.18657543784
2017-01-12,197.689139364211
2017-01-13,198.142938612345
2017-01-17,197.44478867522
2017-01-18,197.881130749641
2017-01-19,197.148079555351
2017-01-20,197.872408271573
2017-01-23,197.357515024231
2017-01-24,198.62291751226
2017-01-25,200.34210615816
2017-01-26,200.132657599018
2017-01-27,199.818490432751
2017-01-30,198.579280686766
2017-01-31,198.561823513052
2017-02-01,198.640361595711
2017-02-02,198.771272072195
2017-02-03,200.141379204401
2017-02-06,199.783576085324
2017-02-07,199.79231078097
2017-02-08,200.054118643675
2017-02-09,201.240969958782
2017-02-10,202.035102934702
2017-02-13,203.134692816398
2017-02-14,203.946282966031
2017-02-15,205.010958500301
2017-02-16,204.836424288585
2017-02-17,205.159313060236
2017-02-21,206.38107872277
2017-02-22,206.197809815409
2017-02-23,206.337441897276
2017-02-24,206.59924975998
2017-02-27,206.922139404315
2017-02-28,206.363621549057
2017-03-01,209.252204336351
2017-03-02,207.934455635023
2017-03-03,208.065353021244
2017-03-06,207.445755129724
2017-03-07,206.826143275258
2017-03-08,206.4421605044
2017-03-09,206.703968367105
2017-03-10,207.428297083327
2017-03-13,207.533015690451
2017-03-14,206.738869624269
2017-03-15,208.527874747445
2017-03-16,208.117712324806
2017-03-17,207.753908629521
2017-03-20,207.526026177081
2017-03-21,204.861496172737
2017-03-22,205.343567106754
2017-03-23,205.124445150139
2017-03-24,204.975443972616
2017-03-27,204.765081635339
2017-03-28,206.255121458176
2017-03-29,206.447936509168
2017-03-30,207.105302379013
2017-03-31,206.623244592314
2017-04-03,206.263881954001
2017-04-04,206.395349869044
2017-04-05,205.781811019984
2017-04-06,206.360295614912
2017-04-07,206.149934154122
2017-04-10,206.272641573339
2017-04-11,206.027226734906
2017-04-12,205.124445150139
2017-04-13,203.792180147967
2017-04-17,205.59775558833
2017-04-18,204.984203591954
2017-04-19,204.60731996199
2017-04-20,206.272641573339
2017-04-21,205.615275703493
2017-04-24,207.876616048738
2017-04-25,209.086173631693
2017-04-26,208.954692569334
2017-04-27,209.13000065248
2017-04-28,208.674223476769
2017-05-01,209.200108284255
2017-05-02,209.279001830002
2017-05-03,209.024813348426
2017-05-04,209.270229063347
2017-05-05,210.094129373196
2017-05-08,210.059075995552
2017-05-09,209.866246920755
2017-05-10,210.243130550719
2017-05-11,209.813660280631
2017-05-12,209.463057261656
2017-05-15,210.620027328
2017-05-16,210.42719912969
2017-05-17,206.693365371406
2017-05-18,207.526026177081
2017-05-19,208.875812170903
2017-05-22,209.936367699848
2017-05-23,210.400905371384
2017-05-24,210.891736801227
2017-05-25,211.89969254273
2017-05-26,211.855878669261
2017-05-30,211.671810090289
2017-05-31,211.619222573677
2017-06-01,213.302078323994
2017-06-02,214.012030833964
2017-06-05,213.854269160616
2017-06-06,213.170610408952
2017-06-07,213.565027301396
2017-06-08,213.670201458132
2017-06-09,213.345905344781
2017-06-12,213.302078323994
2017-06-13,214.345100590458
2017-06-14,214.073391117231
2017-06-15,213.661440962306
2017-06-16,213.707985095355
2017-06-19,215.487127859168
2017-06-20,214.033863351122
2017-06-21,213.981019418783
2017-06-22,213.884134765942
2017-06-23,214.13956354646
2017-06-26,214.280474827619
2017-06-27,212.554190088329
2017-06-28,214.45663770963
2017-06-29,212.571808842663
2017-06-30,212.96814890434
2017-07-03,213.329264668773
2017-07-05,213.822488502529
2017-07-06,211.86719694889
2017-07-07,213.241183227768
2017-07-10,213.47018035374
2017-07-11,213.311643272155
2017-07-12,214.914629319289
2017-07-13,215.275741560676
2017-07-14,216.279809744045
2017-07-17,216.253386897115
2017-07-18,216.367885900481
2017-07-19,217.539298781079
2017-07-20,217.636182553159
2017-07-21,217.442415009
2017-07-24,217.389569315138
2017-07-25,217.918026253754
2017-07-26,217.926833869397
2017-07-27,217.724258709594
2017-07-28,217.46883785593
2017-07-31,217.34553123692
2017-08-01,217.829950097318
2017-08-02,217.935641485041
2017-08-03,217.512875934148
2017-08-04,217.90921863811
2017-08-07,218.314368957715
2017-08-08,217.777104403456
2017-08-09,217.768296787812
2017-08-10,214.694438928199
2017-08-11,215.011513091368
2017-08-14,217.142956077117
2017-08-15,217.116533230187
2017-08-16,217.495260702861
2017-08-17,214.104328680078
2017-08-18,213.769639285622
2017-08-21,213.93698398285
2017-08-22,216.174118356322
2017-08-23,215.399048179686
2017-08-24,214.897014088001
2017-08-25,215.399048179686
2017-08-28,215.40785579533
2017-08-29,215.65446903335
2017-08-30,216.676152448007
2017-08-31,217.979679563259
2017-09-01,218.287946110784
2017-09-05,216.720190526225
2017-09-06,217.460030240287
2017-09-07,217.433607393356
2017-09-08,217.178186539692
2017-09-11,219.494589453956
2017-09-12,220.234429168018
2017-09-13,220.340120555741
2017-09-14,220.269659630593
2017-09-15,220.564339550226
2017-09-18,221.033455887004
2017-09-19,221.254737177937
2017-09-20,221.334398442673
2017-09-21,220.741364582973
2017-09-22,220.785620841159
2017-09-25,220.334207007656
2017-09-26,220.466975782216
2017-09-27,221.325547191035
2017-09-28,221.591084740155
2017-09-29,222.369994884239
2017-10-02,223.334781312706
2017-10-03,223.812748901121
2017-10-04,224.07828645024
2017-10-05,225.405974195837
2017-10-06,225.149287898355
2017-10-09,224.777535329588
2017-10-10,225.370569189288
2017-10-11,225.724619254781
2017-10-12,225.388271692563
2017-10-13,225.662660493319
2017-10-16,225.963603048988
2017-10-17,226.12292557846
2017-10-18,226.344206869393
2017-10-19,226.406165630854
2017-10-20,227.574530846979
2017-10-23,226.689405683248
2017-10-24,227.087712006927
2017-10-25,225.963603048988
2017-10-26,226.255694353019
2017-10-27,228.105605945218
2017-10-30,227.255885788036
2017-10-31,227.609935853528
2017-11-01,227.910878409197
2017-11-02,227.99939092557
2017-11-03,228.760598566379
2017-11-06,229.114648631872
2017-11-07,228.9553261024
2017-11-08,229.344781174442
2017-11-09,228.512763520534
2017-11-10,228.441953507436
2017-11-13,228.654383546731
2017-11-14,228.123308448493
2017-11-15,226.981496987279
2017-11-16,228.911069844214
2017-11-17,228.238374719778
2017-11-20,228.62782979182
2017-11-21,230.123691318526
2017-11-22,229.920112530867
2017-11-24,230.451187629106
2017-11-27,230.336121357821
2017-11-28,232.672851790072
2017-11-29,232.531231763875
2017-11-30,234.567019640457
2017-12-01,234.080200800405
2017-12-04,233.796960748011
2017-12-05,232.956091842466
2017-12-06,233.000348100653
2017-12-07,233.73500198655
2017-12-08,235.009582222323
2017-12-11,235.717682353308
2017-12-12,236.133691180262
2017-12-13,236.10713742535
2017-12-14,235.142350996883
2017-12-15,237.090806228935
2017-12-18,238.594252488088
2017-12-19,237.677950921859
2017-12-20,237.553405077905
2017-12-21,238.042692322008
2017-12-22,237.980419400031
2017-12-26,237.695743185281
2017-12-27,237.811392897523
2017-12-28,238.300680141626
2017-12-29,237.402170838819
2018-01-02,239.101331995613
2018-01-03,240.613674386477
2018-01-04,241.627833401527
2018-01-05,243.238033241212
2018-01-08,243.68283982676
2018-01-09,244.23439999284
2018-01-10,243.860762460979
2018-01-11,245.639988803173
2018-01-12,247.241292511146
2018-01-16,246.396159998605
2018-01-17,248.744738770299
2018-01-18,248.326620579884
2018-01-19,249.456429307177
2018-01-22,251.484747337277
2018-01-23,252.018515239935
2018-01-24,251.920657791114
2018-01-25,252.027411371646
2018-01-26,254.945342572842
2018-01-29,253.255077547759
2018-01-30,250.657407088157
2018-01-31,250.78195293211
2018-02-01,250.49727671736
2018-02-02,245.043947978538
2018-02-05,234.795604247506
2018-02-06,239.421592737208
2018-02-07,238.122757507407
2018-02-08,229.191041269598
2018-02-09,232.633844241741
2018-02-12,236.049958818752
2018-02-13,236.637103511676
2018-02-14,239.830814795912
2018-02-15,242.891084104484
2018-02-16,242.962253158172
2018-02-20,241.441014635597
2018-02-21,240.240036854617
2018-02-22,240.5514014645
2018-02-23,244.385634231926
2018-02-26,247.223500247724
2018-02-27,244.136542544019
2018-02-28,241.663417928371
2018-03-01,238.14944590254
2018-03-02,239.377112078653
2018-03-05,242.143809040763
2018-03-06,242.75764212882
2018-03-07,242.66868081171
2018-03-08,243.842970197558
2018-03-09,248.086425023688
2018-03-12,247.775060413804
2018-03-13,246.17375670583
2018-03-14,244.910506002873
2018-03-15,244.643622051544
2018-03-16,244.907641448462
2018-03-19,241.593974964969
2018-03-20,242.00483388206
2018-03-21,241.540384671436
2018-03-22,235.502544933319
2018-03-23,230.48292077234
2018-03-26,236.788711978125
2018-03-27,232.760508247518
2018-03-28,232.07276614717
2018-03-29,235.038095722695
2018-04-02,229.964881268182
2018-04-03,232.912347412529
2018-04-04,235.404296061841
2018-04-05,237.262092904338
2018-04-06,231.974517275692
2018-04-09,233.117776871075
2018-04-10,236.824438840481
2018-04-11,235.582930373619
2018-04-12,237.521112656417
2018-04-13,236.824438840481
2018-04-16,238.771552838867
2018-04-17,241.326023497301
2018-04-18,241.50465780908
2018-04-19,240.164900470741
2018-04-20,238.128469316465
2018-04-23,238.092742454109
2018-04-24,234.886256557683
2018-04-25,235.466818070963
2018-04-26,237.860517848797
2018-04-27,238.08381073852
2018-04-30,236.252809042789
2018-05-01,236.672599675469
2018-05-02,235.082754300639
2018-05-03,234.564714796481
2018-05-04,237.601498096718
2018-05-07,238.405352499721
2018-05-08,238.405352499721
2018-05-09,240.709735121665
2018-05-10,242.960527450076
2018-05-11,243.701859843957
2018-05-14,243.817972146613
2018-05-15,242.138809615894
2018-05-16,243.157025193032
2018-05-17,242.951595734487
2018-05-18,242.344239074439
2018-05-21,244.166309054581
2018-05-22,243.487498669823
2018-05-23,244.157377338992
2018-05-24,243.657201266012
2018-05-25,243.076639752732
2018-05-29,240.281012773397
2018-05-30,243.487498669823
2018-05-31,241.995902166471
2018-06-01,244.371738513127
2018-06-04,245.532861539688
2018-06-05,245.711495851466
2018-06-06,247.76579043692
2018-06-07,247.738995290153
2018-06-08,248.471395968446
2018-06-11,248.801869445236
2018-06-12,249.123411206437
2018-06-13,248.328488519023
2018-06-14,248.953708610248
2018-06-15,248.637168609776
2018-06-18,248.125772564211
2018-06-19,247.174755356668
2018-06-20,247.596432797748
2018-06-21,246.044300940154
2018-06-22,246.49289396258
2018-06-25,243.137418154835
2018-06-26,243.675729781746
2018-06-27,241.657061180829
2018-06-28,243.038727689901
2018-06-29,243.388630247393
2018-07-02,243.908998153407
2018-07-03,243.047699550349
2018-07-05,245.030480709472
2018-07-06,247.10298047308
2018-07-09,249.328001864312
2018-07-10,250.225187909164
2018-07-11,248.394928377666
2018-07-12,250.646865350244
2018-07-13,250.844246280111
2018-07-16,250.619949768899
2018-07-17,251.633769999581
2018-07-18,252.163109766044
2018-07-19,251.212092558501
2018-07-20,250.924993024148
2018-07-23,251.391529767471
2018-07-24,252.656562090712
2018-07-25,254.809808598356
2018-07-26,254.208693948306
2018-07-27,252.48609674219
2018-07-30,251.167233256258
2018-07-31,252.405349998154
2018-08-01,251.983672557073
2018-08-02,253.356367205696
2018-08-03,254.441962319967
2018-08-06,255.375035806613
2018-08-07,256.218390688774
2018-08-08,256.110728363391
2018-08-09,255.760825805899
2018-08-10,254.047200460232
2018-08-13,253.096183252689
2018-08-14,254.711118133423
2018-08-15,252.809083718337
2018-08-16,254.854667900599
2018-08-17,255.751853945451
2018-08-20,256.29913743281
2018-08-21,256.900252082861
2018-08-22,256.747730455236
2018-08-23,256.406799758193
2018-08-24,257.949959755338
2018-08-27,259.986572077151
2018-08-28,260.11217812343
2018-08-29,261.511788353399
2018-08-30,260.453108820474
2018-08-31,260.462080680923
2018-09-04,260.013487658497
2018-09-05,259.313682543512
2018-09-06,258.533130684491
2018-09-07,258.030706499374
2018-09-10,258.4792995218
2018-09-11,259.331626264409
2018-09-12,259.394429287549
2018-09-13,260.928617424246
2018-09-14,260.973476726488
2018-09-17,259.591810217416
2018-09-18,261.000392307834
2018-09-19,261.278519981738
2018-09-20,263.395879047588
2018-09-21,263.155971499195
2018-09-24,262.28175905235
2018-09-25,262.038421567146
2018-09-26,261.254334114821
2018-09-27,261.984346570434
2018-09-28,262.01138406879
2018-10-01,262.921646513442
2018-10-02,262.768434022758
2018-10-03,262.91263401399
2018-10-04,260.857784138932
2018-10-05,259.397759227707
2018-10-08,259.397759227707
2018-10-09,259.019234250723
2018-10-10,250.817859749395
2018-10-11,245.293197585314
2018-10-12,248.699922378173
2018-10-15,247.302984963112
2018-10-16,252.710484634317
2018-10-17,252.755547131577
2018-10-18,249.105484853513
2018-10-19,248.970297361733
2018-10-22,247.852747429684
2018-10-23,246.590997506403
2018-10-24,239.119635460688
2018-10-25,243.409585199844
2018-10-26,239.12864796014
2018-10-29,237.803810540695
2018-10-30,241.32769782643
2018-10-31,243.905272669705
2018-11-01,246.500872511883
2018-11-02,245.040847600658
2018-11-05,246.392722518459
2018-11-06,247.951884923656
2018-11-07,253.260247100889
2018-11-08,252.800609628837
2018-11-09,250.331184778987
2018-11-12,245.653697563394
2018-11-13,245.194060091342
2018-11-14,243.517735193268
2018-11-15,246.059260038735
2018-11-16,246.699147499827
2018-11-19,242.526360253547
2018-11-20,238.038135526447
2018-11-21,238.849260477128
2018-11-23,237.254048074122
2018-11-26,241.084360341226
2018-11-27,241.895485291907
2018-11-28,247.465209953248
2018-11-29,246.924459986127
2018-11-30,248.429547394613
2018-12-03,251.719109694596
2018-12-04,243.562797690528
2018-12-06,243.193285212996
2018-12-07,237.542448056587
2018-12-10,237.993073029187
2018-12-11,238.047148025899
2018-12-12,239.245810453016
2018-12-13,239.164697957948
2018-12-14,234.748573226464
2018-12-17,230.143186006488
2018-12-18,229.890836021831
2018-12-19,226.448061231164
2018-12-20,222.761948955293
2018-12-21,218.224515981185
2018-12-24,212.458384192068
2018-12-26,223.192818214574
2018-12-27,224.906338510397
2018-12-28,224.61621867195
2018-12-31,226.583593826413
2019-01-02,226.819316195151
2019-01-03,221.40676795914
2019-01-04,228.822956329419
2019-01-07,230.627139074756
2019-01-08,232.79397161815
2019-01-09,233.881921012323
2019-01-10,234.706949302904
2019-01-11,234.797611752419
2019-01-14,233.365145050091
2019-01-15,236.039687310766
2019-01-16,236.610860742707
2019-01-17,238.405977243092
2019-01-18,241.579162976097
2019-01-22,238.315314793578
2019-01-23,238.813958265907
2019-01-24,238.940885695227
2019-01-25,240.962658319399
2019-01-28,239.131276839207
2019-01-29,238.813958265907
2019-01-30,242.594582410658
2019-01-31,244.725149974247
2019-02-01,244.843011158615
2019-02-04,246.565597699389
2019-02-05,247.599149623853
2019-02-06,247.272764805602
2019-02-07,244.915541118227
2019-02-08,245.214727201624
2019-02-11,245.350720875896
2019-02-12,248.505774118997
2019-02-13,249.312669919676
2019-02-14,248.759628977638
2019-02-15,251.470436218119
2019-02-19,251.905615975788
2019-02-20,252.413325693069
2019-02-21,251.515767442876
2019-02-22,253.075161574524
2019-02-25,253.419678882678
2019-02-26,253.23835398365
2019-02-27,253.129559044232
2019-02-28,252.658114306757
2019-03-01,254.235640928308
2019-03-04,253.310883943261
2019-03-05,252.966366635106
2019-03-06,251.434171238313
2019-03-07,249.330802409579
2019-03-08,248.832158937249
2019-03-11,252.440524427923
2019-03-12,253.392480147824
2019-03-13,255.069735463841
2019-03-14,254.906543054715
2019-03-15,256.160495393949
2019-03-18,257.089305977653
2019-03-19,257.153047880456
2019-03-20,256.379039060703
2019-03-21,259.274742645192
2019-03-22,254.284662254311
2019-03-25,254.093436545901
2019-03-26,255.987481657768
2019-03-27,254.648901698901
2019-03-28,255.614136227064
2019-03-29,257.225895769374
2019-04-01,260.276401117814
2019-04-02,260.403884923421
2019-04-03,260.813654298584
2019-04-04,261.505709243305
2019-04-05,262.771441313255
2019-04-08,262.971773007779
2019-04-09,261.624087062797
2019-04-10,262.516473702042
2019-04-11,262.443625813124
2019-04-12,264.2192931055
2019-04-15,264.04627936932
2019-04-16,264.2192931055
2019-04-17,263.572768091353
2019-04-18,264.091809299893
2019-04-22,264.319458952762
2019-04-23,266.696121328711
2019-04-24,266.104232231252
2019-04-25,265.940324481187
2019-04-26,267.178738592793
2019-04-29,267.597613954071
2019-04-30,267.734203745792
2019-05-01,265.721780814433
2019-05-02,265.148103689204
2019-05-03,267.743309731907
2019-05-06,266.641485412022
2019-05-07,262.188658201911
2019-05-08,261.824418757321
2019-05-09,261.032197965338
2019-05-10,262.343459965862
2019-05-13,255.750726018785
2019-05-14,258.063646491931
2019-05-15,259.575240186979
2019-05-16,261.979220521272
2019-05-17,260.285507103929
2019-05-20,258.564475728242
2019-05-21,260.895608173617
2019-05-22,260.094281395519
2019-05-23,256.916292241473
2019-05-24,257.499075352816
2019-05-28,255.104201004638
2019-05-29,253.392275615065
2019-05-30,254.084330559786
2019-05-31,250.660479780641
2019-06-03,250.023060752609
2019-06-04,255.450228476998
2019-06-05,257.662983102882
2019-06-06,259.338484547995
2019-06-07,261.933690590698
2019-06-10,263.135680757845
2019-06-11,263.071938855042
2019-06-12,262.607533563189
2019-06-13,263.691145910844
2019-06-14,263.399754355172
2019-06-17,263.499920202435
2019-06-18,266.259033995203
2019-06-19,266.860029078776
2019-06-20,269.409705190906
2019-06-21,269.01960474575
2019-06-24,268.690192984837
2019-06-25,266.054898897531
2019-06-26,265.789539423462
2019-06-27,266.732023072742
2019-06-28,268.104572076547
2019-07-01,270.538558976627
2019-07-02,271.243134131914
2019-07-03,273.411761557925
2019-07-05,273.100650450396
2019-07-08,271.599996872903
2019-07-09,271.938558960508
2019-07-10,273.237905350777
2019-07-11,273.878428219219
2019-07-12,275.104571995951
2019-07-15,275.196075262872
2019-07-16,274.308493573744
2019-07-17,272.44182692857
2019-07-18,273.439212538001
2019-07-19,271.920258307124
2019-07-22,272.588232155642
2019-07-23,274.537251741045
2019-07-24,275.827447804622
2019-07-25,274.509800760969
2019-07-26,276.349016426068
2019-07-29,275.845748458006
2019-07-30,275.168624282796
2019-07-31,272.158166801117
2019-08-01,269.78823218788
2019-08-02,267.756859662249
2019-08-05,259.704572173261
2019-08-06,263.34640219669
2019-08-07,263.501957750454
2019-08-08,268.671892331453
2019-08-09,266.841826993046
2019-08-12,263.593461017375
2019-08-13,267.692807375405
2019-08-14,259.777774786797
2019-08-15,260.4640492887
2019-08-16,264.307186499353
2019-08-19,267.49150018818
2019-08-20,265.441827009165
2019-08-21,267.601304108485
2019-08-22,267.518951168256
2019-08-23,260.64705582254
2019-08-26,263.52940873053
2019-08-27,262.495421814331
2019-08-28,264.343787806121
2019-08-29,267.720258355481
2019-08-30,267.601304108485
2019-09-03,266.036598244147
2019-09-04,269.056206052518
2019-09-05,272.515029542106
2019-09-06,272.725487056023
2019-09-09,272.862741956403
2019-09-10,272.798689669559
2019-09-11,274.73855892827
2019-09-12,275.690192904241
2019-09-13,275.507186370401
2019-09-16,274.656205988042
2019-09-17,275.351630816636
2019-09-18,275.516336697093
2019-09-19,275.498036043709
2019-09-20,274.20200115667
2019-09-23,274.137651753153
2019-09-24,271.986543121309
2019-09-25,273.595278209227
2019-09-26,273.025326349507
2019-09-27,271.554482840554
2019-09-30,272.813892595095
2019-10-01,269.568844103466
2019-10-02,264.806988243229
2019-10-03,266.976482418936
2019-10-04,270.589241787803
2019-10-07,269.421759752571
2019-10-08,265.239048523984
2019-10-09,267.757868033067
2019-10-10,269.568844103466
2019-10-11,272.363446770478
2019-10-14,272.060085296756
2019-10-15,274.753567472528
2019-10-16,274.312314419841
2019-10-17,275.121278349766
2019-10-18,273.91702522681
2019-10-21,275.773965156864
2019-10-22,274.87307350763
2019-10-23,275.672844665624
2019-10-24,276.123290490241
2019-10-25,277.254001437749
2019-10-28,278.816772666012
2019-10-29,278.734037718633
2019-10-30,279.588965508212
2019-10-31,278.844350981805
2019-11-01,281.427519894404
2019-11-04,282.558230841912
2019-11-05,282.24567659626
2019-11-06,282.310025999777
2019-11-07,283.30284536832
2019-11-08,284.001496035073
2019-11-11,283.459122491147
2019-11-12,284.056652666659
2019-11-13,284.148580385969
2019-11-14,284.562255122862
2019-11-15,286.621436035397
2019-11-18,286.832869789809
2019-11-19,286.75013484243
2019-11-20,285.683773298439
2019-11-21,285.224134701891
2019-11-22,285.858435965127
2019-11-25,288.073894000488
2019-11-26,288.726580807586
2019-11-27,290.013568877921
2019-11-29,288.938014561999
2019-12-02,286.483544456432
2019-12-03,284.562255122862
2019-12-04,286.318074561675
2019-12-05,286.832869789809
2019-12-06,289.452809790132
2019-12-09,288.542725368967
2019-12-10,288.220978351384
2019-12-11,289.039135053239
2019-12-12,291.530376246529
2019-12-13,291.705038913217
2019-12-16,293.709063194167
2019-12-17,293.773412597683
2019-12-18,293.791798141545
2019-12-19,294.996051264501
2019-12-20,296.283039334835
2019-12-23,296.735690129192
2019-12-24,296.744927900506
2019-12-26,298.324586795098
2019-12-27,298.250684624591
2019-12-30,296.606361330805
2019-12-31,297.32690749325
2020-01-02,300.107476658585
2020-01-03,297.834984915487
2020-01-06,298.971230787036
2020-01-07,298.130593597516
2020-01-08,299.719490263422
2020-01-09,301.751799952371
2020-01-10,300.883449448911
2020-01-13,302.952710223114
2020-01-14,302.490821657444
2020-01-15,303.174416734635
2020-01-16,305.696328303195
2020-01-17,306.647818748476
2020-01-21,306.047363613104
2020-01-22,306.084314698358
2020-01-23,306.435350008267
2020-01-24,303.710207470813
2020-01-27,298.841901988649
2020-01-28,301.973506463893
2020-01-29,301.724086638431
2020-01-30,302.703290397652
2020-01-31,297.206816466176
2020-02-03,299.41464381008
2020-02-04,303.978102838902
2020-02-05,307.488455937996
2020-02-06,308.523086325097
2020-02-07,306.878763031311
2020-02-10,309.169730317035
2020-02-11,309.705521053213
2020-02-12,311.700879656908
2020-02-13,311.368319889626
2020-02-14,311.867159540549
2020-02-18,311.063473436283
2020-02-19,312.550754617741
2020-02-20,311.266704405178
2020-02-21,308.061197759427
2020-02-24,297.844222686801
2020-02-25,288.818920113604
2020-02-26,287.756576412563
2020-02-27,274.832934345109
2020-02-28,273.678212930934
2020-03-02,285.530273526032
2020-03-03,277.354845913669
2020-03-04,289.012913311186
2020-03-05,279.405631145245
2020-03-06,274.786745488542
2020-03-09,253.327402727503
2020-03-10,266.435800221224
2020-03-11,253.447493754577
2020-03-12,229.198344056889
2020-03-13,248.791657012621
2020-03-16,221.567944952017
2020-03-17,233.530858802876
2020-03-18,221.706511521718
2020-03-19,222.177637858701
2020-03-20,212.658630911654
2020-03-23,207.221336371299
2020-03-24,225.996267946541
2020-03-25,229.379473438318
2020-03-26,242.772877596696
2020-03-27,235.541740584053
2020-03-30,243.191131022877
2020-03-31,239.566267995974
2020-04-01,228.784624121082
2020-04-02,234.063911811546
2020-04-03,230.68070631977
2020-04-06,246.174672129636
2020-04-07,246.425624185345
2020-04-08,254.697747503149
2020-04-09,258.573562585761
2020-04-13,256.212754357983
2020-04-14,263.769199590989
2020-04-15,258.164603680162
2020-04-16,259.410069438123
2020-04-17,266.418137956803
2020-04-20,261.724405062992
2020-04-21,253.777589965551
2020-04-22,259.410069438123
2020-04-23,259.39148039696
2020-04-24,263.007048903281
2020-04-27,266.799213300657
2020-04-28,265.572336583859
2020-04-29,272.524637979047
2020-04-30,269.987233860215
2020-05-01,262.839747532809
2020-05-04,263.564720138189
2020-05-05,265.999884530622
2020-05-06,264.196747537752
2020-05-07,267.38476809731
2020-05-08,271.808959894249
2020-05-11,271.864727017739
2020-05-12,266.446021518548
2020-05-13,261.733699583574
2020-05-14,264.865953019642
2020-05-15,266.083535215858
2020-05-18,274.18835716319
2020-05-19,271.372117426904
2020-05-20,275.982199635478
2020-05-21,274.076822916209
2020-05-22,274.59731606879
2020-05-26,277.980521560566
2020-05-27,282.116583219468
2020-05-28,281.596090066887
2020-05-29,282.850850345431
2020-06-01,283.994076376992
2020-06-02,286.345590084189
2020-06-03,290.156343522728
2020-06-04,289.39419283502
2020-06-05,296.811220259299
2020-06-08,300.398905203875
2020-06-09,298.15892574366
2020-06-10,296.495206559518
2020-06-11,279.402583209582
2020-06-12,282.748610619031
2020-06-15,285.388254464263
2020-06-16,290.881316128108
2020-06-17,289.673028452474
2020-06-18,289.784562699456
2020-06-19,288.135939675642
2020-06-22,289.984401186003
2020-06-23,291.319401165708
2020-06-24,283.888212467489
2020-06-25,286.931638994649
2020-06-26,280.116604133218
2020-06-29,284.233632042658
2020-06-30,287.874541078217
2020-07-01,289.891044544065
2020-07-02,291.487443121195
2020-07-06,295.987233262579
2020-07-07,292.934471071225
2020-07-08,295.175030477723
2020-07-09,293.49461092285
2020-07-10,296.491359129041
2020-07-13,293.924051475762
2020-07-14,297.733002466808
2020-07-15,300.468352075575
2020-07-16,299.478771671038
2020-07-17,300.346988441056
2020-07-20,302.774261131429
2020-07-21,303.418421960797
2020-07-22,305.145519836639
2020-07-23,301.50461080108
2020-07-24,299.562792648782
2020-07-27,301.747338070117
2020-07-28,299.8335269104
2020-07-29,303.521114266928
2020-07-30,302.438177220454
2020-07-31,304.828107254052
2020-08-03,306.947303026031
2020-08-04,308.132932378637
2020-08-05,310.046743538354
2020-08-06,312.119260989364
2020-08-07,312.343316930014
2020-08-10,313.276883349388
2020-08-11,310.690904367722
2020-08-12,315.022652553618
2020-08-13,314.4531770378
2020-08-14,314.462512701993
2020-08-17,315.461428770724
2020-08-18,316.142932256867
2020-08-19,314.826603605549
2020-08-20,315.806848345892
2020-08-21,316.927128049141
2020-08-24,320.138596531788
2020-08-25,321.258876235037
2020-08-26,324.479680381878
2020-08-27,325.189190860602
2020-08-28,327.289715304194
2020-08-31,326.104085951589
2020-09-01,329.17551947133
2020-09-02,333.936708210138
2020-09-03,322.444505587642
2020-09-04,319.811848285007
2020-09-08,311.073666599665
2020-09-09,317.216533639147
2020-09-10,311.70849176484
2020-09-11,311.867198056133
2020-09-14,315.97489030138
2020-09-15,317.571288878509
2020-09-16,316.310974212354
2020-09-17,313.528946282619
2020-09-18,309.933991120487
2020-09-21,306.484551872571
2020-09-22,309.605919452887
2020-09-23,302.42583667054
2020-09-24,303.231955625216
2020-09-25,308.134283686792
2020-09-28,313.252201701363
2020-09-29,311.546229029839
2020-09-30,313.908345036564
2020-10-01,315.923642423254
2020-10-02,312.924130033762
2020-10-05,318.473227954323
2020-10-06,313.945838941433
2020-10-07,319.410575576039
2020-10-08,322.241365393622
2020-10-09,325.119022592291
2020-10-12,330.349422321468
2020-10-13,328.19352279152
2020-10-14,326.131358023745
2020-10-15,325.728298546407
2020-10-16,325.531455545846
2020-10-19,320.582260103184
2020-10-20,321.866426344935
2020-10-21,321.25715039082
2020-10-22,323.019363919646
2020-10-23,324.116060637054
2020-10-26,318.126409334288
2020-10-27,317.02971261688
2020-10-28,306.193974109839
2020-10-29,309.305968213937
2020-10-30,306.081492395233
2020-11-02,309.512184690715
2020-11-03,314.976921325321
2020-11-04,322.01640196441
2020-11-05,328.296631029909
2020-11-06,328.221643220172
2020-11-09,332.345972755723
2020-11-10,331.858551992431
2020-11-11,334.323776237545
2020-11-12,331.080553466406
2020-11-13,335.664183336599
2020-11-16,339.854127205671
2020-11-17,338.026299343324
2020-11-18,333.958210665075
2020-11-19,335.36423209765
2020-11-20,333.067730424445
2020-11-23,335.064280858701
2020-11-24,340.463403159786
2020-11-25,339.938488491625
2020-11-27,340.885209589559
2020-11-30,339.376079918596
2020-12-01,343.087976500592
2020-12-02,343.809734169314
2020-12-03,343.715999407142
2020-12-04,346.678017891765
2020-12-07,345.965633699261
2020-12-08,346.977969130715
2020-12-09,343.865975026617
2020-12-10,343.753493312011
2020-12-11,343.350433834673
2020-12-14,341.813183735058
2020-12-15,346.434307510119
2020-12-16,346.977969130715
2020-12-17,348.918278707667
2020-12-18,347.531004227527
2020-12-21,346.288410030712
2020-12-22,345.704767301904
2020-12-23,346.015415851108
2020-12-24,347.361559564325
2020-12-28,350.345668355162
2020-12-29,349.677303294754
2020-12-30,350.17622369196
2020-12-31,351.955392655582
2021-01-04,347.163874123923
2021-01-05,349.554926593552
2021-01-06,351.644744106378
2021-01-07,356.869287888443
2021-01-08,358.902623846869
2021-01-11,356.483330600039
2021-01-12,356.55863933924
2021-01-13,357.518825764051
2021-01-14,356.266817974836
2021-01-15,353.668666472404
2021-01-19,356.445676230438
2021-01-20,361.3783986481
2021-01-21,361.707874382104
2021-01-22,360.427625815688
2021-01-25,361.849078268105
2021-01-26,361.284262724098
2021-01-27,352.454313052788
2021-01-28,355.485489805626
2021-01-29,348.368813951138
2021-02-01,354.16758686961
2021-02-02,359.175618026472
2021-02-03,359.458025798476
2021-02-04,363.543524900126
2021-02-05,364.974390944944
2021-02-08,367.610196816977
2021-02-09,367.365443414574
2021-02-10,367.205412343772
2021-02-11,367.798468664979
2021-02-12,369.615291998202
2021-02-16,369.295229856598
2021-02-17,369.379952188199
2021-02-18,367.80788225738
2021-02-19,367.158344381771
2021-02-22,364.334266661736
2021-02-23,364.776705504542
2021-02-24,368.796309459392
2021-02-25,359.909878233681
2021-02-26,358.055400530858
2021-03-01,366.734732723766
2021-03-02,363.873000634131
2021-03-03,359.053241325271
2021-03-04,354.610025712415
2021-03-05,361.133645245696
2021-03-08,359.335649097274
2021-03-09,364.466056955338
2021-03-10,366.734732723766
2021-03-11,370.453101721812
2021-03-12,370.952022119019
2021-03-15,373.164216333046
2021-03-16,372.69353671304
2021-03-17,373.964371687056
2021-03-18,368.523315279789
2021-03-19,367.843454340341
2021-03-22,370.780686401034
2021-03-23,367.8623432925
2021-03-24,365.992337028779
2021-03-25,368.051232814088
2021-03-26,373.982363791949
2021-03-29,373.793474270361
2021-03-30,372.801804282024
2021-03-31,374.312920454728
2021-04-01,378.35515621671
2021-04-05,383.785729962363
2021-04-06,383.559062536457
2021-04-07,384.002952912189
2021-04-08,385.825736795512
2021-04-09,388.630746191093
2021-04-12,388.772413332284
2021-04-13,389.924639413971
2021-04-14,388.592968286776
2021-04-15,392.767426713869
2021-04-16,394.080208888905
2021-04-19,392.144091292629
2021-04-20,389.272970564492
2021-04-21,392.956316235457
2021-04-22,389.367415325286
2021-04-23,393.589096132776
2021-04-26,394.410765551684
2021-04-27,394.325765266969
2021-04-28,394.212431554017
2021-04-29,396.724662191136
2021-04-30,394.117986793223
2021-05-03,394.967989640368
2021-05-04,392.531314811884
2021-05-05,392.654093000916
2021-05-06,395.789659059276
2021-05-07,398.670224263492
2021-05-10,394.722433262304
2021-05-11,391.199643684689
2021-05-12,382.88850473482
2021-05-13,387.487964585486
2021-05-14,393.437984515506
2021-05-17,392.43687005109
2021-05-18,389.055747614666
2021-05-19,388.035744198091
2021-05-20,392.210202625185
2021-05-21,391.889090438485
2021-05-24,395.88410382007
2021-05-25,395.005767544686
2021-05-26,395.789659059276
2021-05-27,395.997437533023
2021-05-28,396.705773238977
2021-06-01,396.35632762404
2021-06-02,396.97966304528
2021-06-03,395.506324776894
2021-06-04,399.123559115303
2021-06-07,398.736335596048
2021-06-08,398.821335880762
2021-06-09,398.22633388776
2021-06-10,400.077451199322
2021-06-11,400.73856452488
2021-06-14,401.635789752422
2021-06-15,400.89912061823
2021-06-16,398.660779787412
2021-06-17,398.528557122301
2021-06-18,393.1696433389
2021-06-21,398.798264956159
2021-06-22,400.93031859906
2021-06-23,400.447053106669
2021-06-24,402.816001598782
2021-06-25,404.246846488018
2021-06-28,405.061764769304
2021-06-29,405.279708030579
2021-06-30,405.620836613443
2021-07-01,407.866599783965
2021-07-02,410.984135999585
2021-07-06,410.235548276078
2021-07-07,411.68534475325
2021-07-08,408.330913688419
2021-07-09,412.689778913906
2021-07-12,414.168002772984
2021-07-13,412.756109471685
2021-07-14,413.372036079634
2021-07-15,411.960142778335
2021-07-16,408.728897035094
2021-07-19,402.692816277192
2021-07-20,408.463574803978
2021-07-21,411.770626898966
2021-07-22,412.632924150095
2021-07-23,416.878079847961
2021-07-26,417.901465596553
2021-07-27,415.996831008895
2021-07-28,415.826266717463
2021-07-29,417.55086121972
2021-07-30,415.523041310472
2021-08-02,414.651268265375
2021-08-03,418.024650918143
2021-08-04,415.968403626989
2021-08-05,418.602674350218
2021-08-06,419.294407309915
2021-08-09,418.953278727051
2021-08-10,419.474447395316
2021-08-11,420.516784731845
2021-08-12,421.777065329649
2021-08-13,422.544604641093
2021-08-16,423.53956300778
2021-08-17,420.763155375025
2021-08-18,416.157919506358
2021-08-19,416.802273496213
2021-08-20,420.11880138517
2021-08-23,423.814361032866
2021-08-24,424.487142404625
2021-08-25,425.37786703766
2021-08-26,422.866781636021
2021-08-27,426.647623429432
2021-08-30,428.523830635185
2021-08-31,427.888952439299
2021-09-01,428.116371494542
2021-09-02,429.433506856156
2021-09-03,429.329273122503
2021-09-07,427.794194499614
2021-09-08,427.27302583135
2021-09-09,425.444197595439
2021-09-10,422.089766530608
2021-09-13,423.170007043011
2021-09-14,420.886340696615
2021-09-15,424.401860258909
2021-09-16,423.729078887149
2021-09-17,419.614800012838
2021-09-20,412.618051195225
2021-09-21,412.228286655113
2021-09-22,416.249515934801
2021-09-23,421.306948504054
2021-09-24,422.000919514497
2021-09-27,420.793600085371
2021-09-28,412.313844724894
2021-09-29,413.007815735337
2021-09-30,407.959889618281
2021-10-01,412.808180239182
2021-10-04,407.484567008389
2021-10-05,411.724444688628
2021-10-06,413.43560608424
2021-10-07,417.010032110629
2021-10-08,416.249515934801
2021-10-11,413.235970588085
2021-10-12,412.218780202915
2021-10-13,413.701786745779
2021-10-14,420.660509754601
2021-10-15,423.864184145274
2021-10-18,425.11903583539
2021-10-19,428.398761843646
2021-10-20,430.081403882665
2021-10-21,431.20316524201
2021-10-22,430.756361988711
2021-10-25,433.066429872788
2021-10-26,433.456194412899
2021-10-27,431.535891068935
2021-10-28,435.69971713159
2021-10-29,436.58381718599
2021-11-01,437.33482690962
2021-11-02,439.103027018419
2021-11-03,441.783846538211
2021-11-04,443.865759569538
2021-11-05,445.405804825589
2021-11-08,445.786062913503
2021-11-09,444.312562822837
2021-11-10,440.738136796448
2021-11-11,440.880733579415
2021-11-12,444.207991848661
2021-11-15,444.360095083826
2021-11-16,446.118788740427
2021-11-17,445.035053189873
2021-11-18,446.54657908933
2021-11-19,445.748037104712
2021-11-22,444.493185414596
2021-11-23,445.082585450862
2021-11-24,446.270891975593
2021-11-26,436.31763652445
2021-11-29,441.669769111837
2021-11-30,433.075936324985
2021-12-01,428.265671512876
2021-12-02,434.825123529389
2021-12-03,431.041555554647
2021-12-06,436.146520384889
2021-12-07,445.168143520643
2021-12-08,446.346943593176
2021-12-09,443.333398246459
2021-12-10,447.506730761313
2021-12-13,443.542540194812
2021-12-14,440.490969039304
2021-12-15,447.373640430543
2021-12-16,443.428462768438
2021-12-17,438.726081929096
2021-12-20,434.06091451084
2021-12-21,441.769412003582
2021-12-22,446.186533710437
2021-12-23,448.962737634185
2021-12-27,455.316523933895
2021-12-28,454.944455366795
2021-12-29,455.526408766618
2021-12-30,454.267099770279
2021-12-31,453.122273409971
2022-01-03,455.74583381901
2022-01-04,455.593190304303
2022-01-05,446.844808867614
2022-01-06,446.425039202168
2022-01-07,444.66009856336
2022-01-10,444.106765822544
2022-01-11,448.1518189623
2022-01-12,449.363426860292
2022-01-13,443.171824294959
2022-01-14,443.353088468675
2022-01-18,435.501487680894
2022-01-19,430.979423557677
2022-01-20,426.20931372306
2022-01-21,417.842541073141
2022-01-24,419.617021931619
2022-01-25,414.49392396924
2022-01-26,413.454040025293
2022-01-27,411.412433016077
2022-01-28,421.630008281827
2022-01-31,429.224023138538
2022-02-01,432.124249917985
2022-02-02,436.321946572449
2022-02-03,426.066210428021
2022-02-04,428.069656558561
2022-02-07,426.695864926191
2022-02-08,430.206665764469
2022-02-09,436.503210746164
2022-02-10,428.661150178053
2022-02-11,420.208515551111
2022-02-14,418.834723918741
2022-02-15,425.58919944456
2022-02-16,426.066210428021
2022-02-17,416.964840863571
2022-02-18,414.264958697178
2022-02-22,409.819216331315
2022-02-23,402.549568943358
2022-02-24,408.607608433322
2022-02-25,417.623116020749
2022-02-28,416.554611417794
2022-03-01,410.210365337753
2022-03-02,417.756679096118
2022-03-03,415.676911208225
2022-03-04,412.299673445316
2022-03-07,400.145433586711
2022-03-08,397.111643731894
2022-03-09,407.75852888276
2022-03-10,405.917266486598
2022-03-11,400.756007645542
2022-03-14,397.827160207087
2022-03-15,406.575541643775
2022-03-16,415.591049231202
2022-03-17,420.790468950934
2022-03-18,425.385047329836
2022-03-21,425.260643352168
2022-03-22,430.236802458879
2022-03-23,424.696040684291
2022-03-24,431.09806076581
2022-03-25,433.203358849418
2022-03-28,436.284749680881
2022-03-29,441.681968404314
2022-03-30,438.954650432367
2022-03-31,432.198557491332
2022-04-01,433.423458194523
2022-04-04,437.136438451068
2022-04-05,431.614815749968
2022-04-06,427.298954678571
2022-04-07,429.452100445897
2022-04-08,428.303756036657
2022-04-11,420.983060427745
2022-04-12,419.423225938526
2022-04-13,424.227133383851
2022-04-14,418.944749101342
2022-04-18,419.117000762729
2022-04-19,425.882663240507
2022-04-20,425.566868527965
2022-04-21,419.203126593422
2022-04-22,407.700543427525
2022-04-25,410.064219003212
2022-04-26,398.188423904312
2022-04-27,399.308059703322
2022-04-28,409.394351431155
2022-04-29,394.264913839405
2022-05-02,396.638158951836
2022-05-03,398.456370933135
2022-05-04,410.590543524114
2022-05-05,395.99699999001
2022-05-06,393.633324414322
2022-05-09,381.030244522903
2022-05-10,381.910641903321
2022-05-11,375.843555607831
2022-05-12,375.45120460134
2022-05-13,384.427430066907
2022-05-16,382.867595577688
2022-05-17,390.743324317733
2022-05-18,374.991866837644
2022-05-19,372.695178019162
2022-05-20,372.857860143804
2022-05-23,379.834052429943
2022-05-24,376.93448279661
2022-05-25,380.264681583409
2022-05-26,387.862893757886
2022-05-27,397.384582817843
2022-05-31,395.154880756567
2022-06-01,391.958655484179
2022-06-02,399.422894144246
2022-06-03,392.867761474828
2022-06-06,394.063953567788
2022-06-07,397.843920581539
2022-06-08,393.518489973398
2022-06-09,384.159483038084
2022-06-10,373.020542268447
2022-06-13,358.857627887808
2022-06-14,357.776270235773
2022-06-15,362.876833320151
2022-06-16,350.867064706839
2022-06-17,351.620063801543
2022-06-21,360.471593861162
2022-06-22,359.818060697151
2022-06-23,363.345217626445
2022-06-24,374.897377378521
2022-06-27,373.465370886791
2022-06-28,365.834410118781
2022-06-29,365.536475882247
2022-06-30,362.566744298726
2022-07-01,366.401446246379
2022-07-05,367.093422537684
2022-07-06,368.33321339294
2022-07-07,373.849802159739
2022-07-08,373.542257141381
2022-07-11,369.275070011662
2022-07-12,366.007404191607
2022-07-13,364.085247826869
2022-07-14,363.20105589909
2022-07-15,370.140040375794
2022-07-18,367.083811755861
2022-07-19,377.002138597909
2022-07-20,379.404834053832
2022-07-21,383.268368346956
2022-07-22,379.71237907219
2022-07-25,380.173696599727
2022-07-26,375.67585070624
2022-07-27,385.430794257286
2022-07-28,390.265017514602
2022-07-29,395.954600354227
2022-08-01,394.782084971737
2022-08-02,392.177563097517
2022-08-03,398.318852682855
2022-08-04,398.049750791792
2022-08-05,397.376996064133
2022-08-08,396.915678536596
2022-08-09,395.339510317511
2022-08-10,403.64322581318
2022-08-11,403.64322581318
2022-08-12,410.476491689824
2022-08-15,412.167989290793
2022-08-16,412.975294963983
2022-08-17,410.044006507757
2022-08-18,411.235743453895
2022-08-19,405.709543905273
2022-08-22,397.261666682249
2022-08-23,396.30058849988
2022-08-24,397.569211700607
2022-08-25,403.181908285642
2022-08-26,389.534598096002
2022-08-29,386.958908567253
2022-08-30,382.710943001182
2022-08-31,379.798876108603
2022-09-01,380.990613054741
2022-09-02,376.973306252438
2022-09-06,375.550910542532
2022-09-07,382.297679382763
2022-09-08,384.796482656922
2022-09-09,390.774388951258
2022-09-12,394.974300608211
2022-09-13,377.799833489276
2022-09-14,379.241450762829
2022-09-15,374.935820505816
2022-09-16,372.087567282391
2022-09-19,374.973089188642
2022-09-20,370.668932766608
2022-09-21,364.20304755862
2022-09-22,361.143815303497
2022-09-23,355.092904817812
2022-09-26,351.580095540636
2022-09-27,350.682592071468
2022-09-28,357.582753151635
2022-09-29,350.113208150167
2022-09-30,344.699235610344
2022-10-03,353.799727776214
2022-10-04,364.762780904983
2022-10-05,363.913530310501
2022-10-06,360.159456659893
2022-10-07,350.113208150167
2022-10-10,347.439998892536
2022-10-11,345.239667806833
2022-10-12,344.100899964232
2022-10-13,353.182090980227
2022-10-14,345.133511482522
2022-10-17,354.002389849898
2022-10-18,358.161787647872
2022-10-19,355.623686439363
2022-10-20,352.641658783739
2022-10-21,361.211369328058
2022-10-24,365.63133264934
2022-10-25,371.469930486404
2022-10-26,368.671263754588
2022-10-27,366.702546467379
2022-10-28,375.426666210695
2022-10-31,372.714854653315
2022-11-01,371.083907488912
2022-11-02,361.771102674421
2022-11-03,358.045980748625
2022-11-04,363.199387765141
2022-11-07,366.673594742568
2022-11-08,368.651962604713
2022-11-09,361.056960129061
2022-11-10,380.898542200142
2022-11-11,384.585061826189
2022-11-14,381.313516922446
2022-11-15,384.565760676315
2022-11-16,381.631985895377
2022-11-17,380.464266327964
2022-11-18,382.19171924174
2022-11-21,380.802036450769
2022-11-22,385.926491742473
2022-11-23,388.358436626672
2022-11-25,388.271581452236
2022-11-28,382.075912342492
2022-11-29,381.419673246756
2022-11-30,393.43463904369
2022-12-01,393.145121795571
2022-12-02,392.691544773518
2022-12-05,385.627323919417
2022-12-06,380.068592755535
2022-12-07,379.422004234736
2022-12-08,382.394381315423
2022-12-09,379.537811133983
2022-12-12,385.00968712343
2022-12-13,387.924160754494
2022-12-14,385.443962995609
2022-12-15,376.01535128187
2022-12-16,371.59673904108
2022-12-19,368.445724346782
2022-12-20,368.94988669787
2022-12-21,374.466586270348
2022-12-22,369.124404434785
2022-12-23,371.24770356725
2022-12-27,369.78369366313
2022-12-28,365.188059924369
2022-12-29,371.761561348166
2022-12-30,370.782322935477
2023-01-03,369.221358733071
2023-01-04,372.071815102682
2023-01-05,367.825216837751
2023-01-06,376.26024078864
2023-01-09,376.046941332411
2023-01-10,378.684098245793
2023-01-11,383.473640581125
2023-01-12,384.869782476445
2023-01-13,386.362878670051
2023-01-17,385.655112292562
2023-01-18,379.566382360196
2023-01-19,376.803184859043
2023-01-20,383.822676054955
2023-01-23,388.428005223544
2023-01-24,388.011101740914
2023-01-25,388.156533188343
2023-01-26,392.422522312931
2023-01-27,393.324197286991
2023-01-30,388.38922350423
2023-01-31,394.09983167328
2023-02-01,398.288257359239
2023-02-02,404.086124396747
2023-02-03,399.791048982673
2023-02-06,397.347800665864
2023-02-07,402.544551053998
2023-02-08,398.14282591181
2023-02-09,394.691252892825
2023-02-10,395.612318726543
2023-02-13,400.256429614447
2023-02-14,400.072216447703
2023-02-15,401.371404044737
2023-02-16,395.84500904243
2023-02-17,394.856075199912
2023-02-21,386.934909029938
2023-02-22,386.401660389365
2023-02-23,388.45709151303
2023-02-24,384.307447546386
2023-02-27,385.616330573248
2023-02-28,384.191102388442
2023-03-01,382.717397054494
2023-03-02,385.693894011877
2023-03-03,391.879578242529
2023-03-06,392.15105027773
2023-03-07,386.139883783993
2023-03-08,386.770086722852
2023-03-09,379.634250368996
2023-03-10,374.156332515832
2023-03-13,373.623083875259
2023-03-14,379.799072676083
2023-03-15,377.423692368073
2023-03-16,384.045670941013
2023-03-17,379.572397404862
2023-03-20,383.222225580631
2023-03-21,388.254122025625
2023-03-22,381.635766933563
2023-03-23,382.667451697914
2023-03-24,385.178533482843
2023-03-27,385.898766242862
2023-03-28,385.032540355812
2023-03-29,390.628943558659
2023-03-30,392.916169215474
2023-03-31,398.454175167508
2023-04-03,399.972503688628
2023-04-04,397.75340815776
2023-04-05,396.711990518274
2023-04-06,398.2595176648
2023-04-10,398.668298420486
2023-04-11,398.775360046975
2023-04-12,397.149969899366
2023-04-13,402.425188222745
2023-04-14,401.442167834071
2023-04-17,402.882633354108
2023-04-18,403.145420982763
2023-04-19,403.077290856815
2023-04-20,400.877661076218
2023-04-21,401.189113080551
2023-04-24,401.607626711372
2023-04-25,395.232593497695
2023-04-26,393.558538974409
2023-04-27,401.393503458394
2023-04-28,404.819475506049
2023-05-01,404.410694750363
2023-05-02,399.865442062138
2023-05-03,397.12077127396
2023-05-04,394.307970359834
2023-05-05,401.607626711372
2023-05-08,401.714688337862
2023-05-09,399.953037938357
2023-05-10,401.821749964351
2023-05-11,401.120982954603
2023-05-12,400.595407697292
2023-05-15,401.977475966517
2023-05-16,399.291202429151
2023-05-17,404.138174246572
2023-05-18,408.031324300726
2023-05-19,407.437618917468
2023-05-22,407.603077794769
2023-05-23,403.028626481138
2023-05-24,400.108763940523
2023-05-25,403.57366748872
2023-05-26,408.800221436421
2023-05-30,408.955947438588
2023-05-31,406.688187532043
2023-06-01,410.552138960791
2023-06-02,416.489192793375
2023-06-05,415.691097032274
2023-06-06,416.596254419864
2023-06-07,415.155788899828
2023-06-08,417.666870684757
2023-06-09,418.416302070181
2023-06-12,422.212123372981
2023-06-13,424.995725661701
2023-06-14,425.501835168741
2023-06-15,430.77705349212
2023-06-16,429.315532843302
2023-06-20,427.088164220714
2023-06-21,424.899872240627
2023-06-22,426.433630458813
2023-06-23,423.209807452435
2023-06-26,421.480666021741
2023-06-27,426.10147899755
2023-06-28,426.316400531308
2023-06-29,427.996696158875
2023-06-30,433.047352202201
2023-07-03,433.545579394096
2023-07-05,432.90081479282
2023-07-06,429.51091605581
2023-07-07,428.426539226392
2023-07-10,429.51091605581
2023-07-11,432.246281030919
2023-07-12,435.724102213557
2023-07-13,439.182385074944
2023-07-14,438.908848577434
2023-07-17,440.432837634994
2023-07-18,443.705506444499
2023-07-19,444.692191667663
2023-07-20,441.741905158796
2023-07-21,441.741905158796
2023-07-24,443.715275605124
2023-07-25,444.926651522673
2023-07-26,444.99503564705
2023-07-27,442.044749138183
2023-07-28,446.37248729523
2023-07-31,447.222404269639
2023-08-01,445.942644227713
2023-08-02,439.739227230592
2023-08-03,438.479005509916
2023-08-04,436.495865902963
2023-08-07,440.305838546864
2023-08-08,438.391083064288
2023-08-09,435.460334876672
2023-08-10,435.616641446678
2023-08-11,435.362643270418
2023-08-14,437.765856784263
2023-08-15,432.666354937811
2023-08-16,429.491377734559
2023-08-17,426.218708925055
2023-08-18,426.423861298188
2023-08-21,429.198302915798
2023-08-22,428.035772801377
2023-08-23,432.803123186566
2023-08-24,426.804858562578
2023-08-25,429.813760035197
2023-08-28,432.539355849681
2023-08-29,438.791618649929
2023-08-30,440.598913365626
2023-08-31,439.95414876435
2023-09-01,440.774758256883
2023-09-05,438.869771934932
2023-09-06,435.919485426065
2023-09-07,434.581110420387
2023-09-08,435.235644182288
2023-09-11,438.098008245526
2023-09-12,435.694794731681
2023-09-13,436.202791084201
2023-09-14,439.963917924976
2023-09-15,434.681897873643
2023-09-18,434.936803017083
2023-09-19,434.034830971063
2023-09-20,430.044585071824
2023-09-21,422.93665318743
2023-09-22,421.985660921518
2023-09-25,423.760192881622
2023-09-26,417.53462495529
2023-09-27,417.701293702924
2023-09-28,420.122892565607
2023-09-29,419.103271991846
2023-10-02,418.936603244212
2023-10-03,413.328690088524
2023-10-04,416.338531589916
2023-10-05,416.181666886261
2023-10-06,421.122905051412
2023-10-09,423.819017145493
2023-10-10,426.024927040649
2023-10-11,427.770046868818
2023-10-12,425.162171170544
2023-10-13,423.044497671193
2023-10-16,427.495533637421
2023-10-17,427.475925549464
2023-10-18,421.77977599797
2023-10-19,418.073847374106
2023-10-20,412.936528329385
2023-10-23,412.220833118957
2023-10-24,415.328715060133
2023-10-25,409.367856321221
2023-10-26,404.465834331983
2023-10-27,402.632478108008
2023-10-30,407.446263701439
2023-10-31,410.005119179821
2023-11-01,414.377722794221
2023-11-02,422.318998416786
2023-11-03,426.171987700327
2023-11-06,427.152392098174
2023-11-07,428.368093551505
2023-11-08,428.681822958816
2023-11-09,425.338643962156
2023-11-10,431.975981735584
2023-11-13,431.564211888488
2023-11-14,439.936865446105
2023-11-15,440.86824962406
2023-11-16,441.407472042877
2023-11-17,441.956498505671
2023-11-20,445.358501766202
2023-11-21,444.387901412333
2023-11-22,446.103609108566
2023-11-24,446.378122339963
2023-11-27,445.574190733728
2023-11-28,446.01537271276
2023-11-29,445.701643305449
2023-11-30,447.456567177596
2023-12-01,450.103659051784
2023-12-04,447.740884452971
2023-12-05,447.652648057165
2023-12-06,445.848703965126
2023-12-07,449.250707225657
2023-12-08,451.182103889416
2023-12-11,452.937027761563
2023-12-12,455.005681041021
2023-12-13,461.280269187245
2023-12-14,462.760679827995
2023-12-15,462.001918393582
2023-12-18,464.600697641785
2023-12-19,467.425885688127
2023-12-20,460.948625289197
2023-12-21,465.319299479356
2023-12-22,466.254466254278
2023-12-26,468.223238412007
2023-12-27,469.069810439831
2023-12-28,469.246999934026
2023-12-29,467.888547145193
2024-01-02,465.270080175413
2024-01-03,461.470349910995
2024-01-04,459.983926931909
2024-01-05,460.613934022383
2024-01-08,467.189633029199
2024-01-09,466.480875052416
2024-01-10,469.119029743774
2024-01-11,468.912308667212
2024-01-12,469.237156073238
2024-01-16,467.514480435224
2024-01-17,464.915701187022
2024-01-18,469.050122718253
2024-01-19,474.89737602671
2024-01-22,475.901449827152
2024-01-23,477.289434198351
2024-01-24,477.81115882015
2024-01-25,480.409938068352
2024-01-26,479.799618699456
2024-01-29,483.599348963874
2024-01-30,483.225282253906
2024-01-31,475.340349762199
2024-02-01,481.561669780624
2024-02-02,486.631258086778
2024-02-05,484.859363144821
2024-02-06,486.267035237598
2024-02-07,490.32270588252
2024-02-08,490.53927081987
2024-02-09,493.374302727001
2024-02-12,493.157737789651
2024-02-13,486.365473845484
2024-02-14,490.785367339587
2024-02-15,494.171655450881
2024-02-16,491.710690253719
2024-02-20,489.003628536841
2024-02-21,489.446602272331
2024-02-22,499.575935023849
2024-02-23,499.920470151451
2024-02-26,498.089512044763
2024-02-27,499.014834958896
2024-02-28,498.355296286056
2024-02-29,500.14687894959
2024-03-01,504.842400545775
2024-03-04,504.300988202399
2024-03-05,499.260931478612
2024-03-06,501.790803701294
2024-03-07,506.77179726035
2024-03-08,503.730044276658
2024-03-11,503.296914401957
2024-03-12,508.711037835713
2024-03-13,507.913685111833
2024-03-14,506.909611311391
2024-03-15,503.43958836707
2024-03-18,506.431609144098
2024-03-19,509.245886112589
2024-03-20,513.956097038802
2024-03-21,515.654537875927
2024-03-22,514.676946928977
2024-03-25,513.254996460686
2024-03-26,512.307029481826
2024-03-27,516.612379510817
2024-03-28,516.513632950519
2024-04-01,515.615039251808
2024-04-02,512.336653449916
2024-04-03,512.899508843614
2024-04-04,506.638976920723
2024-04-05,511.931792552694
2024-04-08,512.218157577558
2024-04-09,512.810636939346
2024-04-10,507.675815803852
2024-04-11,511.507182343413
2024-04-12,504.446803282109
2024-04-15,498.12702342304
2024-04-16,497.218555068298
2024-04-17,494.275907571419
2024-04-18,493.25881800035
2024-04-19,488.953467971359
2024-04-22,493.456311120946
2024-04-23,499.311982146615
2024-04-24,499.0749904019
2024-04-25,497.179056444179
2024-04-26,501.889267370392
2024-04-29,503.666705455755
2024-04-30,495.68798338368
2024-05-01,494.078414450823
2024-05-02,498.699753472768
2024-05-03,504.88128814742
2024-05-06,510.095106531152
2024-05-07,510.65796192485
2024-05-08,510.707335204999
2024-05-09,513.649982701878
2024-05-10,514.311584655875
2024-05-13,514.380707248083
2024-05-14,516.740750039204
2024-05-15,523.139527146512
2024-05-16,522.063189639264
2024-05-17,522.813663497529
2024-05-20,523.416017515346
2024-05-21,524.69972279922
2024-05-22,523.188900426661
2024-05-23,519.36740854313
2024-05-24,522.803788841499
2024-05-28,523.169151114601
2024-05-29,519.505653727547
2024-05-30,516.059398773148
2024-05-31,520.759735043331
2024-06-03,521.184345252612
2024-06-04,521.76694995837
2024-06-05,527.968233945082
2024-06-06,527.958359289052
2024-06-07,527.316506647115
2024-06-10,528.945824892032
2024-06-11,530.219655519875
2024-06-12,534.574378829015
2024-06-13,535.650716336263
2024-06-14,535.976579985246
2024-06-17,540.242431390118
2024-06-18,541.615008578259
2024-06-20,540.14368482982
2024-06-21,539.421871173216
2024-06-24,537.668410792366
2024-06-25,539.738880959585
2024-06-26,540.412526755617
2024-06-27,541.264490556482
2024-06-28,539.13458105432
2024-07-01,540.244115306609
2024-07-02,543.879821294021
2024-07-03,546.306927470904
2024-07-05,549.457212222939
2024-07-08,550.091231795676
2024-07-09,550.626185810173
2024-07-10,556.074791513378
2024-07-11,551.280018494557
2024-07-12,554.757219588785
2024-07-15,556.282829185683
2024-07-16,559.581712275078
2024-07-17,551.735720062462
2024-07-18,547.495714169785
2024-07-19,543.860008182373
2024-07-22,549.467118778763
2024-07-23,548.605248422074
2024-07-24,536.172520862941
2024-07-25,533.37887212057
2024-07-26,539.352525282448
2024-07-29,539.669535068816
2024-07-30,536.935325661389
2024-07-31,545.663001342343
2024-08-01,537.935887799615
2024-08-02,527.92035986154
2024-08-05,512.545385222675
2024-08-06,517.270812350728
2024-08-07,513.813424368148
2024-08-08,525.691384801137
2024-08-09,528.009518863956
2024-08-12,528.286902427028
2024-08-13,536.974951884686
2024-08-14,538.668972930591
2024-08-15,547.90188295857
2024-08-16,549.130295880747
2024-08-19,554.380770467473
2024-08-20,553.479273887488
2024-08-21,555.381332605698
2024-08-22,551.022448043133
2024-08-23,556.877222535123
2024-08-26,555.549744054706
2024-08-27,556.312548853155
2024-08-28,553.083011654527
2024-08-29,553.132544433647
2024-08-30,558.412738687845
2024-09-03,546.921133931992
2024-09-04,545.801693123879
2024-09-05,544.474214643462
2024-09-06,535.310650506252
2024-09-09,541.304116779778
2024-09-10,543.661877065893
2024-09-11,549.239267994811
2024-09-12,553.865629564624
2024-09-13,556.758343865235
2024-09-16,557.580587998628
2024-09-17,557.80843878258
2024-09-18,556.154043959971
2024-09-19,565.644524439373
2024-09-20,564.669254728822
2024-09-23,566.080306803992
2024-09-24,567.700035594503
2024-09-25,566.447975302451
2024-09-26,568.693734238988
2024-09-27,567.868964364065
2024-09-30,570.144534259937
2024-10-01,565.036923227282
2024-10-02,565.275410901958
2024-10-03,564.241964311694
2024-10-04,569.369449317238
2024-10-07,564.222090338804
2024-10-08,569.55825205969
2024-10-09,573.503235678297
2024-10-10,572.499600047367
2024-10-11,575.927860370842
2024-10-14,580.637991945703
2024-10-15,576.126600099739
2024-10-16,578.630720683842
2024-10-17,578.680405616066
2024-10-18,580.906290579714
2024-10-21,579.952339881008
2024-10-22,579.644293301217
2024-10-23,574.34787952611
2024-10-24,575.590002831717
2024-10-25,575.39126310282
2024-10-28,577.169983676449
2024-10-29,578.104060402265
2024-10-30,576.355150787971
2024-10-31,565.056797200172
2024-11-01,567.441673946936
2024-11-04,566.21942461422
2024-11-05,573.066008274724
2024-11-06,587.315646836644
2024-11-07,591.856849641943
2024-11-08,594.420592144715
2024-11-11,594.987000372072
2024-11-12,593.138720893329
2024-11-13,593.42689350023
2024-11-14,589.611090705406
2024-11-15,582.058981007317
2024-11-18,584.443857754081
2024-11-19,586.580309839725
2024-11-20,586.779049568622
2024-11-21,589.929074271641
2024-11-22,591.757479777494
2024-11-25,593.764751039354
2024-11-26,596.865090810149
2024-11-27,595.056559277186
2024-11-29,598.753118234671
2024-12-02,599.826312770715
2024-12-03,600.104548391171
2024-12-04,603.830918307992
2024-12-05,602.837219663506
2024-12-06,603.979973104664
2024-12-09,600.869696347425
2024-12-10,599.001542895792
2024-12-11,603.632178579094
2024-12-12,600.521901821855
2024-12-13,600.402657984517
2024-12-16,602.966400487289
2024-12-17,600.482153876076
2024-12-18,582.585641288894
2024-12-19,582.406775532887
2024-12-20,589.378116070809
2024-12-23,592.907505448954
2024-12-24,599.497692960124
2024-12-26,599.537573066092
2024-12-27,593.226546296696
2024-12-30,586.456898308671
2024-12-31,584.323312639397
2025-01-02,582.887628824558
2025-01-03,590.175718190164
2025-01-06,593.575497223914
2025-01-07,586.865669394841
2025-01-08,587.723091673147
2025-01-10,578.750067830405
2025-01-13,579.647370214679
2025-01-14,580.444972334034
2025-01-15,591.003230388994
2025-01-16,589.866647368914
2025-01-17,595.788843105124
2025-01-21,601.242447596213
2025-01-22,604.622286576979
2025-01-23,607.92236534581
2025-01-24,606.147700630245
2025-01-27,597.57347784718
2025-01-28,602.708041490527
2025-01-29,600.006164311213
2025-01-30,603.226482868108
2025-01-31,600.016134337705
2025-02-03,595.978273608471
2025-02-04,599.976254231737
2025-02-05,602.408940695769
2025-02-06,604.502646259076
2025-02-07,598.969281556051
2025-02-10,603.037052364761
2025-02-11,603.49567358339
2025-02-12,601.551518417463
2025-02-13,607.902425292826
2025-02-14,607.87251521335
2025-02-18,609.657149955407
2025-02-19,611.092833770246
2025-02-20,608.550477014802
2025-02-21,598.141769357221
2025-02-24,595.419952124922
2025-02-25,592.458854256817
2025-02-26,592.757955051575
2025-02-27,583.296399910728
2025-02-28,592.399034097865
2025-03-03,582.02023651976
2025-03-04,575.130948213832
2025-03-05,581.312364638832
2025-03-06,570.993387219678
2025-03-07,574.19376572359
2025-03-10,558.89974508496
2025-03-11,554.253712739717
2025-03-12,557.194870554839
2025-03-13,549.767200818346
2025-03-14,561.123060992662
2025-03-17,565.450052490162
2025-03-18,559.338426250605
2025-03-19,565.430112437178
2025-03-20,563.795028092501
2025-03-21,563.98
2025-03-24,574.08
2025-03-25,575.46
2025-03-26,568.59
2025-03-27,567.08
2025-03-28,555.66
2025-03-31,559.39
2025-04-01,560.97
2025-04-02,564.52
2025-04-03,536.7
2025-04-04,505.28
2025-04-07,504.38
2025-04-08,496.48
2025-04-09,548.62
2025-04-10,524.58
2025-04-11,533.94
2025-04-14,539.12
2025-04-15,537.61
2025-04-16,525.66
2025-04-17,526.41
2025-04-21,513.88
2025-04-22,527.25
2025-04-23,535.42
2025-04-24,546.69
2025-04-25,550.64
2025-04-28,550.85
2025-04-29,554.32
2025-04-30,554.54
2025-05-01,558.47
2025-05-02,566.76
2025-05-05,563.51
2025-05-06,558.8
2025-05-07,561.15
2025-05-08,565.06
2025-05-09,564.34
2025-05-12,582.99
2025-05-13,586.84
2025-05-14,587.59
2025-05-15,590.46
2025-05-16,594.2
2025-05-19,594.85
2025-05-20,592.85
2025-05-21,582.86
2025-05-22,583.09
2025-05-23,579.11
2025-05-27,591.15
2025-05-28,587.73
2025-05-29,590.05
2025-05-30,589.39
2025-06-02,592.71
2025-06-03,596.09
